Customer ID,Age,Gender,Location,Purchase Amount (USD),Previous Purchases,Item Purchased,Category,Size,Color,Season,Review Rating,Subscription Status,Shipping Type,Payment Method,Frequency of Purchases,Discount Applied,Promo Code Used,Loyalty_Score_Final,Loyalty_Tier_Corrected,Buyer_Type
1,55,Male,Kentucky,53,14,Blouse,Clothing,L,Gray,Winter,3.1,Yes,Express,Venmo,Fortnightly,Yes,Yes,52.4591836734694,Medium Loyalty,Mixed Behavior
2,19,Male,Maine,64,2,Sweater,Clothing,L,Maroon,Winter,3.1,Yes,Express,Cash,Fortnightly,Yes,Yes,50.612244897959194,Medium Loyalty,Mixed Behavior
3,50,Male,Massachusetts,73,23,Jeans,Clothing,S,Maroon,Spring,3.1,Yes,Free Shipping,Credit Card,Weekly,Yes,Yes,69.96938775510205,High Loyalty,Valuable but Promo-Driven
4,21,Male,Rhode Island,90,49,Sandals,Footwear,M,Maroon,Spring,3.5,Yes,Next Day Air,PayPal,Weekly,Yes,Yes,94.38775510204081,High Loyalty,Valuable but Promo-Driven
5,45,Male,Oregon,49,31,Blouse,Clothing,M,Turquoise,Spring,2.7,Yes,Free Shipping,PayPal,Annually,Yes,Yes,55.86734693877551,High Loyalty,Valuable but Promo-Driven
6,46,Male,Wyoming,20,14,Sneakers,Footwear,M,White,Summer,2.9,Yes,Standard,Venmo,Weekly,Yes,Yes,37.95918367346939,Medium Loyalty,Mixed Behavior
7,63,Male,Montana,85,49,Shirt,Clothing,M,Gray,Fall,3.2,Yes,Free Shipping,Cash,Quarterly,Yes,Yes,81.8877551020408,High Loyalty,Valuable but Promo-Driven
8,27,Male,Louisiana,34,19,Shorts,Clothing,L,Charcoal,Winter,3.2,Yes,Free Shipping,Credit Card,Weekly,Yes,Yes,48.0204081632653,Medium Loyalty,Mixed Behavior
9,26,Male,West Virginia,97,8,Coat,Outerwear,L,Silver,Summer,2.6,Yes,Express,Venmo,Annually,Yes,Yes,65.78571428571429,High Loyalty,Valuable but Promo-Driven
10,57,Male,Missouri,31,4,Handbag,Accessories,M,Pink,Spring,4.8,Yes,2-Day Shipping,Cash,Quarterly,Yes,Yes,27.336734693877553,Low Loyalty,Discount-Only (Only Buy on Sale)
11,53,Male,Arkansas,34,26,Shoes,Footwear,L,Purple,Fall,4.1,Yes,Store Pickup,Bank Transfer,Bi-Weekly,Yes,Yes,42.30612244897959,Medium Loyalty,Mixed Behavior
12,30,Male,Hawaii,68,10,Shorts,Clothing,S,Olive,Winter,4.9,Yes,Store Pickup,Bank Transfer,Fortnightly,Yes,Yes,57.51020408163265,High Loyalty,Valuable but Promo-Driven
13,61,Male,Delaware,72,37,Coat,Outerwear,M,Gold,Winter,4.5,Yes,Express,Venmo,Fortnightly,Yes,Yes,76.04081632653062,High Loyalty,Valuable but Promo-Driven
14,65,Male,New Hampshire,51,31,Dress,Clothing,M,Violet,Spring,4.7,Yes,Express,PayPal,Weekly,Yes,Yes,63.867346938775505,High Loyalty,Valuable but Promo-Driven
15,64,Male,New York,53,34,Coat,Outerwear,L,Teal,Winter,4.7,Yes,Free Shipping,Debit Card,Weekly,Yes,Yes,66.70408163265306,High Loyalty,Valuable but Promo-Driven
16,64,Male,Rhode Island,81,8,Skirt,Clothing,M,Teal,Winter,2.8,Yes,Store Pickup,PayPal,Monthly,Yes,Yes,60.785714285714285,High Loyalty,Valuable but Promo-Driven
17,25,Male,Alabama,36,44,Sunglasses,Accessories,S,Gray,Spring,4.1,Yes,Next Day Air,Debit Card,Bi-Weekly,Yes,Yes,54.326530612244895,High Loyalty,Valuable but Promo-Driven
18,53,Male,Mississippi,38,36,Dress,Clothing,XL,Lavender,Winter,4.7,Yes,2-Day Shipping,Venmo,Quarterly,Yes,Yes,50.42857142857142,Medium Loyalty,Mixed Behavior
19,52,Male,Montana,48,17,Sweater,Clothing,S,Black,Summer,4.6,Yes,Free Shipping,Cash,Weekly,Yes,Yes,53.79591836734694,High Loyalty,Valuable but Promo-Driven
20,66,Male,Rhode Island,90,46,Pants,Clothing,M,Green,Summer,3.3,Yes,Standard,Debit Card,Bi-Weekly,Yes,Yes,82.55102040816327,High Loyalty,Valuable but Promo-Driven
21,21,Male,Louisiana,51,50,Pants,Clothing,M,Black,Winter,2.8,Yes,Express,Cash,Every 3 Months,Yes,Yes,65.5,High Loyalty,Valuable but Promo-Driven
22,31,Male,North Carolina,62,22,Pants,Clothing,M,Charcoal,Winter,4.1,Yes,Store Pickup,Debit Card,Quarterly,Yes,Yes,53.85714285714285,High Loyalty,Valuable but Promo-Driven
23,56,Male,California,37,32,Pants,Clothing,M,Peach,Summer,3.2,Yes,Store Pickup,Debit Card,Annually,Yes,Yes,50.47959183673469,Medium Loyalty,Mixed Behavior
24,31,Male,Oklahoma,88,40,Pants,Clothing,XL,White,Winter,4.4,Yes,Express,Credit Card,Weekly,Yes,Yes,87.87755102040816,High Loyalty,Valuable but Promo-Driven
25,18,Male,Florida,22,16,Jacket,Outerwear,M,Green,Fall,2.9,Yes,Store Pickup,Debit Card,Weekly,Yes,Yes,40.183673469387756,Medium Loyalty,Mixed Behavior
26,18,Male,Texas,25,14,Hoodie,Clothing,M,Silver,Summer,3.6,Yes,Express,PayPal,Annually,Yes,Yes,33.45918367346938,Low Loyalty,Discount-Only (Only Buy on Sale)
27,38,Male,Nevada,20,13,Jewelry,Accessories,M,Red,Spring,3.6,Yes,Next Day Air,Credit Card,Annually,Yes,Yes,30.346938775510203,Low Loyalty,Discount-Only (Only Buy on Sale)
28,56,Male,Kentucky,56,7,Shorts,Clothing,L,Cyan,Summer,5.0,Yes,Next Day Air,Bank Transfer,Every 3 Months,Yes,Yes,41.673469387755105,Medium Loyalty,Mixed Behavior
29,54,Male,North Carolina,94,41,Handbag,Accessories,M,Gray,Fall,4.4,Yes,Free Shipping,PayPal,Every 3 Months,Yes,Yes,81.48979591836736,High Loyalty,Valuable but Promo-Driven
30,31,Male,Wyoming,48,14,Dress,Clothing,S,Black,Fall,4.1,Yes,Store Pickup,Credit Card,Weekly,Yes,Yes,51.95918367346939,Medium Loyalty,Mixed Behavior
31,57,Male,North Carolina,31,16,Jewelry,Accessories,L,Black,Winter,4.7,Yes,Standard,Credit Card,Monthly,Yes,Yes,40.683673469387756,Medium Loyalty,Mixed Behavior
32,33,Male,West Virginia,79,45,Dress,Clothing,L,Brown,Winter,4.7,Yes,Store Pickup,Venmo,Monthly,Yes,Yes,82.43877551020408,High Loyalty,Valuable but Promo-Driven
33,36,Male,Kansas,67,37,Jacket,Outerwear,M,Silver,Summer,4.9,Yes,Free Shipping,Venmo,Annually,Yes,Yes,68.54081632653062,High Loyalty,Valuable but Promo-Driven
34,54,Male,Colorado,38,45,Pants,Clothing,L,Green,Summer,3.3,Yes,Store Pickup,Cash,Quarterly,Yes,Yes,55.938775510204074,High Loyalty,Valuable but Promo-Driven
35,36,Male,North Dakota,91,38,T-shirt,Clothing,L,Violet,Spring,4.6,Yes,2-Day Shipping,PayPal,Quarterly,Yes,Yes,78.15306122448979,High Loyalty,Valuable but Promo-Driven
36,54,Male,Massachusetts,33,48,Blouse,Clothing,M,Cyan,Summer,4.0,Yes,2-Day Shipping,Credit Card,Bi-Weekly,Yes,Yes,55.275510204081634,High Loyalty,Valuable but Promo-Driven
37,35,Male,Illinois,69,44,T-shirt,Clothing,M,Maroon,Winter,4.6,Yes,Free Shipping,PayPal,Fortnightly,Yes,Yes,78.8265306122449,High Loyalty,Valuable but Promo-Driven
38,35,Male,Indiana,45,10,Jeans,Clothing,S,Cyan,Summer,2.8,Yes,Store Pickup,PayPal,Weekly,Yes,Yes,48.01020408163266,Medium Loyalty,Mixed Behavior
39,29,Male,Florida,37,44,Dress,Clothing,M,Red,Winter,3.750064716541548,Yes,2-Day Shipping,Venmo,Every 3 Months,Yes,Yes,54.826530612244895,High Loyalty,Valuable but Promo-Driven
40,70,Male,Arizona,60,18,Pants,Clothing,S,Turquoise,Summer,4.2,Yes,Express,Credit Card,Monthly,Yes,Yes,56.40816326530613,High Loyalty,Valuable but Promo-Driven
41,69,Male,Louisiana,76,31,Handbag,Accessories,L,Beige,Winter,4.6,Yes,Next Day Air,Debit Card,Quarterly,Yes,Yes,66.36734693877551,High Loyalty,Valuable but Promo-Driven
42,67,Male,Alaska,39,40,Scarf,Accessories,M,Orange,Spring,4.5,Yes,Standard,Venmo,Annually,Yes,Yes,56.377551020408156,High Loyalty,Valuable but Promo-Driven
43,20,Male,Tennessee,100,15,Coat,Outerwear,M,Beige,Spring,4.1,Yes,Free Shipping,PayPal,Annually,Yes,Yes,71.57142857142857,High Loyalty,Valuable but Promo-Driven
44,25,Male,Ohio,69,19,Scarf,Accessories,L,Lavender,Fall,3.7,Yes,Store Pickup,PayPal,Fortnightly,Yes,Yes,63.520408163265316,High Loyalty,Valuable but Promo-Driven
45,39,Male,Kentucky,53,45,Hat,Accessories,S,Silver,Summer,4.6,Yes,Free Shipping,PayPal,Weekly,Yes,Yes,73.43877551020408,High Loyalty,Valuable but Promo-Driven
46,50,Male,Tennessee,21,25,Socks,Clothing,XL,Indigo,Fall,2.9,Yes,2-Day Shipping,PayPal,Annually,Yes,Yes,38.19387755102041,Medium Loyalty,Mixed Behavior
47,57,Male,California,43,45,Shirt,Clothing,L,White,Summer,2.9,Yes,Store Pickup,Cash,Quarterly,Yes,Yes,58.438775510204074,High Loyalty,Valuable but Promo-Driven
48,55,Male,Montana,54,36,Jewelry,Accessories,M,Charcoal,Winter,4.5,Yes,Free Shipping,Cash,Weekly,Yes,Yes,68.42857142857143,High Loyalty,Valuable but Promo-Driven
49,42,Male,Nevada,55,38,Shirt,Clothing,M,Orange,Summer,2.7,Yes,Store Pickup,Cash,Monthly,Yes,Yes,66.1530612244898,High Loyalty,Valuable but Promo-Driven
50,68,Male,New Jersey,30,34,Hoodie,Clothing,S,Indigo,Spring,4.6,Yes,Next Day Air,Debit Card,Bi-Weekly,Yes,Yes,45.20408163265306,Medium Loyalty,Mixed Behavior
51,49,Male,Maryland,28,39,Blouse,Clothing,M,Red,Spring,3.750064716541548,Yes,Store Pickup,Debit Card,Bi-Weekly,Yes,Yes,47.26530612244898,Medium Loyalty,Mixed Behavior
52,59,Male,Vermont,59,7,Skirt,Clothing,XL,Gray,Winter,4.7,Yes,2-Day Shipping,Credit Card,Quarterly,Yes,Yes,43.173469387755105,Medium Loyalty,Mixed Behavior
53,42,Male,Alaska,20,26,T-shirt,Clothing,M,Green,Summer,2.6,Yes,Free Shipping,Credit Card,Weekly,Yes,Yes,45.30612244897959,Medium Loyalty,Mixed Behavior
54,29,Male,Mississippi,24,35,Skirt,Clothing,S,Peach,Winter,3.9,Yes,Next Day Air,Credit Card,Weekly,Yes,Yes,52.816326530612244,Medium Loyalty,Mixed Behavior
55,47,Male,New Mexico,94,35,Coat,Outerwear,M,Brown,Summer,4.2,Yes,Next Day Air,Debit Card,Bi-Weekly,Yes,Yes,77.81632653061226,High Loyalty,Valuable but Promo-Driven
56,40,Male,South Carolina,28,49,Jacket,Outerwear,M,Lavender,Winter,3.0,Yes,2-Day Shipping,Credit Card,Annually,Yes,Yes,56.38775510204081,High Loyalty,Valuable but Promo-Driven
57,41,Male,Mississippi,73,46,Backpack,Accessories,XL,Brown,Summer,4.7,Yes,Store Pickup,Credit Card,Weekly,Yes,Yes,84.05102040816327,High Loyalty,Valuable but Promo-Driven
58,21,Male,West Virginia,64,17,Coat,Outerwear,M,White,Summer,4.4,Yes,Store Pickup,Debit Card,Fortnightly,Yes,Yes,59.79591836734694,High Loyalty,Valuable but Promo-Driven
59,69,Male,Missouri,54,29,Hoodie,Clothing,M,Charcoal,Summer,4.2,Yes,Free Shipping,Venmo,Monthly,Yes,Yes,60.14285714285714,High Loyalty,Valuable but Promo-Driven
60,63,Male,Louisiana,79,4,Belt,Accessories,L,Yellow,Spring,4.6,Yes,Standard,Debit Card,Weekly,Yes,Yes,61.33673469387756,High Loyalty,Valuable but Promo-Driven
61,50,Male,Idaho,37,17,Sweater,Clothing,L,Brown,Summer,4.0,Yes,Express,Cash,Weekly,Yes,Yes,48.29591836734694,Medium Loyalty,Mixed Behavior
62,55,Male,Texas,68,21,Scarf,Accessories,M,Orange,Winter,4.7,Yes,Store Pickup,Credit Card,Every 3 Months,Yes,Yes,56.24489795918368,High Loyalty,Valuable but Promo-Driven
63,30,Male,Mississippi,21,31,Sneakers,Footwear,S,Magenta,Spring,3.8,Yes,Free Shipping,Credit Card,Fortnightly,Yes,Yes,46.867346938775505,Medium Loyalty,Mixed Behavior
64,33,Male,Arizona,79,43,Sunglasses,Accessories,L,Lavender,Winter,2.7,Yes,2-Day Shipping,Credit Card,Weekly,Yes,Yes,85.21428571428572,High Loyalty,Valuable but Promo-Driven
65,65,Male,Alabama,83,18,Boots,Footwear,S,Green,Fall,4.8,Yes,Standard,Debit Card,Fortnightly,Yes,Yes,69.90816326530613,High Loyalty,Valuable but Promo-Driven
66,65,Male,New Jersey,36,44,Backpack,Accessories,M,Purple,Spring,4.8,Yes,2-Day Shipping,Venmo,Every 3 Months,Yes,Yes,54.326530612244895,High Loyalty,Valuable but Promo-Driven
67,31,Male,Pennsylvania,94,3,Blouse,Clothing,S,Magenta,Winter,4.7,Yes,2-Day Shipping,Venmo,Every 3 Months,Yes,Yes,58.224489795918366,High Loyalty,Valuable but Promo-Driven
68,45,Male,Connecticut,33,49,Coat,Outerwear,L,Gray,Winter,4.4,Yes,Store Pickup,Debit Card,Monthly,Yes,Yes,61.887755102040806,High Loyalty,Valuable but Promo-Driven
69,57,Male,Utah,46,21,Handbag,Accessories,L,Silver,Summer,3.9,Yes,Next Day Air,Cash,Every 3 Months,Yes,Yes,45.244897959183675,Medium Loyalty,Mixed Behavior
70,48,Male,Tennessee,70,5,Belt,Accessories,S,Cyan,Summer,4.4,Yes,Express,Cash,Weekly,Yes,Yes,57.44897959183673,High Loyalty,Valuable but Promo-Driven
71,22,Male,Alabama,29,32,Belt,Accessories,M,Magenta,Fall,4.2,Yes,Express,Debit Card,Every 3 Months,Yes,Yes,43.47959183673469,Medium Loyalty,Mixed Behavior
72,36,Male,Virginia,48,34,Dress,Clothing,L,Gold,Summer,2.9,Yes,Express,Bank Transfer,Annually,Yes,Yes,57.20408163265307,High Loyalty,Valuable but Promo-Driven
73,18,Male,Georgia,26,21,Dress,Clothing,M,Olive,Winter,2.9,Yes,Store Pickup,Bank Transfer,Every 3 Months,Yes,Yes,35.244897959183675,Medium Loyalty,Mixed Behavior
74,48,Male,Hawaii,85,43,Pants,Clothing,M,Teal,Spring,2.7,Yes,Free Shipping,Bank Transfer,Bi-Weekly,Yes,Yes,78.21428571428571,High Loyalty,Valuable but Promo-Driven
75,49,Male,Indiana,58,3,Gloves,Accessories,L,Violet,Spring,4.5,Yes,Express,Cash,Monthly,Yes,Yes,46.22448979591837,Medium Loyalty,Mixed Behavior
76,64,Male,Utah,85,21,Scarf,Accessories,M,Blue,Summer,2.7,Yes,Free Shipping,Credit Card,Annually,Yes,Yes,67.74489795918367,High Loyalty,Valuable but Promo-Driven
77,50,Male,Delaware,43,32,Hat,Accessories,S,Teal,Summer,4.2,Yes,Free Shipping,Venmo,Monthly,Yes,Yes,56.4795918367347,High Loyalty,Valuable but Promo-Driven
78,22,Male,Delaware,53,36,Dress,Clothing,L,Gold,Summer,3.3,Yes,Next Day Air,Debit Card,Fortnightly,Yes,Yes,65.92857142857143,High Loyalty,Valuable but Promo-Driven
79,50,Male,Nebraska,91,50,Skirt,Clothing,M,Maroon,Spring,4.7,Yes,Free Shipping,Venmo,Fortnightly,Yes,Yes,93.5,High Loyalty,Valuable but Promo-Driven
80,38,Male,Iowa,96,43,Jacket,Outerwear,M,Olive,Winter,2.6,Yes,2-Day Shipping,Bank Transfer,Every 3 Months,Yes,Yes,83.71428571428572,High Loyalty,Valuable but Promo-Driven
81,19,Male,New York,72,24,Sandals,Footwear,XL,Blue,Summer,3.750064716541548,Yes,Store Pickup,Credit Card,Every 3 Months,Yes,Yes,60.081632653061234,High Loyalty,Valuable but Promo-Driven
82,67,Male,Virginia,96,36,Shoes,Footwear,L,Maroon,Summer,2.6,Yes,Express,Credit Card,Every 3 Months,Yes,Yes,79.42857142857143,High Loyalty,Valuable but Promo-Driven
83,19,Male,Georgia,28,21,Pants,Clothing,S,Olive,Spring,4.0,Yes,2-Day Shipping,Credit Card,Every 3 Months,Yes,Yes,36.244897959183675,Medium Loyalty,Mixed Behavior
84,36,Male,Texas,40,34,Dress,Clothing,M,Turquoise,Summer,4.1,Yes,Standard,Bank Transfer,Weekly,Yes,Yes,60.204081632653065,High Loyalty,Valuable but Promo-Driven
85,52,Male,Arizona,32,42,Coat,Outerwear,S,Peach,Spring,4.4,Yes,Standard,Bank Transfer,Every 3 Months,Yes,Yes,51.10204081632652,Medium Loyalty,Mixed Behavior
86,53,Male,New Mexico,95,2,Sunglasses,Accessories,M,Charcoal,Winter,4.5,Yes,Next Day Air,Debit Card,Bi-Weekly,Yes,Yes,58.11224489795919,High Loyalty,Valuable but Promo-Driven
87,24,Male,Nevada,41,47,Hoodie,Clothing,L,Pink,Spring,3.7,Yes,2-Day Shipping,Cash,Bi-Weekly,Yes,Yes,58.66326530612245,High Loyalty,Valuable but Promo-Driven
88,52,Male,Ohio,53,44,Shoes,Footwear,M,Green,Fall,3.7,Yes,2-Day Shipping,Debit Card,Fortnightly,Yes,Yes,70.82653061224491,High Loyalty,Valuable but Promo-Driven
89,33,Male,Wyoming,47,35,T-shirt,Clothing,M,Orange,Fall,3.5,Yes,Free Shipping,Credit Card,Monthly,Yes,Yes,60.31632653061225,High Loyalty,Valuable but Promo-Driven
90,47,Male,California,83,15,Jacket,Outerwear,XL,Pink,Fall,3.6,Yes,Next Day Air,Cash,Quarterly,Yes,Yes,60.07142857142858,High Loyalty,Valuable but Promo-Driven
91,25,Male,South Carolina,48,29,Hat,Accessories,L,Violet,Summer,2.9,Yes,Express,Credit Card,Monthly,Yes,Yes,57.14285714285714,High Loyalty,Valuable but Promo-Driven
92,44,Male,South Carolina,99,18,Scarf,Accessories,S,Green,Winter,4.6,Yes,Standard,Credit Card,Every 3 Months,Yes,Yes,69.90816326530613,High Loyalty,Valuable but Promo-Driven
93,61,Male,Texas,87,13,Jacket,Outerwear,M,Olive,Winter,4.4,Yes,2-Day Shipping,Venmo,Every 3 Months,Yes,Yes,60.84693877551022,High Loyalty,Valuable but Promo-Driven
94,37,Male,Florida,62,46,Sweater,Clothing,M,Purple,Fall,4.5,Yes,Standard,Credit Card,Weekly,Yes,Yes,78.55102040816327,High Loyalty,Valuable but Promo-Driven
95,58,Male,Nevada,76,28,Skirt,Clothing,S,Silver,Spring,4.6,Yes,Free Shipping,Credit Card,Weekly,Yes,Yes,74.53061224489795,High Loyalty,Valuable but Promo-Driven
96,37,Male,Missouri,100,48,Sneakers,Footwear,L,Pink,Fall,3.8,Yes,Free Shipping,PayPal,Monthly,Yes,Yes,94.77551020408164,High Loyalty,Valuable but Promo-Driven
97,32,Male,Delaware,73,43,Gloves,Accessories,S,Gold,Spring,3.750064716541548,Yes,Express,Venmo,Every 3 Months,Yes,Yes,72.21428571428572,High Loyalty,Valuable but Promo-Driven
98,21,Male,Virginia,92,37,Shoes,Footwear,M,Teal,Winter,4.8,Yes,Store Pickup,Cash,Annually,Yes,Yes,81.04081632653062,High Loyalty,Valuable but Promo-Driven
99,20,Male,New York,67,20,Jeans,Clothing,XL,Teal,Spring,2.6,Yes,Next Day Air,Bank Transfer,Annually,Yes,Yes,58.132653061224495,High Loyalty,Valuable but Promo-Driven
100,26,Male,Missouri,40,33,Hoodie,Clothing,XL,Indigo,Summer,3.7,Yes,Express,Debit Card,Quarterly,Yes,Yes,49.59183673469388,Medium Loyalty,Mixed Behavior
101,62,Male,South Dakota,98,31,Sunglasses,Accessories,M,Maroon,Fall,2.7,Yes,Express,Cash,Fortnightly,Yes,Yes,85.36734693877553,High Loyalty,Valuable but Promo-Driven
102,27,Male,North Dakota,85,50,Coat,Outerwear,XL,White,Spring,4.6,Yes,Express,Credit Card,Bi-Weekly,Yes,Yes,82.5,High Loyalty,Valuable but Promo-Driven
103,51,Male,Oklahoma,67,35,Socks,Clothing,L,Violet,Winter,4.8,Yes,Next Day Air,Credit Card,Quarterly,Yes,Yes,64.31632653061224,High Loyalty,Valuable but Promo-Driven
104,54,Male,West Virginia,89,22,Boots,Footwear,L,Red,Winter,4.0,Yes,Next Day Air,Venmo,Bi-Weekly,Yes,Yes,67.35714285714285,High Loyalty,Valuable but Promo-Driven
105,55,Male,New Hampshire,24,1,Sunglasses,Accessories,L,Pink,Spring,4.4,Yes,2-Day Shipping,PayPal,Monthly,Yes,Yes,28.000000000000004,Low Loyalty,Discount-Only (Only Buy on Sale)
106,69,Male,New York,96,4,Backpack,Accessories,M,Charcoal,Fall,3.6,Yes,Next Day Air,Bank Transfer,Annually,Yes,Yes,62.83673469387756,High Loyalty,Valuable but Promo-Driven
107,64,Male,Minnesota,35,31,Jacket,Outerwear,L,White,Summer,3.7,Yes,Standard,Credit Card,Monthly,Yes,Yes,51.867346938775505,Medium Loyalty,Mixed Behavior
108,28,Male,Maryland,67,46,Sneakers,Footwear,L,Olive,Winter,3.1,Yes,Next Day Air,PayPal,Fortnightly,Yes,Yes,79.05102040816328,High Loyalty,Valuable but Promo-Driven
109,70,Male,Montana,79,32,Socks,Clothing,L,Purple,Spring,3.4,Yes,Next Day Air,Bank Transfer,Bi-Weekly,Yes,Yes,68.47959183673468,High Loyalty,Valuable but Promo-Driven
110,58,Male,Alabama,85,43,T-shirt,Clothing,M,Violet,Spring,2.6,Yes,Next Day Air,Bank Transfer,Fortnightly,Yes,Yes,86.21428571428571,High Loyalty,Valuable but Promo-Driven
111,56,Male,New York,26,26,Backpack,Accessories,M,Black,Summer,4.0,Yes,Standard,Venmo,Fortnightly,Yes,Yes,46.30612244897959,Medium Loyalty,Mixed Behavior
112,26,Male,Massachusetts,75,9,Belt,Accessories,L,Purple,Summer,5.0,Yes,Free Shipping,Credit Card,Annually,Yes,Yes,55.39795918367347,High Loyalty,Valuable but Promo-Driven
113,37,Male,Florida,65,28,Gloves,Accessories,M,Red,Spring,4.3,Yes,Free Shipping,PayPal,Bi-Weekly,Yes,Yes,59.03061224489796,High Loyalty,Valuable but Promo-Driven
114,44,Male,New Jersey,54,20,Hat,Accessories,L,Maroon,Winter,3.1,Yes,Next Day Air,PayPal,Quarterly,Yes,Yes,48.63265306122449,Medium Loyalty,Mixed Behavior
115,70,Male,Massachusetts,95,9,Coat,Outerwear,S,Blue,Summer,3.7,Yes,Store Pickup,Cash,Weekly,Yes,Yes,72.39795918367346,High Loyalty,Valuable but Promo-Driven
116,53,Male,Wyoming,94,48,Skirt,Clothing,M,Gray,Spring,3.8,Yes,Standard,Debit Card,Every 3 Months,Yes,Yes,85.77551020408163,High Loyalty,Valuable but Promo-Driven
117,55,Male,Virginia,86,12,Shoes,Footwear,S,Blue,Spring,3.4,Yes,Free Shipping,Venmo,Annually,Yes,Yes,62.73469387755102,High Loyalty,Valuable but Promo-Driven
118,50,Male,South Dakota,32,29,Sandals,Footwear,L,Yellow,Summer,4.6,Yes,Express,Cash,Fortnightly,Yes,Yes,51.142857142857146,Medium Loyalty,Mixed Behavior
119,50,Male,Kentucky,45,27,Sweater,Clothing,L,Orange,Fall,4.8,Yes,2-Day Shipping,Cash,Bi-Weekly,Yes,Yes,48.41836734693877,Medium Loyalty,Mixed Behavior
120,38,Male,Wyoming,76,44,Coat,Outerwear,M,Orange,Fall,4.3,Yes,Express,Cash,Annually,Yes,Yes,77.32653061224491,High Loyalty,Valuable but Promo-Driven
121,64,Male,West Virginia,84,32,Hat,Accessories,L,Red,Summer,4.0,Yes,Express,Bank Transfer,Annually,Yes,Yes,73.9795918367347,High Loyalty,Valuable but Promo-Driven
122,19,Male,Virginia,72,11,Shorts,Clothing,M,Olive,Winter,4.2,Yes,Standard,Cash,Fortnightly,Yes,Yes,60.122448979591844,High Loyalty,Valuable but Promo-Driven
123,40,Male,Washington,40,44,Backpack,Accessories,L,Brown,Spring,4.8,Yes,2-Day Shipping,Cash,Fortnightly,Yes,Yes,64.3265306122449,High Loyalty,Valuable but Promo-Driven
124,57,Male,Louisiana,89,46,Sweater,Clothing,L,Brown,Fall,3.1,Yes,Free Shipping,Cash,Weekly,Yes,Yes,92.05102040816325,High Loyalty,Valuable but Promo-Driven
125,44,Male,Nevada,86,50,Sweater,Clothing,M,Gray,Spring,3.1,Yes,Next Day Air,PayPal,Annually,Yes,Yes,86.00000000000001,High Loyalty,Valuable but Promo-Driven
126,49,Male,California,54,45,Shorts,Clothing,M,Indigo,Winter,3.6,Yes,Next Day Air,Venmo,Every 3 Months,Yes,Yes,63.93877551020408,High Loyalty,Valuable but Promo-Driven
127,43,Male,Mississippi,36,48,Shorts,Clothing,L,Pink,Spring,3.9,Yes,Store Pickup,Cash,Every 3 Months,Yes,Yes,56.77551020408163,High Loyalty,Valuable but Promo-Driven
128,24,Male,Mississippi,89,26,Sweater,Clothing,M,Gray,Winter,4.8,Yes,Next Day Air,Credit Card,Weekly,Yes,Yes,79.8061224489796,High Loyalty,Valuable but Promo-Driven
129,20,Male,California,32,21,Scarf,Accessories,M,Gold,Spring,4.7,Yes,Standard,Credit Card,Fortnightly,Yes,Yes,46.24489795918368,Medium Loyalty,Mixed Behavior
130,24,Male,Pennsylvania,67,49,Dress,Clothing,XL,Olive,Summer,4.2,Yes,2-Day Shipping,PayPal,Bi-Weekly,Yes,Yes,72.88775510204081,High Loyalty,Valuable but Promo-Driven
131,44,Male,Kentucky,39,13,Scarf,Accessories,L,Violet,Fall,3.7,Yes,Next Day Air,PayPal,Fortnightly,Yes,Yes,44.84693877551021,Medium Loyalty,Mixed Behavior
132,28,Male,Maine,29,46,Skirt,Clothing,L,Indigo,Summer,3.9,Yes,Standard,Credit Card,Weekly,Yes,Yes,62.05102040816327,High Loyalty,Valuable but Promo-Driven
133,30,Male,New Mexico,58,42,Backpack,Accessories,M,Orange,Fall,4.7,Yes,2-Day Shipping,PayPal,Weekly,Yes,Yes,74.10204081632654,High Loyalty,Valuable but Promo-Driven
134,52,Male,Montana,65,25,Sweater,Clothing,M,Violet,Winter,2.5,Yes,Next Day Air,Venmo,Annually,Yes,Yes,60.193877551020414,High Loyalty,Valuable but Promo-Driven
135,43,Male,Texas,94,25,Hat,Accessories,L,Gray,Fall,4.9,Yes,Store Pickup,Cash,Monthly,Yes,Yes,77.69387755102042,High Loyalty,Valuable but Promo-Driven
136,43,Male,Kansas,81,12,Sandals,Footwear,M,Purple,Fall,4.1,Yes,Express,PayPal,Quarterly,Yes,Yes,57.234693877551024,High Loyalty,Valuable but Promo-Driven
137,39,Male,South Carolina,86,4,Blouse,Clothing,M,White,Winter,3.3,Yes,Free Shipping,Debit Card,Quarterly,Yes,Yes,54.83673469387755,High Loyalty,Valuable but Promo-Driven
138,68,Male,Colorado,43,38,Sneakers,Footwear,M,Turquoise,Spring,4.7,Yes,Free Shipping,PayPal,Weekly,Yes,Yes,64.15306122448979,High Loyalty,Valuable but Promo-Driven
139,68,Male,Georgia,29,42,Skirt,Clothing,M,Maroon,Winter,4.4,Yes,Store Pickup,Bank Transfer,Weekly,Yes,Yes,59.60204081632653,High Loyalty,Valuable but Promo-Driven
140,49,Male,Florida,95,30,Coat,Outerwear,M,White,Fall,3.8,Yes,Store Pickup,Venmo,Annually,Yes,Yes,78.25510204081631,High Loyalty,Valuable but Promo-Driven
141,63,Male,North Carolina,28,50,Shirt,Clothing,L,Yellow,Fall,3.9,Yes,2-Day Shipping,Credit Card,Weekly,Yes,Yes,64.0,High Loyalty,Valuable but Promo-Driven
142,56,Male,Virginia,46,45,Gloves,Accessories,M,Turquoise,Fall,4.9,Yes,Free Shipping,PayPal,Weekly,Yes,Yes,69.93877551020408,High Loyalty,Valuable but Promo-Driven
143,37,Male,Nebraska,58,33,Jacket,Outerwear,L,Violet,Fall,3.1,Yes,Free Shipping,Credit Card,Fortnightly,Yes,Yes,66.59183673469389,High Loyalty,Valuable but Promo-Driven
144,30,Male,Missouri,48,25,Coat,Outerwear,M,Beige,Fall,2.7,Yes,Store Pickup,PayPal,Quarterly,Yes,Yes,48.69387755102041,Medium Loyalty,Mixed Behavior
145,19,Male,New Jersey,43,25,Shoes,Footwear,M,Silver,Fall,3.2,Yes,Express,Cash,Monthly,Yes,Yes,52.19387755102041,Medium Loyalty,Mixed Behavior
146,24,Male,Missouri,95,44,Jewelry,Accessories,M,Teal,Fall,4.5,Yes,Standard,Debit Card,Quarterly,Yes,Yes,83.8265306122449,High Loyalty,Valuable but Promo-Driven
147,52,Male,Colorado,30,21,Skirt,Clothing,S,Black,Fall,4.0,Yes,Standard,Venmo,Fortnightly,Yes,Yes,45.244897959183675,Medium Loyalty,Mixed Behavior
148,63,Male,Idaho,64,31,Shoes,Footwear,M,Purple,Summer,3.5,Yes,2-Day Shipping,Bank Transfer,Fortnightly,Yes,Yes,68.36734693877551,High Loyalty,Valuable but Promo-Driven
149,37,Male,Wyoming,90,47,Gloves,Accessories,M,Gray,Fall,2.6,Yes,Store Pickup,Debit Card,Annually,Yes,Yes,86.16326530612245,High Loyalty,Valuable but Promo-Driven
150,38,Male,Delaware,76,14,Pants,Clothing,M,White,Summer,3.2,Yes,Free Shipping,PayPal,Monthly,Yes,Yes,61.9591836734694,High Loyalty,Valuable but Promo-Driven
151,35,Male,California,96,17,Boots,Footwear,L,Cyan,Fall,4.9,Yes,Standard,Debit Card,Every 3 Months,Yes,Yes,67.79591836734696,High Loyalty,Valuable but Promo-Driven
152,28,Male,North Dakota,47,3,Sunglasses,Accessories,L,Turquoise,Fall,4.5,Yes,Next Day Air,Venmo,Annually,Yes,Yes,37.72448979591837,Medium Loyalty,Mixed Behavior
153,30,Male,South Carolina,85,42,Shirt,Clothing,S,Brown,Summer,4.3,Yes,Express,Venmo,Annually,Yes,Yes,80.60204081632654,High Loyalty,Valuable but Promo-Driven
154,69,Male,North Carolina,55,22,Hoodie,Clothing,M,Maroon,Winter,3.2,Yes,Standard,Debit Card,Annually,Yes,Yes,53.35714285714286,Medium Loyalty,Mixed Behavior
155,41,Male,Oklahoma,98,21,Dress,Clothing,M,Charcoal,Fall,3.6,Yes,Next Day Air,Venmo,Quarterly,Yes,Yes,71.24489795918367,High Loyalty,Valuable but Promo-Driven
156,63,Male,Maine,77,21,Socks,Clothing,S,Olive,Spring,4.3,Yes,Free Shipping,Bank Transfer,Quarterly,Yes,Yes,60.744897959183675,High Loyalty,Valuable but Promo-Driven
157,35,Male,Missouri,26,40,Shorts,Clothing,M,Lavender,Fall,4.0,Yes,Standard,Debit Card,Annually,Yes,Yes,49.87755102040816,Medium Loyalty,Mixed Behavior
158,36,Male,Vermont,68,1,Hat,Accessories,S,Yellow,Fall,3.0,Yes,Next Day Air,Bank Transfer,Fortnightly,Yes,Yes,52.0,Medium Loyalty,Mixed Behavior
159,25,Male,Connecticut,73,50,Shirt,Clothing,XL,Teal,Fall,4.1,Yes,Standard,Bank Transfer,Monthly,Yes,Yes,82.50000000000001,High Loyalty,Valuable but Promo-Driven
160,58,Male,New Hampshire,27,39,Gloves,Accessories,M,Charcoal,Fall,3.8,Yes,Store Pickup,Bank Transfer,Every 3 Months,Yes,Yes,46.765306122448976,Medium Loyalty,Mixed Behavior
161,27,Male,Texas,23,34,Gloves,Accessories,M,Orange,Summer,4.6,Yes,Free Shipping,Venmo,Monthly,Yes,Yes,47.704081632653065,Medium Loyalty,Mixed Behavior
162,65,Male,North Dakota,49,29,Backpack,Accessories,M,Olive,Fall,3.0,Yes,Express,Venmo,Fortnightly,Yes,Yes,59.64285714285715,High Loyalty,Valuable but Promo-Driven
163,54,Male,California,74,31,Sunglasses,Accessories,M,Turquoise,Summer,3.0,Yes,Store Pickup,PayPal,Bi-Weekly,Yes,Yes,65.36734693877551,High Loyalty,Valuable but Promo-Driven
164,54,Male,Virginia,67,8,Skirt,Clothing,M,Purple,Summer,3.4,Yes,Standard,Debit Card,Weekly,Yes,Yes,57.785714285714285,High Loyalty,Valuable but Promo-Driven
165,59,Male,Delaware,65,5,Handbag,Accessories,S,Purple,Spring,2.6,Yes,Free Shipping,Credit Card,Fortnightly,Yes,Yes,52.94897959183673,Medium Loyalty,Mixed Behavior
166,42,Male,Kentucky,60,7,Handbag,Accessories,S,Yellow,Winter,2.8,Yes,Store Pickup,Cash,Monthly,Yes,Yes,49.673469387755105,Medium Loyalty,Mixed Behavior
167,46,Male,Delaware,31,30,Sneakers,Footwear,XL,Indigo,Fall,4.0,Yes,Store Pickup,Cash,Monthly,Yes,Yes,49.255102040816325,Medium Loyalty,Mixed Behavior
168,33,Male,Arkansas,27,14,Gloves,Accessories,M,Green,Fall,4.0,Yes,Express,Credit Card,Every 3 Months,Yes,Yes,31.459183673469386,Low Loyalty,Discount-Only (Only Buy on Sale)
169,34,Male,Louisiana,80,5,Shoes,Footwear,M,Magenta,Summer,3.0,Yes,Express,Cash,Fortnightly,Yes,Yes,60.448979591836746,High Loyalty,Valuable but Promo-Driven
170,27,Male,Nevada,30,3,Jacket,Outerwear,S,Gold,Summer,3.3,Yes,Standard,PayPal,Every 3 Months,Yes,Yes,26.22448979591837,Low Loyalty,Discount-Only (Only Buy on Sale)
171,52,Male,Wyoming,25,46,Shirt,Clothing,M,Maroon,Fall,2.6,Yes,Store Pickup,Venmo,Bi-Weekly,Yes,Yes,50.05102040816327,Medium Loyalty,Mixed Behavior
172,29,Male,Virginia,35,4,Shorts,Clothing,M,Blue,Summer,3.6,Yes,Store Pickup,Credit Card,Weekly,Yes,Yes,39.33673469387755,Medium Loyalty,Mixed Behavior
173,54,Male,Nebraska,67,42,Jewelry,Accessories,M,Violet,Summer,3.9,Yes,Next Day Air,Credit Card,Bi-Weekly,Yes,Yes,68.60204081632652,High Loyalty,Valuable but Promo-Driven
174,25,Male,Hawaii,46,30,Hat,Accessories,M,Turquoise,Fall,3.4,Yes,Standard,Cash,Annually,Yes,Yes,53.755102040816325,High Loyalty,Valuable but Promo-Driven
175,41,Male,Vermont,35,37,Shoes,Footwear,L,Brown,Winter,3.5,Yes,Express,Venmo,Annually,Yes,Yes,52.54081632653062,Medium Loyalty,Mixed Behavior
176,53,Male,Oklahoma,86,2,Coat,Outerwear,L,Violet,Fall,2.8,Yes,Next Day Air,Bank Transfer,Annually,Yes,Yes,56.612244897959194,High Loyalty,Valuable but Promo-Driven
177,53,Male,New Hampshire,81,30,Backpack,Accessories,L,Black,Spring,2.7,Yes,Next Day Air,Credit Card,Quarterly,Yes,Yes,68.25510204081633,High Loyalty,Valuable but Promo-Driven
178,21,Male,Kansas,42,47,Hoodie,Clothing,L,Magenta,Fall,3.7,Yes,Next Day Air,Bank Transfer,Monthly,Yes,Yes,65.16326530612247,High Loyalty,Valuable but Promo-Driven
179,61,Male,Idaho,43,21,Skirt,Clothing,L,Lavender,Fall,4.3,Yes,2-Day Shipping,PayPal,Quarterly,Yes,Yes,43.74489795918367,Medium Loyalty,Mixed Behavior
180,64,Male,Illinois,31,9,Boots,Footwear,M,Violet,Fall,4.9,Yes,Store Pickup,Bank Transfer,Fortnightly,Yes,Yes,38.39795918367347,Medium Loyalty,Mixed Behavior
181,51,Male,South Dakota,81,12,Sandals,Footwear,L,Green,Fall,3.3,Yes,Store Pickup,Debit Card,Fortnightly,Yes,Yes,65.23469387755102,High Loyalty,Valuable but Promo-Driven
182,32,Male,Massachusetts,61,4,Pants,Clothing,M,Beige,Summer,4.7,Yes,Next Day Air,Bank Transfer,Weekly,Yes,Yes,52.33673469387755,Medium Loyalty,Mixed Behavior
183,38,Male,Alabama,96,10,Gloves,Accessories,XL,Purple,Summer,2.8,Yes,Store Pickup,Debit Card,Annually,Yes,Yes,66.51020408163266,High Loyalty,Valuable but Promo-Driven
184,58,Male,Ohio,29,26,Skirt,Clothing,XL,Beige,Spring,3.6,Yes,2-Day Shipping,Credit Card,Weekly,Yes,Yes,49.80612244897959,Medium Loyalty,Mixed Behavior
185,32,Male,Hawaii,33,40,Sneakers,Footwear,L,Cyan,Spring,3.0,Yes,Express,Cash,Fortnightly,Yes,Yes,58.377551020408156,High Loyalty,Valuable but Promo-Driven
186,46,Male,Wisconsin,32,34,T-shirt,Clothing,XL,Silver,Summer,4.5,Yes,Store Pickup,Bank Transfer,Fortnightly,Yes,Yes,54.204081632653065,High Loyalty,Valuable but Promo-Driven
187,39,Male,Minnesota,56,31,Backpack,Accessories,S,Lavender,Summer,2.9,Yes,Standard,Debit Card,Annually,Yes,Yes,59.367346938775526,High Loyalty,Valuable but Promo-Driven
188,19,Male,Georgia,94,1,Shoes,Footwear,S,Purple,Spring,3.3,Yes,Store Pickup,Bank Transfer,Bi-Weekly,Yes,Yes,57.00000000000001,High Loyalty,Valuable but Promo-Driven
189,50,Male,Arkansas,53,5,Hoodie,Clothing,M,Pink,Spring,3.1,Yes,Express,Bank Transfer,Bi-Weekly,Yes,Yes,38.94897959183674,Medium Loyalty,Mixed Behavior
190,36,Male,West Virginia,82,4,Blouse,Clothing,M,Maroon,Fall,4.4,Yes,Next Day Air,Credit Card,Weekly,Yes,Yes,62.83673469387755,High Loyalty,Valuable but Promo-Driven
191,65,Male,Indiana,70,48,Coat,Outerwear,XL,Beige,Fall,3.0,Yes,Free Shipping,Venmo,Quarterly,Yes,Yes,73.77551020408161,High Loyalty,Valuable but Promo-Driven
192,64,Male,Utah,76,29,Hat,Accessories,M,Gray,Fall,3.9,Yes,Free Shipping,Cash,Every 3 Months,Yes,Yes,65.14285714285715,High Loyalty,Valuable but Promo-Driven
193,46,Male,Nebraska,29,12,Shoes,Footwear,L,Turquoise,Summer,2.9,Yes,Express,PayPal,Bi-Weekly,Yes,Yes,31.234693877551024,Low Loyalty,Discount-Only (Only Buy on Sale)
194,36,Male,North Dakota,100,29,Belt,Accessories,S,Silver,Fall,3.0,Yes,Standard,Venmo,Annually,Yes,Yes,80.14285714285714,High Loyalty,Valuable but Promo-Driven
195,51,Male,Missouri,94,15,Backpack,Accessories,M,Olive,Spring,3.1,Yes,Express,Debit Card,Quarterly,Yes,Yes,65.57142857142857,High Loyalty,Valuable but Promo-Driven
196,51,Male,New York,25,34,Jacket,Outerwear,M,Magenta,Fall,4.3,Yes,Free Shipping,Credit Card,Monthly,Yes,Yes,48.70408163265306,Medium Loyalty,Mixed Behavior
197,38,Male,Washington,88,41,Boots,Footwear,M,Lavender,Summer,3.9,Yes,Next Day Air,Credit Card,Fortnightly,Yes,Yes,86.48979591836736,High Loyalty,Valuable but Promo-Driven
198,59,Male,South Carolina,78,41,Scarf,Accessories,M,Black,Fall,3.2,Yes,2-Day Shipping,Credit Card,Monthly,Yes,Yes,79.48979591836735,High Loyalty,Valuable but Promo-Driven
199,57,Male,Utah,45,39,Jewelry,Accessories,M,Turquoise,Winter,4.8,Yes,Standard,Credit Card,Fortnightly,Yes,Yes,63.765306122448976,High Loyalty,Valuable but Promo-Driven
200,54,Male,Idaho,73,32,Hat,Accessories,XL,Green,Summer,3.8,Yes,Express,Cash,Weekly,Yes,Yes,75.4795918367347,High Loyalty,Valuable but Promo-Driven
201,25,Male,Pennsylvania,61,29,Dress,Clothing,S,Teal,Summer,3.3,Yes,Next Day Air,Venmo,Monthly,Yes,Yes,63.64285714285715,High Loyalty,Valuable but Promo-Driven
202,69,Male,Missouri,22,15,Blouse,Clothing,S,Beige,Fall,4.3,Yes,Free Shipping,Bank Transfer,Annually,Yes,Yes,32.57142857142858,Low Loyalty,Discount-Only (Only Buy on Sale)
203,57,Male,Nebraska,38,33,Hat,Accessories,L,Magenta,Spring,2.7,Yes,Express,Venmo,Annually,Yes,Yes,51.59183673469387,Medium Loyalty,Mixed Behavior
204,70,Male,Indiana,38,18,Scarf,Accessories,S,Yellow,Fall,3.2,Yes,Next Day Air,Bank Transfer,Weekly,Yes,Yes,49.40816326530613,Medium Loyalty,Mixed Behavior
205,24,Male,Arizona,100,35,Sneakers,Footwear,M,Yellow,Fall,4.0,Yes,Store Pickup,Cash,Bi-Weekly,Yes,Yes,80.81632653061223,High Loyalty,Valuable but Promo-Driven
206,67,Male,Hawaii,64,25,Shirt,Clothing,M,Silver,Winter,3.0,Yes,Standard,PayPal,Weekly,Yes,Yes,66.6938775510204,High Loyalty,Valuable but Promo-Driven
207,24,Male,Wisconsin,55,6,T-shirt,Clothing,L,Silver,Summer,4.2,Yes,Free Shipping,Venmo,Fortnightly,Yes,Yes,48.561224489795926,Medium Loyalty,Mixed Behavior
208,62,Male,Rhode Island,91,17,Gloves,Accessories,M,Silver,Summer,2.9,Yes,Express,Bank Transfer,Bi-Weekly,Yes,Yes,65.29591836734694,High Loyalty,Valuable but Promo-Driven
209,57,Male,Wisconsin,38,17,Skirt,Clothing,M,Gold,Spring,4.1,Yes,Store Pickup,Credit Card,Monthly,Yes,Yes,44.79591836734694,Medium Loyalty,Mixed Behavior
210,55,Male,Minnesota,97,44,Sandals,Footwear,S,Olive,Winter,3.2,Yes,Store Pickup,Cash,Every 3 Months,Yes,Yes,84.8265306122449,High Loyalty,Valuable but Promo-Driven
211,45,Male,Vermont,22,6,Jacket,Outerwear,L,Teal,Fall,3.0,Yes,2-Day Shipping,PayPal,Fortnightly,Yes,Yes,32.061224489795926,Low Loyalty,Discount-Only (Only Buy on Sale)
212,69,Male,South Dakota,92,45,Skirt,Clothing,L,Maroon,Fall,4.2,Yes,2-Day Shipping,Debit Card,Fortnightly,Yes,Yes,90.93877551020408,High Loyalty,Valuable but Promo-Driven
213,67,Male,Virginia,84,7,Handbag,Accessories,L,Blue,Fall,4.2,Yes,Express,Debit Card,Annually,Yes,Yes,58.673469387755105,High Loyalty,Valuable but Promo-Driven
214,30,Male,Nevada,93,11,Handbag,Accessories,L,Peach,Fall,4.4,Yes,Store Pickup,Debit Card,Every 3 Months,Yes,Yes,62.62244897959184,High Loyalty,Valuable but Promo-Driven
215,24,Male,Hawaii,50,41,Jacket,Outerwear,L,Blue,Summer,4.2,Yes,Next Day Air,Cash,Every 3 Months,Yes,Yes,59.489795918367335,High Loyalty,Valuable but Promo-Driven
216,62,Male,New Jersey,64,24,Scarf,Accessories,S,Orange,Spring,2.8,Yes,2-Day Shipping,PayPal,Bi-Weekly,Yes,Yes,56.081632653061234,High Loyalty,Valuable but Promo-Driven
217,43,Male,Massachusetts,61,21,Shorts,Clothing,L,Yellow,Spring,3.7,Yes,Free Shipping,Venmo,Weekly,Yes,Yes,62.744897959183675,High Loyalty,Valuable but Promo-Driven
218,35,Male,Oklahoma,48,24,Sunglasses,Accessories,M,Purple,Winter,3.5,Yes,Next Day Air,Bank Transfer,Annually,Yes,Yes,51.08163265306123,Medium Loyalty,Mixed Behavior
219,28,Male,California,45,8,T-shirt,Clothing,S,Magenta,Spring,2.9,Yes,Store Pickup,Credit Card,Quarterly,Yes,Yes,36.78571428571429,Medium Loyalty,Mixed Behavior
220,32,Male,Nevada,88,12,Belt,Accessories,M,Cyan,Spring,3.0,Yes,Free Shipping,Cash,Fortnightly,Yes,Yes,68.73469387755105,High Loyalty,Valuable but Promo-Driven
221,39,Male,Arizona,57,48,Sneakers,Footwear,S,Indigo,Spring,3.7,Yes,Express,Debit Card,Fortnightly,Yes,Yes,75.27551020408163,High Loyalty,Valuable but Promo-Driven
222,28,Male,North Carolina,68,6,Hat,Accessories,XL,Magenta,Summer,4.4,Yes,Store Pickup,Bank Transfer,Quarterly,Yes,Yes,47.06122448979592,Medium Loyalty,Mixed Behavior
223,47,Male,New York,94,14,Gloves,Accessories,XL,Gray,Spring,4.5,Yes,2-Day Shipping,PayPal,Fortnightly,Yes,Yes,72.95918367346941,High Loyalty,Valuable but Promo-Driven
224,20,Male,Wyoming,41,34,Pants,Clothing,M,Turquoise,Spring,4.8,Yes,Free Shipping,PayPal,Annually,Yes,Yes,53.704081632653065,High Loyalty,Valuable but Promo-Driven
225,63,Male,South Dakota,83,12,Socks,Clothing,S,Beige,Summer,2.9,Yes,Free Shipping,Cash,Every 3 Months,Yes,Yes,58.234693877551024,High Loyalty,Valuable but Promo-Driven
226,25,Male,Arkansas,22,11,Jacket,Outerwear,M,Olive,Spring,3.2,Yes,Next Day Air,Bank Transfer,Annually,Yes,Yes,30.122448979591844,Low Loyalty,Discount-Only (Only Buy on Sale)
227,29,Male,Texas,74,5,Shoes,Footwear,L,Violet,Spring,3.3,Yes,Free Shipping,PayPal,Monthly,Yes,Yes,55.448979591836746,High Loyalty,Valuable but Promo-Driven
228,50,Male,Rhode Island,90,25,Jeans,Clothing,M,Turquoise,Winter,4.2,Yes,Standard,Venmo,Fortnightly,Yes,Yes,77.69387755102042,High Loyalty,Valuable but Promo-Driven
229,18,Male,New Hampshire,79,11,Socks,Clothing,M,White,Spring,2.9,Yes,Store Pickup,Credit Card,Annually,Yes,Yes,58.622448979591844,High Loyalty,Valuable but Promo-Driven
230,70,Male,Ohio,28,27,Sandals,Footwear,S,Silver,Spring,4.6,Yes,Next Day Air,PayPal,Every 3 Months,Yes,Yes,39.91836734693878,Medium Loyalty,Mixed Behavior
231,66,Male,Utah,88,43,Scarf,Accessories,L,Olive,Fall,4.1,Yes,Standard,Credit Card,Annually,Yes,Yes,82.71428571428572,High Loyalty,Valuable but Promo-Driven
232,28,Male,Tennessee,26,18,Blouse,Clothing,M,Blue,Spring,3.1,Yes,2-Day Shipping,Debit Card,Every 3 Months,Yes,Yes,33.40816326530612,Low Loyalty,Discount-Only (Only Buy on Sale)
233,54,Male,Hawaii,27,32,Jewelry,Accessories,L,Purple,Winter,4.2,Yes,Express,Bank Transfer,Bi-Weekly,Yes,Yes,42.47959183673469,Medium Loyalty,Mixed Behavior
234,19,Male,Arizona,83,27,Sweater,Clothing,XL,Yellow,Fall,4.5,Yes,Next Day Air,Bank Transfer,Every 3 Months,Yes,Yes,67.41836734693878,High Loyalty,Valuable but Promo-Driven
235,20,Male,South Dakota,39,24,Gloves,Accessories,S,Silver,Summer,3.7,Yes,Next Day Air,Credit Card,Weekly,Yes,Yes,53.58163265306123,High Loyalty,Valuable but Promo-Driven
236,43,Male,New Jersey,89,31,Sunglasses,Accessories,M,Cyan,Winter,3.7,Yes,Free Shipping,Debit Card,Quarterly,Yes,Yes,72.8673469387755,High Loyalty,Valuable but Promo-Driven
237,38,Male,North Dakota,68,39,Coat,Outerwear,L,Green,Winter,3.4,Yes,Next Day Air,PayPal,Fortnightly,Yes,Yes,75.26530612244899,High Loyalty,Valuable but Promo-Driven
238,50,Male,Iowa,90,36,Dress,Clothing,M,Beige,Summer,3.0,Yes,Store Pickup,Debit Card,Fortnightly,Yes,Yes,84.42857142857143,High Loyalty,Valuable but Promo-Driven
239,64,Male,Ohio,34,5,Skirt,Clothing,M,Peach,Fall,4.2,Yes,Free Shipping,Cash,Annually,Yes,Yes,32.44897959183673,Low Loyalty,Discount-Only (Only Buy on Sale)
240,49,Male,Vermont,51,47,Pants,Clothing,L,Yellow,Summer,2.9,Yes,Express,Credit Card,Bi-Weekly,Yes,Yes,63.663265306122454,High Loyalty,Valuable but Promo-Driven
241,47,Male,Montana,45,29,Sweater,Clothing,XL,Turquoise,Winter,3.5,Yes,Free Shipping,Bank Transfer,Fortnightly,Yes,Yes,57.64285714285714,High Loyalty,Valuable but Promo-Driven
242,36,Male,Delaware,88,43,Hoodie,Clothing,M,Peach,Winter,4.1,Yes,Free Shipping,Venmo,Bi-Weekly,Yes,Yes,79.71428571428572,High Loyalty,Valuable but Promo-Driven
243,55,Male,New York,85,40,Coat,Outerwear,L,Gray,Summer,4.3,Yes,Store Pickup,Debit Card,Every 3 Months,Yes,Yes,76.37755102040815,High Loyalty,Valuable but Promo-Driven
244,25,Male,Kentucky,100,4,Jewelry,Accessories,M,Olive,Winter,2.8,Yes,2-Day Shipping,Debit Card,Monthly,Yes,Yes,67.83673469387756,High Loyalty,Valuable but Promo-Driven
245,53,Male,Oregon,42,39,Belt,Accessories,S,Indigo,Spring,4.9,Yes,2-Day Shipping,PayPal,Weekly,Yes,Yes,64.26530612244898,High Loyalty,Valuable but Promo-Driven
246,49,Male,Rhode Island,53,45,Sandals,Footwear,L,Charcoal,Summer,3.3,Yes,Next Day Air,Venmo,Fortnightly,Yes,Yes,71.43877551020408,High Loyalty,Valuable but Promo-Driven
247,35,Male,Nevada,86,20,Sunglasses,Accessories,XL,Beige,Spring,3.2,Yes,Express,Venmo,Bi-Weekly,Yes,Yes,64.6326530612245,High Loyalty,Valuable but Promo-Driven
248,29,Male,Montana,66,14,Sweater,Clothing,XL,Brown,Spring,4.4,Yes,Standard,Debit Card,Weekly,Yes,Yes,60.95918367346938,High Loyalty,Valuable but Promo-Driven
249,47,Male,Pennsylvania,100,33,Belt,Accessories,M,Blue,Winter,4.8,Yes,Express,PayPal,Weekly,Yes,Yes,89.59183673469387,High Loyalty,Valuable but Promo-Driven
250,53,Male,Alaska,47,18,Handbag,Accessories,S,Teal,Fall,4.2,Yes,Standard,Credit Card,Annually,Yes,Yes,46.90816326530612,Medium Loyalty,Mixed Behavior
251,33,Male,Mississippi,25,9,Skirt,Clothing,L,Black,Fall,4.0,Yes,Express,Bank Transfer,Weekly,Yes,Yes,37.39795918367347,Medium Loyalty,Mixed Behavior
252,21,Male,Wyoming,51,34,Handbag,Accessories,XL,Gold,Winter,2.5,Yes,Standard,PayPal,Annually,Yes,Yes,58.70408163265306,High Loyalty,Valuable but Promo-Driven
253,32,Male,Delaware,41,33,Shorts,Clothing,M,Violet,Summer,3.9,Yes,Free Shipping,Venmo,Fortnightly,Yes,Yes,58.09183673469389,High Loyalty,Valuable but Promo-Driven
254,52,Male,Oklahoma,73,15,Boots,Footwear,L,Cyan,Winter,4.9,Yes,2-Day Shipping,Bank Transfer,Bi-Weekly,Yes,Yes,55.07142857142857,High Loyalty,Valuable but Promo-Driven
255,67,Male,Indiana,42,4,Sunglasses,Accessories,M,White,Winter,3.5,Yes,Store Pickup,PayPal,Bi-Weekly,Yes,Yes,32.83673469387756,Low Loyalty,Discount-Only (Only Buy on Sale)
256,43,Male,Maryland,20,25,Scarf,Accessories,M,Charcoal,Spring,4.2,Yes,Free Shipping,Debit Card,Annually,Yes,Yes,37.69387755102041,Medium Loyalty,Mixed Behavior
257,58,Male,South Dakota,30,20,Jewelry,Accessories,XL,Violet,Spring,4.7,Yes,Express,Credit Card,Every 3 Months,Yes,Yes,36.63265306122449,Medium Loyalty,Mixed Behavior
258,20,Male,West Virginia,53,5,Handbag,Accessories,M,Red,Summer,4.5,Yes,Express,Credit Card,Quarterly,Yes,Yes,38.94897959183674,Medium Loyalty,Mixed Behavior
259,61,Male,Alabama,74,16,Gloves,Accessories,S,Lavender,Spring,2.8,Yes,Express,Cash,Quarterly,Yes,Yes,56.18367346938775,High Loyalty,Valuable but Promo-Driven
260,32,Male,Louisiana,57,13,Jeans,Clothing,M,Gold,Fall,2.9,Yes,Standard,Debit Card,Annually,Yes,Yes,48.84693877551021,Medium Loyalty,Mixed Behavior
261,38,Male,Montana,57,11,Hat,Accessories,S,Red,Winter,3.2,Yes,2-Day Shipping,Credit Card,Every 3 Months,Yes,Yes,44.62244897959184,Medium Loyalty,Mixed Behavior
262,21,Male,California,77,21,Jeans,Clothing,L,Magenta,Winter,4.9,Yes,Standard,Credit Card,Annually,Yes,Yes,63.744897959183675,High Loyalty,Valuable but Promo-Driven
263,37,Male,Hawaii,40,6,Pants,Clothing,M,Teal,Summer,3.750064716541548,Yes,Next Day Air,Debit Card,Annually,Yes,Yes,36.06122448979592,Medium Loyalty,Mixed Behavior
264,27,Male,Iowa,46,29,Shorts,Clothing,M,Purple,Summer,4.3,Yes,Store Pickup,Venmo,Monthly,Yes,Yes,56.14285714285714,High Loyalty,Valuable but Promo-Driven
265,36,Male,Colorado,78,15,Pants,Clothing,S,Charcoal,Fall,3.9,Yes,Store Pickup,Cash,Annually,Yes,Yes,60.57142857142858,High Loyalty,Valuable but Promo-Driven
266,32,Male,Michigan,59,17,Backpack,Accessories,M,Gray,Spring,3.2,Yes,2-Day Shipping,Bank Transfer,Bi-Weekly,Yes,Yes,49.29591836734694,Medium Loyalty,Mixed Behavior
267,51,Male,Louisiana,75,32,Jewelry,Accessories,L,White,Summer,3.1,Yes,Express,Credit Card,Weekly,Yes,Yes,76.47959183673468,High Loyalty,Valuable but Promo-Driven
268,64,Male,Maryland,54,42,Sweater,Clothing,M,Olive,Spring,3.9,Yes,2-Day Shipping,Venmo,Annually,Yes,Yes,65.10204081632654,High Loyalty,Valuable but Promo-Driven
269,68,Male,Georgia,42,21,Shoes,Footwear,M,Charcoal,Spring,2.6,Yes,Store Pickup,Cash,Monthly,Yes,Yes,49.244897959183675,Medium Loyalty,Mixed Behavior
270,68,Male,Georgia,44,9,Blouse,Clothing,M,Charcoal,Winter,3.3,Yes,Next Day Air,Cash,Bi-Weekly,Yes,Yes,36.89795918367347,Medium Loyalty,Mixed Behavior
271,33,Male,North Dakota,52,16,Jeans,Clothing,XL,Orange,Fall,4.6,Yes,Free Shipping,Bank Transfer,Annually,Yes,Yes,48.183673469387756,Medium Loyalty,Mixed Behavior
272,65,Male,Maryland,69,42,Sunglasses,Accessories,XL,Yellow,Summer,4.6,Yes,Express,Credit Card,Fortnightly,Yes,Yes,77.60204081632654,High Loyalty,Valuable but Promo-Driven
273,48,Male,Oregon,26,37,Jewelry,Accessories,M,Beige,Summer,4.4,Yes,2-Day Shipping,Debit Card,Bi-Weekly,Yes,Yes,45.04081632653062,Medium Loyalty,Mixed Behavior
274,69,Male,North Dakota,33,32,Coat,Outerwear,S,Silver,Spring,4.2,Yes,Express,Debit Card,Quarterly,Yes,Yes,45.4795918367347,Medium Loyalty,Mixed Behavior
275,59,Male,Maryland,32,28,Jewelry,Accessories,M,Indigo,Spring,3.0,Yes,Express,Cash,Bi-Weekly,Yes,Yes,42.53061224489796,Medium Loyalty,Mixed Behavior
276,48,Male,Virginia,85,13,Backpack,Accessories,XL,Lavender,Winter,4.0,Yes,Express,Credit Card,Weekly,Yes,Yes,69.84693877551021,High Loyalty,Valuable but Promo-Driven
277,25,Male,South Dakota,30,11,Skirt,Clothing,XL,Turquoise,Fall,3.5,Yes,Express,Bank Transfer,Fortnightly,Yes,Yes,39.12244897959184,Medium Loyalty,Mixed Behavior
278,29,Male,Georgia,29,36,Shirt,Clothing,M,Green,Winter,3.0,Yes,Store Pickup,Bank Transfer,Bi-Weekly,Yes,Yes,45.92857142857143,Medium Loyalty,Mixed Behavior
279,57,Male,Hawaii,95,23,Sweater,Clothing,M,Orange,Spring,3.7,Yes,Express,Debit Card,Annually,Yes,Yes,73.96938775510205,High Loyalty,Valuable but Promo-Driven
280,23,Male,Arkansas,69,37,Sneakers,Footwear,L,Turquoise,Summer,4.0,Yes,Standard,Bank Transfer,Monthly,Yes,Yes,72.54081632653062,High Loyalty,Valuable but Promo-Driven
281,45,Male,Montana,69,21,Sandals,Footwear,S,Cyan,Fall,4.2,Yes,2-Day Shipping,Cash,Bi-Weekly,Yes,Yes,56.744897959183675,High Loyalty,Valuable but Promo-Driven
282,38,Male,Oklahoma,61,22,Belt,Accessories,XL,Charcoal,Spring,2.5,Yes,Standard,Debit Card,Bi-Weekly,Yes,Yes,53.35714285714286,Medium Loyalty,Mixed Behavior
283,21,Male,Minnesota,94,9,Skirt,Clothing,M,Teal,Summer,3.0,Yes,2-Day Shipping,Cash,Monthly,Yes,Yes,67.89795918367348,High Loyalty,Valuable but Promo-Driven
284,32,Male,Montana,30,16,Sweater,Clothing,S,Maroon,Fall,3.2,Yes,Next Day Air,Venmo,Annually,Yes,Yes,37.183673469387756,Medium Loyalty,Mixed Behavior
285,63,Male,Ohio,45,4,Skirt,Clothing,M,Red,Summer,3.5,Yes,Standard,PayPal,Quarterly,Yes,Yes,34.33673469387755,Medium Loyalty,Mixed Behavior
286,29,Male,Kentucky,39,3,Handbag,Accessories,XL,Yellow,Summer,4.8,Yes,Express,Debit Card,Bi-Weekly,Yes,Yes,30.724489795918373,Low Loyalty,Discount-Only (Only Buy on Sale)
287,27,Male,Nebraska,51,6,Jewelry,Accessories,L,Gray,Summer,2.6,Yes,Store Pickup,Debit Card,Annually,Yes,Yes,41.561224489795926,Medium Loyalty,Mixed Behavior
288,56,Male,Delaware,37,18,Scarf,Accessories,L,Blue,Spring,3.4,Yes,2-Day Shipping,Venmo,Fortnightly,Yes,Yes,46.90816326530612,Medium Loyalty,Mixed Behavior
289,30,Male,North Carolina,62,34,T-shirt,Clothing,M,Lavender,Winter,3.7,Yes,2-Day Shipping,Venmo,Bi-Weekly,Yes,Yes,61.204081632653065,High Loyalty,Valuable but Promo-Driven
290,49,Male,New York,85,26,Coat,Outerwear,M,Yellow,Fall,4.5,Yes,2-Day Shipping,Credit Card,Monthly,Yes,Yes,73.8061224489796,High Loyalty,Valuable but Promo-Driven
291,58,Male,Colorado,33,50,T-shirt,Clothing,M,Indigo,Winter,3.7,Yes,Standard,PayPal,Weekly,Yes,Yes,66.49999999999999,High Loyalty,Valuable but Promo-Driven
292,57,Male,Delaware,26,40,Dress,Clothing,XL,Violet,Fall,3.3,Yes,Next Day Air,Bank Transfer,Monthly,Yes,Yes,52.87755102040816,Medium Loyalty,Mixed Behavior
293,60,Male,Utah,99,24,Shoes,Footwear,M,Green,Spring,4.7,Yes,Free Shipping,Cash,Quarterly,Yes,Yes,73.58163265306123,High Loyalty,Valuable but Promo-Driven
294,69,Male,Connecticut,39,33,Handbag,Accessories,M,White,Spring,2.7,Yes,Express,PayPal,Annually,Yes,Yes,52.09183673469388,Medium Loyalty,Mixed Behavior
295,70,Male,New Jersey,20,19,Skirt,Clothing,M,Gold,Spring,4.6,Yes,Store Pickup,Credit Card,Every 3 Months,Yes,Yes,31.020408163265305,Low Loyalty,Discount-Only (Only Buy on Sale)
296,53,Male,West Virginia,42,24,Sunglasses,Accessories,M,Indigo,Winter,2.7,Yes,Store Pickup,Credit Card,Quarterly,Yes,Yes,45.08163265306123,Medium Loyalty,Mixed Behavior
297,25,Male,Indiana,74,19,Sandals,Footwear,S,Lavender,Spring,4.8,Yes,2-Day Shipping,Credit Card,Weekly,Yes,Yes,68.0204081632653,High Loyalty,Valuable but Promo-Driven
298,48,Male,Delaware,26,4,Shoes,Footwear,XL,Purple,Summer,4.4,Yes,Standard,Credit Card,Bi-Weekly,Yes,Yes,24.836734693877553,Low Loyalty,Discount-Only (Only Buy on Sale)
299,69,Male,Maryland,53,11,T-shirt,Clothing,M,Lavender,Winter,4.0,Yes,Standard,Venmo,Every 3 Months,Yes,Yes,42.622448979591844,Medium Loyalty,Mixed Behavior
300,25,Male,Pennsylvania,80,28,Sneakers,Footwear,M,Maroon,Summer,3.2,Yes,Next Day Air,PayPal,Fortnightly,Yes,Yes,74.53061224489797,High Loyalty,Valuable but Promo-Driven
301,29,Male,Iowa,98,24,Hat,Accessories,M,Teal,Spring,4.4,Yes,Store Pickup,PayPal,Weekly,Yes,Yes,83.08163265306122,High Loyalty,Valuable but Promo-Driven
302,46,Male,Pennsylvania,95,25,Skirt,Clothing,M,Green,Spring,3.8,Yes,Standard,Credit Card,Every 3 Months,Yes,Yes,72.1938775510204,High Loyalty,Valuable but Promo-Driven
303,37,Male,Delaware,44,27,Sweater,Clothing,L,Olive,Summer,3.6,Yes,Express,Bank Transfer,Every 3 Months,Yes,Yes,47.91836734693878,Medium Loyalty,Mixed Behavior
304,20,Male,Oregon,60,49,Sandals,Footwear,M,Turquoise,Summer,3.3,Yes,Next Day Air,Venmo,Weekly,Yes,Yes,79.38775510204081,High Loyalty,Valuable but Promo-Driven
305,40,Male,Oregon,84,45,Dress,Clothing,M,Green,Winter,3.4,Yes,Next Day Air,Credit Card,Bi-Weekly,Yes,Yes,78.93877551020407,High Loyalty,Valuable but Promo-Driven
306,60,Male,Utah,59,26,Sweater,Clothing,M,Teal,Fall,3.5,Yes,2-Day Shipping,PayPal,Annually,Yes,Yes,57.8061224489796,High Loyalty,Valuable but Promo-Driven
307,26,Male,North Dakota,49,4,Jacket,Outerwear,S,White,Summer,3.6,Yes,Express,Cash,Annually,Yes,Yes,39.33673469387755,Medium Loyalty,Mixed Behavior
308,29,Male,Florida,32,3,Gloves,Accessories,M,Orange,Winter,3.2,Yes,Free Shipping,Credit Card,Every 3 Months,Yes,Yes,27.224489795918373,Low Loyalty,Discount-Only (Only Buy on Sale)
309,66,Male,Maryland,29,45,Handbag,Accessories,M,Beige,Fall,3.7,Yes,Standard,Venmo,Bi-Weekly,Yes,Yes,51.43877551020408,Medium Loyalty,Mixed Behavior
310,66,Male,Minnesota,22,21,Dress,Clothing,M,Yellow,Spring,4.5,Yes,Standard,Cash,Fortnightly,Yes,Yes,41.244897959183675,Medium Loyalty,Mixed Behavior
311,56,Male,Montana,85,50,Pants,Clothing,M,Charcoal,Winter,4.6,Yes,Standard,Cash,Fortnightly,Yes,Yes,90.5,High Loyalty,Valuable but Promo-Driven
312,69,Male,Rhode Island,52,19,Jeans,Clothing,L,Silver,Winter,4.1,Yes,Store Pickup,Bank Transfer,Monthly,Yes,Yes,53.02040816326531,Medium Loyalty,Mixed Behavior
313,38,Male,Massachusetts,89,6,Pants,Clothing,L,Green,Spring,3.4,Yes,Next Day Air,PayPal,Annually,Yes,Yes,60.561224489795926,High Loyalty,Valuable but Promo-Driven
314,42,Male,Vermont,77,50,Dress,Clothing,M,Pink,Spring,3.7,Yes,Express,Credit Card,Every 3 Months,Yes,Yes,78.49999999999999,High Loyalty,Valuable but Promo-Driven
315,30,Male,New Jersey,24,17,Pants,Clothing,M,Purple,Summer,3.3,Yes,Store Pickup,Debit Card,Every 3 Months,Yes,Yes,31.795918367346943,Low Loyalty,Discount-Only (Only Buy on Sale)
316,66,Male,Wisconsin,24,24,Jewelry,Accessories,XL,Orange,Spring,4.5,Yes,Express,Debit Card,Annually,Yes,Yes,39.08163265306123,Medium Loyalty,Mixed Behavior
317,36,Male,California,22,46,Handbag,Accessories,M,Charcoal,Fall,3.3,Yes,Free Shipping,Venmo,Monthly,Yes,Yes,54.55102040816327,High Loyalty,Valuable but Promo-Driven
318,58,Male,West Virginia,82,42,Sweater,Clothing,L,Teal,Fall,4.3,Yes,Standard,Cash,Every 3 Months,Yes,Yes,76.10204081632652,High Loyalty,Valuable but Promo-Driven
319,45,Male,South Dakota,67,10,Backpack,Accessories,M,Beige,Winter,2.5,Yes,Standard,Cash,Annually,Yes,Yes,52.01020408163265,Medium Loyalty,Mixed Behavior
320,47,Male,Maine,74,1,Shorts,Clothing,XL,White,Spring,2.6,Yes,Standard,Cash,Every 3 Months,Yes,Yes,47.0,Medium Loyalty,Mixed Behavior
321,66,Male,Kansas,72,28,Jewelry,Accessories,L,White,Summer,4.9,Yes,Standard,Debit Card,Quarterly,Yes,Yes,62.53061224489795,High Loyalty,Valuable but Promo-Driven
322,41,Male,Vermont,36,48,Sneakers,Footwear,L,Orange,Summer,4.7,Yes,Free Shipping,Debit Card,Quarterly,Yes,Yes,56.77551020408163,High Loyalty,Valuable but Promo-Driven
323,41,Male,Tennessee,95,47,Belt,Accessories,S,Cyan,Winter,3.0,Yes,Standard,Credit Card,Monthly,Yes,Yes,91.66326530612245,High Loyalty,Valuable but Promo-Driven
324,66,Male,Tennessee,78,29,Hoodie,Clothing,M,Orange,Winter,3.5,Yes,Next Day Air,PayPal,Bi-Weekly,Yes,Yes,66.14285714285715,High Loyalty,Valuable but Promo-Driven
325,37,Male,Wyoming,82,37,Shirt,Clothing,M,Olive,Summer,4.8,Yes,Standard,Venmo,Quarterly,Yes,Yes,73.04081632653062,High Loyalty,Valuable but Promo-Driven
326,70,Male,Vermont,70,38,Pants,Clothing,M,Charcoal,Winter,4.3,Yes,Free Shipping,Debit Card,Annually,Yes,Yes,70.6530612244898,High Loyalty,Valuable but Promo-Driven
327,62,Male,New Jersey,41,48,Scarf,Accessories,M,White,Fall,3.2,Yes,Store Pickup,Bank Transfer,Weekly,Yes,Yes,69.27551020408164,High Loyalty,Valuable but Promo-Driven
328,61,Male,Iowa,42,36,Coat,Outerwear,M,Teal,Summer,3.1,Yes,Free Shipping,PayPal,Weekly,Yes,Yes,62.42857142857142,High Loyalty,Valuable but Promo-Driven
329,48,Male,Florida,50,9,Coat,Outerwear,M,Yellow,Fall,2.8,Yes,Free Shipping,Credit Card,Weekly,Yes,Yes,49.89795918367347,Medium Loyalty,Mixed Behavior
330,70,Male,Nevada,31,34,Socks,Clothing,S,White,Summer,2.9,Yes,2-Day Shipping,Bank Transfer,Monthly,Yes,Yes,51.70408163265306,Medium Loyalty,Mixed Behavior
331,46,Male,North Dakota,51,43,Sweater,Clothing,M,Beige,Winter,3.750064716541548,Yes,Express,Venmo,Bi-Weekly,Yes,Yes,61.21428571428571,High Loyalty,Valuable but Promo-Driven
332,31,Male,Florida,98,46,Shirt,Clothing,L,Beige,Fall,3.3,Yes,Store Pickup,PayPal,Quarterly,Yes,Yes,86.55102040816327,High Loyalty,Valuable but Promo-Driven
333,19,Male,New York,86,5,Shirt,Clothing,M,Maroon,Winter,2.8,Yes,2-Day Shipping,Credit Card,Monthly,Yes,Yes,61.448979591836746,High Loyalty,Valuable but Promo-Driven
334,39,Male,Alaska,64,15,Sweater,Clothing,M,Teal,Winter,4.5,Yes,Standard,Bank Transfer,Bi-Weekly,Yes,Yes,50.57142857142858,Medium Loyalty,Mixed Behavior
335,41,Male,Kansas,46,30,Blouse,Clothing,M,Lavender,Fall,2.6,Yes,Next Day Air,Credit Card,Annually,Yes,Yes,53.755102040816325,High Loyalty,Valuable but Promo-Driven
336,20,Male,Oregon,85,44,Sweater,Clothing,L,Maroon,Spring,3.7,Yes,Standard,Venmo,Every 3 Months,Yes,Yes,78.8265306122449,High Loyalty,Valuable but Promo-Driven
337,36,Male,Rhode Island,81,16,Hat,Accessories,S,Orange,Fall,4.4,Yes,Express,PayPal,Annually,Yes,Yes,62.683673469387756,High Loyalty,Valuable but Promo-Driven
338,32,Male,New Mexico,59,16,Sweater,Clothing,M,Cyan,Winter,4.3,Yes,2-Day Shipping,Bank Transfer,Annually,Yes,Yes,51.683673469387756,Medium Loyalty,Mixed Behavior
339,69,Male,Massachusetts,79,16,Hoodie,Clothing,M,Silver,Winter,3.5,Yes,Express,Cash,Weekly,Yes,Yes,68.68367346938776,High Loyalty,Valuable but Promo-Driven
340,40,Male,Pennsylvania,33,21,Shorts,Clothing,M,Teal,Spring,3.8,Yes,2-Day Shipping,Credit Card,Every 3 Months,Yes,Yes,38.744897959183675,Medium Loyalty,Mixed Behavior
341,40,Male,New Jersey,47,39,Shorts,Clothing,L,Blue,Summer,3.5,Yes,Express,Venmo,Every 3 Months,Yes,Yes,56.765306122448976,High Loyalty,Valuable but Promo-Driven
342,20,Male,Utah,20,40,Hat,Accessories,S,Blue,Summer,4.6,Yes,Store Pickup,Debit Card,Bi-Weekly,Yes,Yes,43.877551020408156,Medium Loyalty,Mixed Behavior
343,64,Male,Kentucky,36,48,Coat,Outerwear,M,Olive,Spring,2.6,Yes,Next Day Air,Credit Card,Every 3 Months,Yes,Yes,56.77551020408163,High Loyalty,Valuable but Promo-Driven
344,27,Male,Nebraska,39,26,Sandals,Footwear,M,Purple,Summer,4.4,Yes,Next Day Air,Venmo,Monthly,Yes,Yes,50.80612244897959,Medium Loyalty,Mixed Behavior
345,24,Male,Virginia,71,46,Skirt,Clothing,M,Charcoal,Winter,4.0,Yes,Standard,Debit Card,Monthly,Yes,Yes,79.05102040816328,High Loyalty,Valuable but Promo-Driven
346,48,Male,Wyoming,59,27,Shoes,Footwear,S,Olive,Winter,4.4,Yes,Next Day Air,Bank Transfer,Annually,Yes,Yes,58.41836734693877,High Loyalty,Valuable but Promo-Driven
347,49,Male,New Mexico,50,5,Jeans,Clothing,L,Violet,Spring,4.7,Yes,Next Day Air,Cash,Weekly,Yes,Yes,47.44897959183674,Medium Loyalty,Mixed Behavior
348,36,Male,Oregon,41,43,Sandals,Footwear,L,Red,Fall,3.9,Yes,Store Pickup,PayPal,Fortnightly,Yes,Yes,64.21428571428571,High Loyalty,Valuable but Promo-Driven
349,56,Male,South Carolina,59,17,Blouse,Clothing,M,Beige,Fall,2.7,Yes,Free Shipping,PayPal,Fortnightly,Yes,Yes,57.29591836734694,High Loyalty,Valuable but Promo-Driven
350,37,Male,Arizona,87,3,Hat,Accessories,M,Green,Winter,3.7,Yes,2-Day Shipping,Bank Transfer,Bi-Weekly,Yes,Yes,54.72448979591837,High Loyalty,Valuable but Promo-Driven
351,42,Male,Kentucky,68,47,Sweater,Clothing,M,Violet,Spring,2.6,Yes,2-Day Shipping,Bank Transfer,Fortnightly,Yes,Yes,80.16326530612245,High Loyalty,Valuable but Promo-Driven
352,28,Male,New York,90,24,Skirt,Clothing,M,Teal,Winter,3.9,Yes,Standard,Debit Card,Bi-Weekly,Yes,Yes,69.08163265306122,High Loyalty,Valuable but Promo-Driven
353,27,Male,Texas,71,12,Jeans,Clothing,XL,Yellow,Fall,4.9,Yes,Next Day Air,Cash,Every 3 Months,Yes,Yes,52.23469387755102,Medium Loyalty,Mixed Behavior
354,63,Male,Missouri,64,35,Sneakers,Footwear,L,Yellow,Fall,4.1,Yes,Store Pickup,Debit Card,Monthly,Yes,Yes,68.81632653061224,High Loyalty,Valuable but Promo-Driven
355,58,Male,Pennsylvania,76,42,Jewelry,Accessories,S,Olive,Fall,3.0,Yes,Free Shipping,Venmo,Weekly,Yes,Yes,83.10204081632652,High Loyalty,Valuable but Promo-Driven
356,37,Male,Oregon,42,1,Jewelry,Accessories,XL,Magenta,Fall,4.1,Yes,2-Day Shipping,PayPal,Every 3 Months,Yes,Yes,31.000000000000007,Low Loyalty,Discount-Only (Only Buy on Sale)
357,56,Male,Nevada,80,27,Pants,Clothing,L,Black,Spring,3.750064716541548,Yes,Standard,Cash,Weekly,Yes,Yes,75.91836734693878,High Loyalty,Valuable but Promo-Driven
358,18,Male,Arkansas,56,16,Belt,Accessories,M,Olive,Spring,4.0,Yes,Standard,Credit Card,Bi-Weekly,Yes,Yes,47.18367346938776,Medium Loyalty,Mixed Behavior
359,48,Male,Minnesota,25,36,Hat,Accessories,XL,Magenta,Summer,3.6,Yes,Express,Credit Card,Every 3 Months,Yes,Yes,43.92857142857143,Medium Loyalty,Mixed Behavior
360,31,Male,Georgia,74,30,Sneakers,Footwear,M,Olive,Winter,3.0,Yes,Store Pickup,Credit Card,Every 3 Months,Yes,Yes,64.75510204081633,High Loyalty,Valuable but Promo-Driven
361,51,Male,Rhode Island,30,18,Pants,Clothing,M,Teal,Summer,3.0,Yes,Standard,Debit Card,Fortnightly,Yes,Yes,43.40816326530613,Medium Loyalty,Mixed Behavior
362,65,Male,Nevada,96,45,T-shirt,Clothing,M,White,Spring,2.6,Yes,Free Shipping,Cash,Annually,Yes,Yes,87.93877551020408,High Loyalty,Valuable but Promo-Driven
363,53,Male,Texas,64,1,Sneakers,Footwear,M,Charcoal,Fall,3.4,Yes,Free Shipping,Venmo,Fortnightly,Yes,Yes,50.0,Medium Loyalty,Mixed Behavior
364,55,Male,Florida,88,42,Shorts,Clothing,L,Yellow,Winter,3.1,Yes,Free Shipping,Bank Transfer,Fortnightly,Yes,Yes,87.10204081632654,High Loyalty,Valuable but Promo-Driven
365,62,Male,North Dakota,88,7,Shoes,Footwear,L,Charcoal,Summer,3.0,Yes,Free Shipping,Venmo,Every 3 Months,Yes,Yes,57.673469387755105,High Loyalty,Valuable but Promo-Driven
366,55,Male,West Virginia,88,50,Gloves,Accessories,XL,Gray,Summer,3.7,Yes,Standard,PayPal,Quarterly,Yes,Yes,84.00000000000001,High Loyalty,Valuable but Promo-Driven
367,64,Male,Nebraska,36,37,Socks,Clothing,M,Turquoise,Spring,3.5,Yes,Store Pickup,Venmo,Fortnightly,Yes,Yes,58.04081632653062,High Loyalty,Valuable but Promo-Driven
368,52,Male,Tennessee,40,18,Dress,Clothing,XL,Cyan,Spring,2.8,Yes,Store Pickup,Bank Transfer,Monthly,Yes,Yes,46.40816326530612,Medium Loyalty,Mixed Behavior
369,24,Male,Oklahoma,39,29,Handbag,Accessories,M,Charcoal,Spring,4.5,Yes,Standard,Cash,Monthly,Yes,Yes,52.642857142857146,Medium Loyalty,Mixed Behavior
370,38,Male,Wisconsin,40,45,Belt,Accessories,M,Silver,Summer,3.3,Yes,Store Pickup,PayPal,Quarterly,Yes,Yes,56.938775510204074,High Loyalty,Valuable but Promo-Driven
371,59,Male,Oregon,34,13,Scarf,Accessories,M,Olive,Winter,3.4,Yes,Express,PayPal,Weekly,Yes,Yes,44.3469387755102,Medium Loyalty,Mixed Behavior
372,27,Male,North Carolina,83,47,Sneakers,Footwear,S,Pink,Winter,3.2,Yes,2-Day Shipping,PayPal,Monthly,Yes,Yes,85.66326530612245,High Loyalty,Valuable but Promo-Driven
373,24,Male,Pennsylvania,85,7,Sweater,Clothing,L,Orange,Summer,3.7,Yes,Standard,Debit Card,Weekly,Yes,Yes,66.1734693877551,High Loyalty,Valuable but Promo-Driven
374,23,Male,North Dakota,27,11,Coat,Outerwear,L,White,Summer,4.6,Yes,Express,Venmo,Bi-Weekly,Yes,Yes,29.622448979591837,Low Loyalty,Discount-Only (Only Buy on Sale)
375,69,Male,Ohio,78,39,Jewelry,Accessories,S,Purple,Spring,5.0,Yes,Store Pickup,Bank Transfer,Monthly,Yes,Yes,78.26530612244898,High Loyalty,Valuable but Promo-Driven
376,59,Male,Oklahoma,32,6,Sunglasses,Accessories,M,Olive,Summer,4.4,Yes,Standard,Debit Card,Quarterly,Yes,Yes,29.061224489795922,Low Loyalty,Discount-Only (Only Buy on Sale)
377,51,Male,South Carolina,51,2,Shoes,Footwear,S,Gray,Fall,4.9,Yes,Express,Venmo,Bi-Weekly,Yes,Yes,36.11224489795919,Medium Loyalty,Mixed Behavior
378,63,Male,Maine,32,39,Scarf,Accessories,M,Silver,Spring,4.1,Yes,Standard,Credit Card,Every 3 Months,Yes,Yes,49.265306122448976,Medium Loyalty,Mixed Behavior
379,54,Male,Nevada,62,23,Dress,Clothing,L,Orange,Winter,4.9,Yes,Next Day Air,Credit Card,Monthly,Yes,Yes,60.46938775510205,High Loyalty,Valuable but Promo-Driven
380,32,Male,Montana,29,46,T-shirt,Clothing,S,Magenta,Fall,4.7,Yes,2-Day Shipping,Debit Card,Bi-Weekly,Yes,Yes,52.051020408163275,Medium Loyalty,Mixed Behavior
381,39,Male,New Hampshire,69,19,Backpack,Accessories,XL,Beige,Fall,3.0,Yes,Store Pickup,Bank Transfer,Weekly,Yes,Yes,65.52040816326532,High Loyalty,Valuable but Promo-Driven
382,66,Male,Maine,25,3,Jewelry,Accessories,L,Lavender,Winter,3.4,Yes,Store Pickup,Credit Card,Every 3 Months,Yes,Yes,23.72448979591837,Low Loyalty,Discount-Only (Only Buy on Sale)
383,28,Male,California,76,47,Jeans,Clothing,M,Peach,Winter,3.2,Yes,Store Pickup,PayPal,Quarterly,Yes,Yes,76.16326530612245,High Loyalty,Valuable but Promo-Driven
384,50,Male,West Virginia,77,6,Sunglasses,Accessories,S,Magenta,Fall,3.750064716541548,Yes,Standard,PayPal,Quarterly,Yes,Yes,51.56122448979592,Medium Loyalty,Mixed Behavior
385,70,Male,California,33,6,Sweater,Clothing,M,Beige,Fall,4.5,Yes,2-Day Shipping,Venmo,Annually,Yes,Yes,32.561224489795926,Low Loyalty,Discount-Only (Only Buy on Sale)
386,67,Male,West Virginia,93,12,Shorts,Clothing,S,Yellow,Fall,2.7,Yes,Next Day Air,Credit Card,Bi-Weekly,Yes,Yes,63.23469387755103,High Loyalty,Valuable but Promo-Driven
387,64,Male,Louisiana,39,40,Jewelry,Accessories,L,Brown,Spring,3.4,Yes,Express,PayPal,Quarterly,Yes,Yes,53.377551020408156,Medium Loyalty,Mixed Behavior
388,45,Male,Georgia,93,38,Coat,Outerwear,L,Silver,Summer,4.6,Yes,Store Pickup,PayPal,Fortnightly,Yes,Yes,87.1530612244898,High Loyalty,Valuable but Promo-Driven
389,22,Male,Washington,82,10,Handbag,Accessories,M,Orange,Summer,2.7,Yes,Store Pickup,PayPal,Quarterly,Yes,Yes,56.51020408163265,High Loyalty,Valuable but Promo-Driven
390,27,Male,Virginia,42,28,Boots,Footwear,L,Purple,Spring,4.2,Yes,Standard,Bank Transfer,Monthly,Yes,Yes,53.53061224489796,High Loyalty,Valuable but Promo-Driven
391,25,Male,Indiana,71,19,Gloves,Accessories,M,Indigo,Winter,3.2,Yes,2-Day Shipping,PayPal,Annually,Yes,Yes,59.520408163265316,High Loyalty,Valuable but Promo-Driven
392,37,Male,Minnesota,86,25,Sweater,Clothing,L,Gray,Spring,4.8,Yes,Standard,Cash,Fortnightly,Yes,Yes,75.69387755102042,High Loyalty,Valuable but Promo-Driven
393,26,Male,Idaho,82,38,T-shirt,Clothing,XL,Black,Spring,3.3,Yes,Next Day Air,Credit Card,Annually,Yes,Yes,76.6530612244898,High Loyalty,Valuable but Promo-Driven
394,33,Male,Vermont,65,6,Shoes,Footwear,L,Maroon,Fall,4.2,Yes,Standard,PayPal,Fortnightly,Yes,Yes,53.56122448979592,High Loyalty,Valuable but Promo-Driven
395,43,Male,North Dakota,29,7,Scarf,Accessories,M,Beige,Spring,4.8,Yes,Store Pickup,Debit Card,Bi-Weekly,Yes,Yes,28.1734693877551,Low Loyalty,Discount-Only (Only Buy on Sale)
396,37,Male,Rhode Island,65,2,Sneakers,Footwear,L,Brown,Winter,4.9,Yes,Store Pickup,PayPal,Annually,Yes,Yes,46.11224489795919,Medium Loyalty,Mixed Behavior
397,46,Male,South Carolina,88,24,Dress,Clothing,S,Black,Fall,3.9,Yes,Standard,Bank Transfer,Annually,Yes,Yes,71.08163265306125,High Loyalty,Valuable but Promo-Driven
398,22,Male,Mississippi,46,26,Belt,Accessories,M,Indigo,Fall,3.0,Yes,Free Shipping,Cash,Annually,Yes,Yes,51.30612244897959,Medium Loyalty,Mixed Behavior
399,20,Male,Montana,67,25,Boots,Footwear,S,Silver,Winter,4.6,Yes,Free Shipping,Debit Card,Every 3 Months,Yes,Yes,58.193877551020414,High Loyalty,Valuable but Promo-Driven
400,60,Male,Idaho,35,10,Scarf,Accessories,L,Blue,Fall,3.5,Yes,2-Day Shipping,Debit Card,Monthly,Yes,Yes,39.01020408163266,Medium Loyalty,Mixed Behavior
401,39,Male,Utah,66,14,Boots,Footwear,M,Green,Winter,4.8,Yes,Free Shipping,PayPal,Fortnightly,Yes,Yes,58.9591836734694,High Loyalty,Valuable but Promo-Driven
402,43,Male,Oklahoma,91,21,T-shirt,Clothing,L,Orange,Fall,4.8,Yes,Standard,Cash,Quarterly,Yes,Yes,67.74489795918367,High Loyalty,Valuable but Promo-Driven
403,31,Male,California,78,26,Backpack,Accessories,L,Cyan,Fall,3.0,Yes,Express,PayPal,Monthly,Yes,Yes,70.30612244897961,High Loyalty,Valuable but Promo-Driven
404,19,Male,Nevada,45,12,Sneakers,Footwear,M,Orange,Winter,4.5,Yes,Next Day Air,Bank Transfer,Annually,Yes,Yes,42.234693877551024,Medium Loyalty,Mixed Behavior
405,35,Male,Delaware,93,11,T-shirt,Clothing,M,Indigo,Spring,4.8,Yes,Store Pickup,Credit Card,Monthly,Yes,Yes,68.62244897959184,High Loyalty,Valuable but Promo-Driven
406,41,Male,South Carolina,74,15,Jeans,Clothing,S,Silver,Summer,3.8,Yes,Standard,Cash,Annually,Yes,Yes,58.57142857142858,High Loyalty,Valuable but Promo-Driven
407,52,Male,Maryland,55,13,Gloves,Accessories,M,Peach,Spring,4.6,Yes,Express,Cash,Monthly,Yes,Yes,50.84693877551021,Medium Loyalty,Mixed Behavior
408,45,Male,North Carolina,76,5,Hoodie,Clothing,XL,Teal,Spring,3.1,Yes,Next Day Air,Credit Card,Bi-Weekly,Yes,Yes,50.44897959183674,Medium Loyalty,Mixed Behavior
409,34,Male,Alabama,66,36,Sneakers,Footwear,L,White,Spring,3.4,Yes,Express,Cash,Fortnightly,Yes,Yes,72.42857142857144,High Loyalty,Valuable but Promo-Driven
410,35,Male,Minnesota,51,32,Shorts,Clothing,M,Brown,Winter,3.3,Yes,2-Day Shipping,Bank Transfer,Monthly,Yes,Yes,60.479591836734706,High Loyalty,Valuable but Promo-Driven
411,29,Male,Virginia,26,1,Sweater,Clothing,L,Lavender,Spring,4.8,Yes,2-Day Shipping,Credit Card,Quarterly,Yes,Yes,23.0,Low Loyalty,Discount-Only (Only Buy on Sale)
412,59,Male,Michigan,29,15,Jeans,Clothing,M,Indigo,Summer,2.8,Yes,Express,PayPal,Annually,Yes,Yes,36.07142857142858,Medium Loyalty,Mixed Behavior
413,24,Male,Maine,74,3,Jacket,Outerwear,M,Yellow,Summer,3.1,Yes,Store Pickup,Bank Transfer,Weekly,Yes,Yes,58.224489795918366,High Loyalty,Valuable but Promo-Driven
414,70,Male,Nevada,99,48,Jewelry,Accessories,S,White,Summer,4.6,Yes,Free Shipping,Cash,Monthly,Yes,Yes,94.27551020408163,High Loyalty,Valuable but Promo-Driven
415,29,Male,Wyoming,88,30,Backpack,Accessories,L,Violet,Winter,2.6,Yes,Store Pickup,Debit Card,Weekly,Yes,Yes,81.75510204081633,High Loyalty,Valuable but Promo-Driven
416,67,Male,Connecticut,31,40,Coat,Outerwear,M,Lavender,Winter,2.6,Yes,Express,Bank Transfer,Monthly,Yes,Yes,55.377551020408156,High Loyalty,Valuable but Promo-Driven
417,36,Male,Oregon,55,24,Belt,Accessories,L,Olive,Spring,3.8,Yes,Free Shipping,Bank Transfer,Fortnightly,Yes,Yes,59.58163265306122,High Loyalty,Valuable but Promo-Driven
418,23,Male,Mississippi,81,48,Sandals,Footwear,L,Beige,Fall,4.5,Yes,Free Shipping,Debit Card,Quarterly,Yes,Yes,79.27551020408163,High Loyalty,Valuable but Promo-Driven
419,18,Male,Illinois,73,27,Sweater,Clothing,L,Purple,Spring,3.0,Yes,Standard,Venmo,Bi-Weekly,Yes,Yes,62.41836734693877,High Loyalty,Valuable but Promo-Driven
420,53,Male,Utah,91,14,Shorts,Clothing,S,Teal,Winter,3.750064716541548,Yes,Free Shipping,Credit Card,Every 3 Months,Yes,Yes,63.45918367346939,High Loyalty,Valuable but Promo-Driven
421,32,Male,North Carolina,54,18,Socks,Clothing,S,Peach,Spring,3.8,Yes,Free Shipping,Debit Card,Bi-Weekly,Yes,Yes,47.40816326530612,Medium Loyalty,Mixed Behavior
422,38,Male,Kentucky,40,48,Shirt,Clothing,M,Violet,Winter,3.5,Yes,Standard,Cash,Bi-Weekly,Yes,Yes,58.77551020408163,High Loyalty,Valuable but Promo-Driven
423,47,Male,Minnesota,59,32,Pants,Clothing,M,Purple,Fall,3.1,Yes,Store Pickup,Debit Card,Annually,Yes,Yes,61.479591836734706,High Loyalty,Valuable but Promo-Driven
424,46,Male,New York,26,21,Scarf,Accessories,L,Teal,Spring,3.0,Yes,Store Pickup,Credit Card,Bi-Weekly,Yes,Yes,35.244897959183675,Medium Loyalty,Mixed Behavior
425,66,Male,Illinois,23,42,Sweater,Clothing,M,Gold,Winter,4.3,Yes,Standard,PayPal,Fortnightly,Yes,Yes,54.602040816326536,High Loyalty,Valuable but Promo-Driven
426,40,Male,North Dakota,87,4,Jeans,Clothing,S,Teal,Winter,3.3,Yes,Store Pickup,Credit Card,Quarterly,Yes,Yes,55.33673469387757,High Loyalty,Valuable but Promo-Driven
427,43,Male,Louisiana,71,19,Pants,Clothing,M,Violet,Winter,4.7,Yes,Express,Credit Card,Quarterly,Yes,Yes,56.520408163265316,High Loyalty,Valuable but Promo-Driven
428,58,Male,Illinois,91,6,Backpack,Accessories,L,Black,Winter,4.5,Yes,Store Pickup,Credit Card,Quarterly,Yes,Yes,58.56122448979592,High Loyalty,Valuable but Promo-Driven
429,21,Male,Wyoming,64,2,Coat,Outerwear,XL,Gold,Winter,2.9,Yes,Free Shipping,Debit Card,Fortnightly,Yes,Yes,50.612244897959194,Medium Loyalty,Mixed Behavior
430,42,Male,Washington,94,21,Sandals,Footwear,M,Gold,Winter,4.1,Yes,2-Day Shipping,Cash,Fortnightly,Yes,Yes,77.24489795918367,High Loyalty,Valuable but Promo-Driven
431,24,Male,Texas,40,40,Shirt,Clothing,M,Brown,Summer,3.5,Yes,Store Pickup,Debit Card,Annually,Yes,Yes,56.87755102040817,High Loyalty,Valuable but Promo-Driven
432,43,Male,New Hampshire,76,33,Hat,Accessories,L,Cyan,Winter,3.4,Yes,Store Pickup,Cash,Fortnightly,Yes,Yes,75.5918367346939,High Loyalty,Valuable but Promo-Driven
433,47,Male,Indiana,86,26,Shirt,Clothing,S,Indigo,Fall,3.3,Yes,Free Shipping,Venmo,Weekly,Yes,Yes,78.3061224489796,High Loyalty,Valuable but Promo-Driven
434,49,Male,Alabama,92,23,Skirt,Clothing,M,Orange,Fall,3.2,Yes,Store Pickup,Credit Card,Fortnightly,Yes,Yes,77.46938775510206,High Loyalty,Valuable but Promo-Driven
435,50,Male,Oklahoma,52,39,Shoes,Footwear,L,Pink,Spring,4.0,Yes,Store Pickup,PayPal,Every 3 Months,Yes,Yes,59.265306122448976,High Loyalty,Valuable but Promo-Driven
436,51,Male,Montana,28,42,Coat,Outerwear,XL,Olive,Winter,3.6,Yes,Next Day Air,Bank Transfer,Monthly,Yes,Yes,55.10204081632652,High Loyalty,Valuable but Promo-Driven
437,40,Male,Tennessee,46,41,Pants,Clothing,L,Cyan,Summer,4.6,Yes,Free Shipping,Bank Transfer,Weekly,Yes,Yes,67.48979591836735,High Loyalty,Valuable but Promo-Driven
438,45,Male,New Mexico,50,41,Jewelry,Accessories,M,Peach,Summer,2.6,Yes,Next Day Air,PayPal,Annually,Yes,Yes,62.48979591836734,High Loyalty,Valuable but Promo-Driven
439,52,Male,Iowa,23,12,Belt,Accessories,M,Turquoise,Winter,4.3,Yes,Express,Credit Card,Fortnightly,Yes,Yes,36.234693877551024,Medium Loyalty,Mixed Behavior
440,62,Male,Idaho,50,31,Jacket,Outerwear,M,Turquoise,Summer,3.4,Yes,Free Shipping,Cash,Monthly,Yes,Yes,59.367346938775526,High Loyalty,Valuable but Promo-Driven
441,20,Male,Oklahoma,89,34,Shirt,Clothing,XL,Maroon,Winter,3.5,Yes,Store Pickup,Debit Card,Fortnightly,Yes,Yes,82.70408163265306,High Loyalty,Valuable but Promo-Driven
442,43,Male,Florida,81,32,Hoodie,Clothing,M,Maroon,Winter,4.2,Yes,Standard,Credit Card,Annually,Yes,Yes,72.4795918367347,High Loyalty,Valuable but Promo-Driven
443,29,Male,Michigan,69,31,Sunglasses,Accessories,M,Olive,Fall,3.750064716541548,Yes,Store Pickup,Credit Card,Quarterly,Yes,Yes,62.86734693877551,High Loyalty,Valuable but Promo-Driven
444,22,Male,Hawaii,67,24,Sunglasses,Accessories,M,Magenta,Summer,3.6,Yes,Free Shipping,PayPal,Annually,Yes,Yes,60.58163265306122,High Loyalty,Valuable but Promo-Driven
445,48,Male,California,20,31,Dress,Clothing,M,Red,Summer,4.3,Yes,Store Pickup,Debit Card,Annually,Yes,Yes,41.367346938775505,Medium Loyalty,Mixed Behavior
446,42,Male,Iowa,29,18,Boots,Footwear,M,Olive,Fall,4.9,Yes,Standard,Venmo,Annually,Yes,Yes,37.90816326530613,Medium Loyalty,Mixed Behavior
447,19,Male,West Virginia,74,15,Shirt,Clothing,M,Silver,Summer,4.1,Yes,Store Pickup,Venmo,Monthly,Yes,Yes,61.57142857142857,High Loyalty,Valuable but Promo-Driven
448,60,Male,Washington,82,7,Shorts,Clothing,S,Turquoise,Spring,3.6,Yes,Standard,Bank Transfer,Every 3 Months,Yes,Yes,54.673469387755105,High Loyalty,Valuable but Promo-Driven
449,32,Male,Missouri,23,35,Gloves,Accessories,M,Yellow,Summer,3.4,Yes,Next Day Air,Bank Transfer,Fortnightly,Yes,Yes,50.316326530612244,Medium Loyalty,Mixed Behavior
450,26,Male,New York,45,35,Jewelry,Accessories,L,Peach,Summer,2.9,Yes,2-Day Shipping,Bank Transfer,Monthly,Yes,Yes,59.31632653061225,High Loyalty,Valuable but Promo-Driven
451,25,Male,Connecticut,21,19,Boots,Footwear,L,Beige,Summer,2.7,Yes,Store Pickup,Credit Card,Monthly,Yes,Yes,37.52040816326531,Medium Loyalty,Mixed Behavior
452,66,Male,Virginia,31,26,Jewelry,Accessories,M,Pink,Summer,4.3,Yes,Express,Credit Card,Fortnightly,Yes,Yes,48.80612244897959,Medium Loyalty,Mixed Behavior
453,45,Male,Missouri,45,39,Pants,Clothing,M,Violet,Summer,3.750064716541548,Yes,Express,PayPal,Fortnightly,Yes,Yes,63.765306122448976,High Loyalty,Valuable but Promo-Driven
454,54,Male,Nebraska,56,22,Jewelry,Accessories,XL,Peach,Winter,2.8,Yes,Next Day Air,Credit Card,Weekly,Yes,Yes,60.85714285714287,High Loyalty,Valuable but Promo-Driven
455,37,Male,New Jersey,97,14,Jacket,Outerwear,S,Gold,Summer,3.2,Yes,Next Day Air,Cash,Bi-Weekly,Yes,Yes,66.4591836734694,High Loyalty,Valuable but Promo-Driven
456,54,Male,Utah,100,50,Blouse,Clothing,XL,Gold,Fall,3.6,Yes,Store Pickup,Debit Card,Fortnightly,Yes,Yes,98.0,High Loyalty,Valuable but Promo-Driven
457,50,Male,North Carolina,96,33,Blouse,Clothing,S,Indigo,Fall,4.0,Yes,2-Day Shipping,Credit Card,Quarterly,Yes,Yes,77.5918367346939,High Loyalty,Valuable but Promo-Driven
458,25,Male,Rhode Island,99,48,Gloves,Accessories,M,Blue,Spring,4.9,Yes,Next Day Air,Debit Card,Every 3 Months,Yes,Yes,88.27551020408163,High Loyalty,Valuable but Promo-Driven
459,47,Male,Arkansas,91,48,Shorts,Clothing,L,Black,Winter,4.0,Yes,2-Day Shipping,PayPal,Monthly,Yes,Yes,90.27551020408163,High Loyalty,Valuable but Promo-Driven
460,63,Male,Maryland,30,27,Hat,Accessories,L,Black,Winter,3.8,Yes,Standard,PayPal,Fortnightly,Yes,Yes,48.91836734693877,Medium Loyalty,Mixed Behavior
461,64,Male,South Carolina,65,27,Shoes,Footwear,L,Teal,Summer,3.750064716541548,Yes,Store Pickup,Bank Transfer,Weekly,Yes,Yes,68.41836734693877,High Loyalty,Valuable but Promo-Driven
462,18,Male,Ohio,93,20,Boots,Footwear,M,Yellow,Winter,3.9,Yes,Express,Venmo,Weekly,Yes,Yes,78.13265306122449,High Loyalty,Valuable but Promo-Driven
463,59,Male,Illinois,81,48,Jacket,Outerwear,M,White,Fall,3.3,Yes,Express,Venmo,Every 3 Months,Yes,Yes,79.27551020408163,High Loyalty,Valuable but Promo-Driven
464,37,Male,Georgia,81,29,Jewelry,Accessories,S,Orange,Summer,2.7,Yes,Standard,Venmo,Weekly,Yes,Yes,77.64285714285714,High Loyalty,Valuable but Promo-Driven
465,23,Male,Alabama,52,45,Sunglasses,Accessories,M,Silver,Winter,4.7,Yes,Next Day Air,PayPal,Monthly,Yes,Yes,68.93877551020408,High Loyalty,Valuable but Promo-Driven
466,54,Male,Oklahoma,88,25,Skirt,Clothing,M,Pink,Summer,2.8,Yes,Next Day Air,Cash,Quarterly,Yes,Yes,68.6938775510204,High Loyalty,Valuable but Promo-Driven
467,38,Male,Vermont,24,25,Jeans,Clothing,L,Turquoise,Winter,4.6,Yes,Free Shipping,PayPal,Weekly,Yes,Yes,46.693877551020414,Medium Loyalty,Mixed Behavior
468,19,Male,Nebraska,51,37,Backpack,Accessories,S,Orange,Spring,4.5,Yes,2-Day Shipping,Debit Card,Every 3 Months,Yes,Yes,57.54081632653061,High Loyalty,Valuable but Promo-Driven
469,34,Male,Georgia,38,16,Backpack,Accessories,S,Peach,Fall,5.0,Yes,Free Shipping,Cash,Quarterly,Yes,Yes,38.183673469387756,Medium Loyalty,Mixed Behavior
470,21,Male,Alabama,46,30,Shorts,Clothing,L,Pink,Fall,4.1,Yes,2-Day Shipping,Debit Card,Bi-Weekly,Yes,Yes,50.755102040816325,Medium Loyalty,Mixed Behavior
471,50,Male,Minnesota,63,6,Dress,Clothing,L,Teal,Summer,4.6,Yes,Express,Cash,Every 3 Months,Yes,Yes,44.561224489795926,Medium Loyalty,Mixed Behavior
472,55,Male,Missouri,72,36,Scarf,Accessories,XL,White,Winter,4.9,Yes,2-Day Shipping,Bank Transfer,Quarterly,Yes,Yes,67.42857142857143,High Loyalty,Valuable but Promo-Driven
473,20,Male,Georgia,39,3,Jeans,Clothing,L,Gray,Winter,3.9,Yes,Free Shipping,Bank Transfer,Quarterly,Yes,Yes,30.724489795918373,Low Loyalty,Discount-Only (Only Buy on Sale)
474,34,Male,West Virginia,42,29,Coat,Outerwear,L,Olive,Spring,3.9,Yes,Store Pickup,PayPal,Every 3 Months,Yes,Yes,48.142857142857146,Medium Loyalty,Mixed Behavior
475,62,Male,Arkansas,76,15,Sweater,Clothing,XL,Maroon,Summer,2.6,Yes,2-Day Shipping,Cash,Quarterly,Yes,Yes,56.57142857142857,High Loyalty,Valuable but Promo-Driven
476,21,Male,Ohio,66,18,Sneakers,Footwear,L,Magenta,Summer,2.7,Yes,Free Shipping,Debit Card,Annually,Yes,Yes,56.40816326530613,High Loyalty,Valuable but Promo-Driven
477,21,Male,Connecticut,90,2,Scarf,Accessories,M,Magenta,Spring,3.5,Yes,Free Shipping,Debit Card,Fortnightly,Yes,Yes,63.6122448979592,High Loyalty,Valuable but Promo-Driven
478,42,Male,North Dakota,56,49,Sweater,Clothing,M,Green,Summer,3.7,Yes,Free Shipping,Debit Card,Weekly,Yes,Yes,77.38775510204083,High Loyalty,Valuable but Promo-Driven
479,35,Male,Kansas,43,48,Jewelry,Accessories,XL,Turquoise,Winter,3.2,Yes,Free Shipping,Venmo,Annually,Yes,Yes,63.275510204081634,High Loyalty,Valuable but Promo-Driven
480,39,Male,Iowa,84,43,Handbag,Accessories,L,Yellow,Winter,3.3,Yes,Store Pickup,Venmo,Monthly,Yes,Yes,83.71428571428572,High Loyalty,Valuable but Promo-Driven
481,68,Male,Vermont,88,30,Hoodie,Clothing,M,Gray,Summer,4.8,Yes,Standard,Debit Card,Bi-Weekly,Yes,Yes,71.75510204081633,High Loyalty,Valuable but Promo-Driven
482,46,Male,Wisconsin,88,10,Hat,Accessories,L,Peach,Fall,3.2,Yes,2-Day Shipping,PayPal,Fortnightly,Yes,Yes,67.51020408163266,High Loyalty,Valuable but Promo-Driven
483,41,Male,Connecticut,42,11,Belt,Accessories,M,Yellow,Winter,2.5,Yes,2-Day Shipping,Venmo,Annually,Yes,Yes,40.12244897959184,Medium Loyalty,Mixed Behavior
484,23,Male,Oklahoma,73,12,Hoodie,Clothing,M,White,Fall,3.9,Yes,Store Pickup,Debit Card,Weekly,Yes,Yes,63.23469387755102,High Loyalty,Valuable but Promo-Driven
485,68,Male,Missouri,73,28,Hat,Accessories,L,Lavender,Summer,4.7,Yes,Free Shipping,Bank Transfer,Quarterly,Yes,Yes,63.030612244897966,High Loyalty,Valuable but Promo-Driven
486,48,Male,Tennessee,44,36,Shoes,Footwear,S,Blue,Spring,2.6,Yes,Next Day Air,Debit Card,Fortnightly,Yes,Yes,61.42857142857143,High Loyalty,Valuable but Promo-Driven
487,38,Male,New Mexico,63,37,Sandals,Footwear,M,Charcoal,Fall,2.8,Yes,Store Pickup,Venmo,Every 3 Months,Yes,Yes,63.54081632653062,High Loyalty,Valuable but Promo-Driven
488,41,Male,Iowa,68,22,Jacket,Outerwear,L,Red,Winter,4.4,Yes,Store Pickup,Credit Card,Quarterly,Yes,Yes,56.85714285714285,High Loyalty,Valuable but Promo-Driven
489,58,Male,Maine,29,32,Sweater,Clothing,L,Olive,Spring,4.6,Yes,Standard,Venmo,Weekly,Yes,Yes,53.4795918367347,Medium Loyalty,Mixed Behavior
490,49,Male,South Dakota,85,40,Socks,Clothing,M,Green,Summer,3.2,Yes,Standard,PayPal,Annually,Yes,Yes,79.37755102040815,High Loyalty,Valuable but Promo-Driven
491,57,Male,Colorado,42,47,Sneakers,Footwear,M,Silver,Winter,4.2,Yes,2-Day Shipping,Cash,Monthly,Yes,Yes,65.16326530612247,High Loyalty,Valuable but Promo-Driven
492,49,Male,Vermont,69,24,Coat,Outerwear,M,Silver,Summer,3.750064716541548,Yes,2-Day Shipping,Credit Card,Bi-Weekly,Yes,Yes,58.58163265306122,High Loyalty,Valuable but Promo-Driven
493,50,Male,Michigan,62,11,Shirt,Clothing,M,Black,Fall,3.9,Yes,Standard,Debit Card,Weekly,Yes,Yes,57.122448979591844,High Loyalty,Valuable but Promo-Driven
494,28,Male,Nevada,48,19,Backpack,Accessories,XL,Red,Summer,4.7,Yes,Store Pickup,Cash,Bi-Weekly,Yes,Yes,45.02040816326531,Medium Loyalty,Mixed Behavior
495,38,Male,Indiana,68,42,Boots,Footwear,M,Indigo,Winter,4.5,Yes,Express,Debit Card,Weekly,Yes,Yes,79.10204081632654,High Loyalty,Valuable but Promo-Driven
496,33,Male,Michigan,36,6,Handbag,Accessories,XL,Cyan,Fall,3.3,Yes,Free Shipping,Debit Card,Fortnightly,Yes,Yes,39.061224489795926,Medium Loyalty,Mixed Behavior
497,30,Male,California,63,31,Dress,Clothing,S,Maroon,Fall,3.3,Yes,Express,Venmo,Fortnightly,Yes,Yes,67.86734693877551,High Loyalty,Valuable but Promo-Driven
498,43,Male,Oklahoma,39,31,Sneakers,Footwear,S,Silver,Winter,4.6,Yes,Free Shipping,Cash,Weekly,Yes,Yes,57.86734693877551,High Loyalty,Valuable but Promo-Driven
499,43,Male,Iowa,78,27,Boots,Footwear,M,Lavender,Spring,3.6,Yes,Free Shipping,Bank Transfer,Monthly,Yes,Yes,70.91836734693877,High Loyalty,Valuable but Promo-Driven
500,36,Male,Rhode Island,99,24,Shoes,Footwear,L,Silver,Winter,4.8,Yes,Express,PayPal,Monthly,Yes,Yes,79.58163265306123,High Loyalty,Valuable but Promo-Driven
501,36,Male,Washington,31,35,T-shirt,Clothing,L,Purple,Fall,4.8,Yes,Next Day Air,Venmo,Every 3 Months,Yes,Yes,46.316326530612244,Medium Loyalty,Mixed Behavior
502,64,Male,Florida,45,21,Boots,Footwear,M,Cyan,Spring,2.9,Yes,Next Day Air,Venmo,Annually,Yes,Yes,47.744897959183675,Medium Loyalty,Mixed Behavior
503,59,Male,South Carolina,30,8,Pants,Clothing,S,Cyan,Fall,2.8,Yes,Express,PayPal,Fortnightly,Yes,Yes,37.28571428571429,Medium Loyalty,Mixed Behavior
504,55,Male,West Virginia,24,26,Shoes,Footwear,M,Lavender,Summer,3.2,Yes,Next Day Air,Bank Transfer,Quarterly,Yes,Yes,37.30612244897959,Medium Loyalty,Mixed Behavior
505,42,Male,Missouri,22,26,Shoes,Footwear,M,Maroon,Winter,3.9,Yes,Free Shipping,PayPal,Annually,Yes,Yes,39.30612244897959,Medium Loyalty,Mixed Behavior
506,61,Male,Maine,63,9,T-shirt,Clothing,L,Gray,Spring,4.3,Yes,Express,Cash,Bi-Weekly,Yes,Yes,46.39795918367348,Medium Loyalty,Mixed Behavior
507,28,Male,Georgia,40,48,Scarf,Accessories,M,Olive,Fall,2.7,Yes,2-Day Shipping,Debit Card,Annually,Yes,Yes,61.77551020408163,High Loyalty,Valuable but Promo-Driven
508,65,Male,Maine,20,33,Shorts,Clothing,M,Magenta,Spring,5.0,Yes,Store Pickup,Debit Card,Fortnightly,Yes,Yes,47.59183673469388,Medium Loyalty,Mixed Behavior
509,27,Male,Illinois,20,31,Jewelry,Accessories,S,Yellow,Winter,3.7,Yes,Store Pickup,PayPal,Quarterly,Yes,Yes,38.367346938775505,Medium Loyalty,Mixed Behavior
510,41,Male,Delaware,80,17,T-shirt,Clothing,L,Cyan,Summer,3.9,Yes,Free Shipping,Debit Card,Weekly,Yes,Yes,69.79591836734694,High Loyalty,Valuable but Promo-Driven
511,21,Male,West Virginia,87,22,Shirt,Clothing,M,Teal,Fall,3.9,Yes,2-Day Shipping,Venmo,Annually,Yes,Yes,69.35714285714288,High Loyalty,Valuable but Promo-Driven
512,61,Male,Hawaii,46,8,Shirt,Clothing,L,Yellow,Fall,3.1,Yes,Free Shipping,PayPal,Annually,Yes,Yes,40.28571428571429,Medium Loyalty,Mixed Behavior
513,19,Male,New York,49,2,Gloves,Accessories,L,Peach,Winter,3.750064716541548,Yes,Next Day Air,Bank Transfer,Monthly,Yes,Yes,41.11224489795919,Medium Loyalty,Mixed Behavior
514,22,Male,New Mexico,65,45,Scarf,Accessories,M,Peach,Fall,3.6,Yes,Store Pickup,Venmo,Annually,Yes,Yes,72.43877551020408,High Loyalty,Valuable but Promo-Driven
515,64,Male,Indiana,62,47,Skirt,Clothing,S,Olive,Winter,4.3,Yes,Standard,PayPal,Quarterly,Yes,Yes,69.16326530612244,High Loyalty,Valuable but Promo-Driven
516,28,Male,Kentucky,67,7,Hat,Accessories,L,Charcoal,Spring,4.5,Yes,Next Day Air,Cash,Monthly,Yes,Yes,53.1734693877551,Medium Loyalty,Mixed Behavior
517,34,Male,West Virginia,41,19,Hoodie,Clothing,L,Indigo,Fall,2.8,Yes,2-Day Shipping,Debit Card,Bi-Weekly,Yes,Yes,41.52040816326531,Medium Loyalty,Mixed Behavior
518,61,Male,North Dakota,49,44,Boots,Footwear,L,Silver,Fall,2.7,Yes,Free Shipping,Cash,Every 3 Months,Yes,Yes,60.8265306122449,High Loyalty,Valuable but Promo-Driven
519,24,Male,Oregon,100,16,Blouse,Clothing,M,Beige,Fall,2.9,Yes,Next Day Air,Venmo,Every 3 Months,Yes,Yes,69.18367346938777,High Loyalty,Valuable but Promo-Driven
520,19,Male,Minnesota,54,17,Belt,Accessories,L,Blue,Summer,4.4,Yes,2-Day Shipping,Bank Transfer,Quarterly,Yes,Yes,46.79591836734694,Medium Loyalty,Mixed Behavior
521,51,Male,South Carolina,84,20,Sunglasses,Accessories,M,White,Spring,3.9,Yes,Free Shipping,Debit Card,Quarterly,Yes,Yes,63.632653061224495,High Loyalty,Valuable but Promo-Driven
522,36,Male,Vermont,41,50,Shorts,Clothing,L,Gold,Winter,3.5,Yes,Standard,Bank Transfer,Annually,Yes,Yes,63.5,High Loyalty,Valuable but Promo-Driven
523,65,Male,Minnesota,88,37,Gloves,Accessories,M,Blue,Spring,2.5,Yes,Store Pickup,Cash,Quarterly,Yes,Yes,76.04081632653062,High Loyalty,Valuable but Promo-Driven
524,46,Male,Delaware,40,5,Sandals,Footwear,M,Orange,Spring,4.9,Yes,Express,PayPal,Quarterly,Yes,Yes,32.44897959183673,Low Loyalty,Discount-Only (Only Buy on Sale)
525,59,Male,Pennsylvania,39,44,Shirt,Clothing,M,Gold,Summer,4.8,Yes,Free Shipping,PayPal,Annually,Yes,Yes,58.826530612244895,High Loyalty,Valuable but Promo-Driven
526,51,Male,Iowa,37,41,Coat,Outerwear,M,Cyan,Spring,3.2,Yes,Next Day Air,Debit Card,Monthly,Yes,Yes,58.98979591836735,High Loyalty,Valuable but Promo-Driven
527,51,Male,New Jersey,52,19,Pants,Clothing,S,Red,Winter,4.9,Yes,Standard,Cash,Monthly,Yes,Yes,53.02040816326531,Medium Loyalty,Mixed Behavior
528,21,Male,South Carolina,23,47,T-shirt,Clothing,L,Yellow,Winter,4.3,Yes,Next Day Air,Bank Transfer,Every 3 Months,Yes,Yes,49.66326530612245,Medium Loyalty,Mixed Behavior
529,34,Male,Maryland,88,40,Sneakers,Footwear,S,Beige,Winter,3.2,Yes,Express,Cash,Annually,Yes,Yes,80.87755102040816,High Loyalty,Valuable but Promo-Driven
530,32,Male,California,84,6,Shorts,Clothing,M,Orange,Fall,3.7,Yes,Standard,Credit Card,Monthly,Yes,Yes,61.06122448979592,High Loyalty,Valuable but Promo-Driven
531,48,Male,Montana,37,25,Coat,Outerwear,XL,Magenta,Winter,3.2,Yes,Store Pickup,Credit Card,Bi-Weekly,Yes,Yes,43.19387755102041,Medium Loyalty,Mixed Behavior
532,50,Male,Vermont,51,42,Sandals,Footwear,L,Purple,Fall,3.4,Yes,Next Day Air,Cash,Weekly,Yes,Yes,70.60204081632652,High Loyalty,Valuable but Promo-Driven
533,26,Male,Texas,76,35,Pants,Clothing,L,Black,Winter,4.1,Yes,Express,Bank Transfer,Every 3 Months,Yes,Yes,68.81632653061224,High Loyalty,Valuable but Promo-Driven
534,57,Male,North Carolina,60,17,Sandals,Footwear,L,Pink,Spring,4.5,Yes,Next Day Air,Debit Card,Weekly,Yes,Yes,59.79591836734694,High Loyalty,Valuable but Promo-Driven
535,65,Male,Florida,72,4,Gloves,Accessories,L,Pink,Fall,4.5,Yes,Next Day Air,PayPal,Quarterly,Yes,Yes,47.83673469387755,Medium Loyalty,Mixed Behavior
536,56,Male,West Virginia,45,24,T-shirt,Clothing,L,Maroon,Spring,3.2,Yes,Free Shipping,Bank Transfer,Weekly,Yes,Yes,56.581632653061234,High Loyalty,Valuable but Promo-Driven
537,44,Male,Illinois,84,16,Jacket,Outerwear,S,Maroon,Fall,4.4,Yes,Store Pickup,Debit Card,Every 3 Months,Yes,Yes,61.183673469387756,High Loyalty,Valuable but Promo-Driven
538,50,Male,Virginia,49,14,Blouse,Clothing,S,Turquoise,Summer,3.0,Yes,Store Pickup,Debit Card,Annually,Yes,Yes,45.4591836734694,Medium Loyalty,Mixed Behavior
539,27,Male,Virginia,22,43,Socks,Clothing,XL,Green,Spring,3.2,Yes,Free Shipping,Cash,Weekly,Yes,Yes,56.714285714285715,High Loyalty,Valuable but Promo-Driven
540,49,Male,Wyoming,48,49,Coat,Outerwear,M,Violet,Winter,4.0,Yes,Store Pickup,Debit Card,Weekly,Yes,Yes,73.38775510204081,High Loyalty,Valuable but Promo-Driven
541,49,Male,South Carolina,37,33,Dress,Clothing,M,Lavender,Spring,3.1,Yes,Next Day Air,Cash,Every 3 Months,Yes,Yes,48.09183673469388,Medium Loyalty,Mixed Behavior
542,52,Male,Connecticut,27,45,Jacket,Outerwear,L,Gray,Fall,2.8,Yes,Next Day Air,Cash,Bi-Weekly,Yes,Yes,50.43877551020408,Medium Loyalty,Mixed Behavior
543,27,Male,Illinois,79,35,Boots,Footwear,XL,Teal,Spring,4.6,Yes,Next Day Air,Cash,Bi-Weekly,Yes,Yes,70.31632653061224,High Loyalty,Valuable but Promo-Driven
544,53,Male,Alabama,98,11,Skirt,Clothing,S,Red,Spring,4.3,Yes,Express,Credit Card,Monthly,Yes,Yes,71.12244897959185,High Loyalty,Valuable but Promo-Driven
545,34,Male,Washington,64,30,Sandals,Footwear,S,Yellow,Summer,3.3,Yes,Standard,Bank Transfer,Every 3 Months,Yes,Yes,59.75510204081633,High Loyalty,Valuable but Promo-Driven
546,33,Male,Alabama,32,48,Coat,Outerwear,L,Magenta,Summer,3.5,Yes,2-Day Shipping,Debit Card,Annually,Yes,Yes,57.77551020408163,High Loyalty,Valuable but Promo-Driven
547,62,Male,New Mexico,74,45,Hoodie,Clothing,M,Brown,Winter,3.4,Yes,Free Shipping,Venmo,Bi-Weekly,Yes,Yes,73.93877551020407,High Loyalty,Valuable but Promo-Driven
548,38,Male,Nevada,50,26,Jacket,Outerwear,M,Blue,Winter,2.8,Yes,Free Shipping,Venmo,Weekly,Yes,Yes,60.30612244897958,High Loyalty,Valuable but Promo-Driven
549,36,Male,Nebraska,64,41,Backpack,Accessories,M,Black,Winter,4.6,Yes,Store Pickup,Debit Card,Every 3 Months,Yes,Yes,66.48979591836735,High Loyalty,Valuable but Promo-Driven
550,31,Male,Arizona,29,37,Backpack,Accessories,S,Olive,Fall,3.6,Yes,Express,Venmo,Bi-Weekly,Yes,Yes,46.54081632653062,Medium Loyalty,Mixed Behavior
551,62,Male,Georgia,62,12,Belt,Accessories,M,Olive,Summer,3.3,Yes,Store Pickup,PayPal,Weekly,Yes,Yes,57.734693877551024,High Loyalty,Valuable but Promo-Driven
552,29,Male,Idaho,78,27,Coat,Outerwear,XL,Green,Fall,3.1,Yes,2-Day Shipping,Cash,Bi-Weekly,Yes,Yes,64.91836734693878,High Loyalty,Valuable but Promo-Driven
553,24,Male,Missouri,94,18,T-shirt,Clothing,M,Peach,Fall,3.5,Yes,Express,Bank Transfer,Weekly,Yes,Yes,77.40816326530611,High Loyalty,Valuable but Promo-Driven
554,63,Male,Florida,59,15,Sunglasses,Accessories,M,White,Winter,3.2,Yes,Express,Credit Card,Quarterly,Yes,Yes,48.07142857142857,Medium Loyalty,Mixed Behavior
555,56,Male,Minnesota,47,34,Sneakers,Footwear,M,Red,Summer,3.0,Yes,Express,Bank Transfer,Weekly,Yes,Yes,63.70408163265305,High Loyalty,Valuable but Promo-Driven
556,63,Male,Maine,57,37,Gloves,Accessories,M,White,Fall,4.8,Yes,Express,Venmo,Annually,Yes,Yes,63.54081632653062,High Loyalty,Valuable but Promo-Driven
557,40,Male,Montana,90,21,Coat,Outerwear,L,Indigo,Winter,5.0,Yes,Store Pickup,Cash,Fortnightly,Yes,Yes,75.24489795918367,High Loyalty,Valuable but Promo-Driven
558,18,Male,Alaska,60,31,Shirt,Clothing,M,White,Spring,2.9,Yes,Free Shipping,Debit Card,Weekly,Yes,Yes,68.3673469387755,High Loyalty,Valuable but Promo-Driven
559,50,Male,Iowa,77,43,Sneakers,Footwear,L,Teal,Fall,3.2,Yes,Express,Debit Card,Every 3 Months,Yes,Yes,74.21428571428572,High Loyalty,Valuable but Promo-Driven
560,66,Male,Arizona,41,22,Scarf,Accessories,M,Indigo,Fall,2.9,Yes,Store Pickup,Bank Transfer,Monthly,Yes,Yes,49.35714285714286,Medium Loyalty,Mixed Behavior
561,25,Male,Louisiana,48,12,Jewelry,Accessories,L,Red,Fall,3.750064716541548,Yes,Free Shipping,Debit Card,Annually,Yes,Yes,43.734693877551024,Medium Loyalty,Mixed Behavior
562,65,Male,Alabama,65,25,Jacket,Outerwear,M,Blue,Fall,2.6,Yes,Next Day Air,PayPal,Fortnightly,Yes,Yes,65.19387755102042,High Loyalty,Valuable but Promo-Driven
563,53,Male,Missouri,62,40,Jeans,Clothing,M,Blue,Summer,3.5,Yes,Standard,Debit Card,Annually,Yes,Yes,67.87755102040816,High Loyalty,Valuable but Promo-Driven
564,61,Male,Idaho,99,16,Shoes,Footwear,M,Black,Fall,4.4,Yes,Standard,Debit Card,Quarterly,Yes,Yes,68.68367346938776,High Loyalty,Valuable but Promo-Driven
565,67,Male,Florida,58,30,Hoodie,Clothing,M,Olive,Winter,3.4,Yes,Next Day Air,Bank Transfer,Weekly,Yes,Yes,66.75510204081633,High Loyalty,Valuable but Promo-Driven
566,59,Male,Idaho,43,10,Backpack,Accessories,L,Lavender,Fall,4.2,Yes,Store Pickup,Venmo,Weekly,Yes,Yes,47.01020408163266,Medium Loyalty,Mixed Behavior
567,55,Male,Alabama,93,1,Sneakers,Footwear,M,Indigo,Spring,3.6,Yes,Store Pickup,Debit Card,Fortnightly,Yes,Yes,64.5,High Loyalty,Valuable but Promo-Driven
568,21,Male,New Hampshire,50,24,Blouse,Clothing,S,Red,Winter,3.0,Yes,Next Day Air,Venmo,Fortnightly,Yes,Yes,57.081632653061234,High Loyalty,Valuable but Promo-Driven
569,44,Male,Utah,88,36,Pants,Clothing,L,Red,Summer,4.0,Yes,Free Shipping,PayPal,Monthly,Yes,Yes,81.42857142857143,High Loyalty,Valuable but Promo-Driven
570,65,Male,Alabama,33,46,Skirt,Clothing,M,Pink,Fall,4.4,Yes,Express,Credit Card,Every 3 Months,Yes,Yes,54.05102040816326,High Loyalty,Valuable but Promo-Driven
571,65,Male,Iowa,99,20,T-shirt,Clothing,XL,Purple,Fall,4.1,Yes,Standard,Cash,Annually,Yes,Yes,74.1326530612245,High Loyalty,Valuable but Promo-Driven
572,54,Male,Kentucky,76,37,Jacket,Outerwear,XL,Cyan,Spring,3.6,Yes,Free Shipping,Venmo,Weekly,Yes,Yes,80.0408163265306,High Loyalty,Valuable but Promo-Driven
573,56,Male,South Carolina,97,26,Scarf,Accessories,XL,Cyan,Summer,4.6,Yes,Next Day Air,Bank Transfer,Annually,Yes,Yes,76.8061224489796,High Loyalty,Valuable but Promo-Driven
574,58,Male,California,68,23,Pants,Clothing,M,Charcoal,Summer,3.2,Yes,2-Day Shipping,Credit Card,Bi-Weekly,Yes,Yes,57.46938775510204,High Loyalty,Valuable but Promo-Driven
575,54,Male,Maine,79,20,Sneakers,Footwear,L,Red,Fall,4.8,Yes,Free Shipping,Bank Transfer,Bi-Weekly,Yes,Yes,61.13265306122449,High Loyalty,Valuable but Promo-Driven
576,58,Male,Nebraska,86,38,Jeans,Clothing,M,Peach,Fall,4.8,Yes,Express,PayPal,Monthly,Yes,Yes,81.6530612244898,High Loyalty,Valuable but Promo-Driven
577,48,Male,Washington,68,5,Hat,Accessories,M,Black,Winter,5.0,Yes,2-Day Shipping,Credit Card,Every 3 Months,Yes,Yes,46.44897959183674,Medium Loyalty,Mixed Behavior
578,19,Male,Alabama,52,41,Skirt,Clothing,M,Black,Fall,3.7,Yes,Store Pickup,Venmo,Annually,Yes,Yes,63.48979591836734,High Loyalty,Valuable but Promo-Driven
579,69,Male,Maine,90,22,Sandals,Footwear,M,Purple,Fall,4.6,Yes,Next Day Air,Credit Card,Fortnightly,Yes,Yes,75.85714285714286,High Loyalty,Valuable but Promo-Driven
580,58,Male,California,41,48,Sandals,Footwear,M,Violet,Winter,3.7,Yes,Free Shipping,Credit Card,Annually,Yes,Yes,62.27551020408164,High Loyalty,Valuable but Promo-Driven
581,49,Male,Iowa,80,10,Sweater,Clothing,M,Orange,Spring,4.1,Yes,Free Shipping,PayPal,Weekly,Yes,Yes,65.51020408163265,High Loyalty,Valuable but Promo-Driven
582,32,Male,Iowa,100,12,Sweater,Clothing,XL,Charcoal,Winter,2.7,Yes,Store Pickup,Bank Transfer,Every 3 Months,Yes,Yes,66.73469387755102,High Loyalty,Valuable but Promo-Driven
583,40,Male,Colorado,77,2,Jacket,Outerwear,L,Turquoise,Spring,4.9,Yes,Store Pickup,Bank Transfer,Quarterly,Yes,Yes,49.11224489795919,Medium Loyalty,Mixed Behavior
584,25,Male,California,78,38,Shorts,Clothing,L,Yellow,Spring,4.0,Yes,Store Pickup,PayPal,Monthly,Yes,Yes,77.6530612244898,High Loyalty,Valuable but Promo-Driven
585,70,Male,Indiana,94,20,Socks,Clothing,M,White,Spring,4.7,Yes,Free Shipping,Debit Card,Monthly,Yes,Yes,74.6326530612245,High Loyalty,Valuable but Promo-Driven
586,69,Male,South Carolina,23,5,Socks,Clothing,M,Gray,Fall,2.8,Yes,Next Day Air,Cash,Every 3 Months,Yes,Yes,23.94897959183674,Low Loyalty,Discount-Only (Only Buy on Sale)
587,45,Male,Wisconsin,20,9,Hoodie,Clothing,S,Blue,Winter,4.9,Yes,2-Day Shipping,Venmo,Annually,Yes,Yes,27.89795918367347,Low Loyalty,Discount-Only (Only Buy on Sale)
588,29,Male,Washington,86,48,Socks,Clothing,S,Maroon,Fall,4.2,Yes,Express,Debit Card,Every 3 Months,Yes,Yes,81.77551020408163,High Loyalty,Valuable but Promo-Driven
589,47,Male,South Dakota,60,9,Boots,Footwear,M,Violet,Fall,3.0,Yes,Standard,Debit Card,Quarterly,Yes,Yes,44.89795918367348,Medium Loyalty,Mixed Behavior
590,28,Male,Minnesota,70,40,Shirt,Clothing,M,Orange,Fall,3.4,Yes,2-Day Shipping,PayPal,Annually,Yes,Yes,71.87755102040816,High Loyalty,Valuable but Promo-Driven
591,64,Male,Alaska,39,30,Belt,Accessories,S,Turquoise,Fall,4.6,Yes,Standard,Venmo,Fortnightly,Yes,Yes,55.255102040816325,High Loyalty,Valuable but Promo-Driven
592,47,Male,Kentucky,37,6,Backpack,Accessories,L,Olive,Fall,4.2,Yes,Store Pickup,Debit Card,Bi-Weekly,Yes,Yes,31.561224489795926,Low Loyalty,Discount-Only (Only Buy on Sale)
593,60,Male,North Dakota,29,42,Boots,Footwear,M,Brown,Fall,3.2,Yes,Free Shipping,Venmo,Every 3 Months,Yes,Yes,49.60204081632653,Medium Loyalty,Mixed Behavior
594,67,Male,Alaska,35,9,Coat,Outerwear,S,Green,Winter,4.4,Yes,Store Pickup,PayPal,Every 3 Months,Yes,Yes,32.39795918367348,Low Loyalty,Discount-Only (Only Buy on Sale)
595,35,Male,Oklahoma,83,6,Hoodie,Clothing,S,Brown,Winter,2.5,Yes,Next Day Air,Debit Card,Monthly,Yes,Yes,60.561224489795926,High Loyalty,Valuable but Promo-Driven
596,30,Male,Delaware,77,47,Shoes,Footwear,M,Silver,Summer,3.6,Yes,Next Day Air,PayPal,Quarterly,Yes,Yes,76.66326530612244,High Loyalty,Valuable but Promo-Driven
597,23,Male,Montana,37,36,Shoes,Footwear,XL,White,Summer,4.5,Yes,Store Pickup,Venmo,Annually,Yes,Yes,52.92857142857142,Medium Loyalty,Mixed Behavior
598,70,Male,Alaska,69,19,Jewelry,Accessories,L,Gold,Summer,3.4,Yes,Standard,Bank Transfer,Fortnightly,Yes,Yes,63.520408163265316,High Loyalty,Valuable but Promo-Driven
599,21,Male,California,66,30,Dress,Clothing,L,Green,Winter,3.2,Yes,2-Day Shipping,Cash,Every 3 Months,Yes,Yes,60.75510204081633,High Loyalty,Valuable but Promo-Driven
600,51,Male,Massachusetts,26,27,Boots,Footwear,L,Teal,Spring,4.2,Yes,Standard,Debit Card,Every 3 Months,Yes,Yes,38.91836734693877,Medium Loyalty,Mixed Behavior
601,22,Male,South Carolina,63,25,Hat,Accessories,M,Charcoal,Spring,5.0,Yes,2-Day Shipping,Venmo,Monthly,Yes,Yes,62.193877551020414,High Loyalty,Valuable but Promo-Driven
602,32,Male,West Virginia,38,5,Backpack,Accessories,M,Maroon,Summer,4.7,Yes,Store Pickup,Cash,Fortnightly,Yes,Yes,39.44897959183674,Medium Loyalty,Mixed Behavior
603,37,Male,Oregon,58,10,Shoes,Footwear,L,Lavender,Summer,4.2,Yes,Next Day Air,Cash,Every 3 Months,Yes,Yes,44.51020408163266,Medium Loyalty,Mixed Behavior
604,31,Male,Massachusetts,46,26,Handbag,Accessories,L,Green,Winter,3.4,Yes,2-Day Shipping,PayPal,Every 3 Months,Yes,Yes,48.30612244897959,Medium Loyalty,Mixed Behavior
605,44,Male,West Virginia,92,11,Sunglasses,Accessories,S,Pink,Fall,4.4,Yes,Store Pickup,Credit Card,Every 3 Months,Yes,Yes,62.12244897959185,High Loyalty,Valuable but Promo-Driven
606,40,Male,California,32,17,Hat,Accessories,XL,Charcoal,Winter,4.2,Yes,Standard,Bank Transfer,Weekly,Yes,Yes,45.79591836734694,Medium Loyalty,Mixed Behavior
607,27,Male,Colorado,90,44,Scarf,Accessories,M,Blue,Spring,4.5,Yes,Standard,PayPal,Monthly,Yes,Yes,87.3265306122449,High Loyalty,Valuable but Promo-Driven
608,47,Male,Indiana,23,44,Hoodie,Clothing,L,Purple,Fall,2.8,Yes,Next Day Air,Cash,Monthly,Yes,Yes,53.826530612244895,High Loyalty,Valuable but Promo-Driven
609,41,Male,Delaware,25,21,Backpack,Accessories,S,Gold,Fall,3.3,Yes,Next Day Air,Venmo,Every 3 Months,Yes,Yes,34.744897959183675,Medium Loyalty,Mixed Behavior
610,51,Male,Ohio,54,49,Sweater,Clothing,L,Purple,Fall,4.6,Yes,Next Day Air,Credit Card,Fortnightly,Yes,Yes,74.38775510204083,High Loyalty,Valuable but Promo-Driven
611,53,Male,Oklahoma,72,27,Shorts,Clothing,M,Charcoal,Summer,2.5,Yes,Free Shipping,Bank Transfer,Every 3 Months,Yes,Yes,61.91836734693877,High Loyalty,Valuable but Promo-Driven
612,43,Male,California,33,19,Scarf,Accessories,M,Black,Winter,4.7,Yes,Store Pickup,Cash,Monthly,Yes,Yes,43.52040816326531,Medium Loyalty,Mixed Behavior
613,67,Male,New Hampshire,43,33,Hat,Accessories,L,Lavender,Fall,4.6,Yes,Express,Credit Card,Quarterly,Yes,Yes,51.091836734693885,Medium Loyalty,Mixed Behavior
614,61,Male,Pennsylvania,51,46,Coat,Outerwear,L,Lavender,Fall,2.6,Yes,Standard,Cash,Bi-Weekly,Yes,Yes,63.05102040816326,High Loyalty,Valuable but Promo-Driven
615,68,Male,Idaho,85,21,Jewelry,Accessories,M,Lavender,Winter,4.0,Yes,Standard,Credit Card,Bi-Weekly,Yes,Yes,64.74489795918367,High Loyalty,Valuable but Promo-Driven
616,67,Male,Maryland,100,23,Sandals,Footwear,L,Olive,Summer,2.6,Yes,Next Day Air,Venmo,Annually,Yes,Yes,76.46938775510203,High Loyalty,Valuable but Promo-Driven
617,29,Male,Pennsylvania,72,38,Gloves,Accessories,L,Teal,Spring,4.6,Yes,Free Shipping,Credit Card,Every 3 Months,Yes,Yes,68.6530612244898,High Loyalty,Valuable but Promo-Driven
618,50,Male,Colorado,57,2,Backpack,Accessories,M,Maroon,Fall,2.6,Yes,Standard,Bank Transfer,Quarterly,Yes,Yes,39.11224489795919,Medium Loyalty,Mixed Behavior
619,61,Male,Indiana,94,21,Jacket,Outerwear,L,Cyan,Spring,4.0,Yes,Express,Debit Card,Bi-Weekly,Yes,Yes,69.24489795918367,High Loyalty,Valuable but Promo-Driven
620,19,Male,Nebraska,34,1,Backpack,Accessories,M,Charcoal,Summer,4.6,Yes,Store Pickup,Debit Card,Every 3 Months,Yes,Yes,27.0,Low Loyalty,Discount-Only (Only Buy on Sale)
621,33,Male,Rhode Island,89,10,Backpack,Accessories,M,Black,Fall,3.7,Yes,2-Day Shipping,Venmo,Every 3 Months,Yes,Yes,60.01020408163266,High Loyalty,Valuable but Promo-Driven
622,51,Male,Kansas,27,45,Sunglasses,Accessories,S,Red,Fall,4.4,Yes,Store Pickup,Credit Card,Weekly,Yes,Yes,60.43877551020408,High Loyalty,Valuable but Promo-Driven
623,69,Male,Georgia,63,44,Socks,Clothing,S,Peach,Spring,4.0,Yes,Next Day Air,Bank Transfer,Fortnightly,Yes,Yes,75.82653061224491,High Loyalty,Valuable but Promo-Driven
624,19,Male,Nevada,70,48,Shoes,Footwear,M,White,Fall,4.7,Yes,Standard,PayPal,Bi-Weekly,Yes,Yes,73.77551020408161,High Loyalty,Valuable but Promo-Driven
625,55,Male,South Carolina,87,21,Pants,Clothing,XL,Pink,Fall,3.4,Yes,Express,PayPal,Annually,Yes,Yes,68.74489795918367,High Loyalty,Valuable but Promo-Driven
626,49,Male,Delaware,79,1,Jewelry,Accessories,M,Red,Fall,4.0,Yes,Next Day Air,Venmo,Weekly,Yes,Yes,59.50000000000001,High Loyalty,Valuable but Promo-Driven
627,31,Male,New Hampshire,79,10,Sunglasses,Accessories,M,Indigo,Spring,3.9,Yes,Standard,Venmo,Annually,Yes,Yes,58.010204081632665,High Loyalty,Valuable but Promo-Driven
628,42,Male,Oregon,44,24,Sandals,Footwear,L,Black,Winter,4.1,Yes,Express,PayPal,Monthly,Yes,Yes,52.08163265306123,Medium Loyalty,Mixed Behavior
629,69,Male,Massachusetts,85,29,Sweater,Clothing,M,White,Fall,3.750064716541548,Yes,2-Day Shipping,Credit Card,Monthly,Yes,Yes,75.64285714285714,High Loyalty,Valuable but Promo-Driven
630,26,Male,Vermont,90,11,Shoes,Footwear,L,Beige,Spring,4.7,Yes,Standard,Debit Card,Annually,Yes,Yes,64.12244897959185,High Loyalty,Valuable but Promo-Driven
631,41,Male,Mississippi,94,33,Jewelry,Accessories,S,Silver,Fall,4.3,Yes,2-Day Shipping,Debit Card,Annually,Yes,Yes,79.59183673469387,High Loyalty,Valuable but Promo-Driven
632,55,Male,Washington,68,27,Boots,Footwear,S,Violet,Summer,4.1,Yes,Store Pickup,Cash,Fortnightly,Yes,Yes,67.9183673469388,High Loyalty,Valuable but Promo-Driven
633,35,Male,Wyoming,51,19,Backpack,Accessories,M,Red,Winter,3.9,Yes,Next Day Air,Venmo,Fortnightly,Yes,Yes,54.52040816326531,High Loyalty,Valuable but Promo-Driven
634,66,Male,Minnesota,33,50,Sandals,Footwear,M,Orange,Spring,2.9,Yes,Express,Debit Card,Quarterly,Yes,Yes,56.49999999999999,High Loyalty,Valuable but Promo-Driven
635,36,Male,Ohio,60,46,Sneakers,Footwear,M,Teal,Summer,3.9,Yes,Standard,PayPal,Weekly,Yes,Yes,77.55102040816327,High Loyalty,Valuable but Promo-Driven
636,27,Male,South Carolina,59,28,Hoodie,Clothing,M,Brown,Fall,4.3,Yes,2-Day Shipping,Cash,Quarterly,Yes,Yes,56.03061224489796,High Loyalty,Valuable but Promo-Driven
637,41,Male,Wisconsin,30,14,Handbag,Accessories,M,Indigo,Summer,2.8,Yes,Store Pickup,Bank Transfer,Every 3 Months,Yes,Yes,32.95918367346939,Low Loyalty,Discount-Only (Only Buy on Sale)
638,21,Male,Tennessee,20,46,Sweater,Clothing,M,Cyan,Winter,3.4,Yes,2-Day Shipping,Cash,Fortnightly,Yes,Yes,55.55102040816327,High Loyalty,Valuable but Promo-Driven
639,53,Male,Maryland,20,41,Sandals,Footwear,S,Blue,Summer,2.7,Yes,Express,PayPal,Monthly,Yes,Yes,50.48979591836735,Medium Loyalty,Mixed Behavior
640,54,Male,Mississippi,24,50,Dress,Clothing,L,Olive,Spring,4.0,Yes,2-Day Shipping,Credit Card,Annually,Yes,Yes,55.00000000000001,High Loyalty,Valuable but Promo-Driven
641,53,Male,Minnesota,88,28,Skirt,Clothing,M,Gray,Summer,4.4,Yes,Store Pickup,Debit Card,Fortnightly,Yes,Yes,78.53061224489797,High Loyalty,Valuable but Promo-Driven
642,47,Male,Alaska,78,23,Blouse,Clothing,M,Red,Winter,3.9,Yes,2-Day Shipping,Credit Card,Every 3 Months,Yes,Yes,62.46938775510205,High Loyalty,Valuable but Promo-Driven
643,64,Male,Arkansas,25,14,Skirt,Clothing,L,Red,Spring,2.8,Yes,2-Day Shipping,Debit Card,Bi-Weekly,Yes,Yes,30.459183673469386,Low Loyalty,Discount-Only (Only Buy on Sale)
644,18,Male,Oregon,57,10,Sweater,Clothing,XL,Green,Winter,3.2,Yes,Next Day Air,Bank Transfer,Every 3 Months,Yes,Yes,44.01020408163265,Medium Loyalty,Mixed Behavior
645,68,Male,Louisiana,93,37,Backpack,Accessories,S,Blue,Summer,4.3,Yes,Next Day Air,Cash,Weekly,Yes,Yes,88.5408163265306,High Loyalty,Valuable but Promo-Driven
646,62,Male,Oklahoma,42,15,Hoodie,Clothing,S,Purple,Summer,4.2,Yes,Express,Venmo,Bi-Weekly,Yes,Yes,39.57142857142857,Medium Loyalty,Mixed Behavior
647,51,Male,Indiana,54,19,Boots,Footwear,XL,Pink,Spring,4.9,Yes,Standard,Venmo,Bi-Weekly,Yes,Yes,48.02040816326531,Medium Loyalty,Mixed Behavior
648,54,Male,Mississippi,70,23,Blouse,Clothing,XL,Charcoal,Summer,3.7,Yes,Express,Credit Card,Fortnightly,Yes,Yes,66.46938775510205,High Loyalty,Valuable but Promo-Driven
649,22,Male,Michigan,31,35,Hoodie,Clothing,M,Brown,Winter,4.1,Yes,Store Pickup,Credit Card,Weekly,Yes,Yes,56.31632653061225,High Loyalty,Valuable but Promo-Driven
650,53,Male,Delaware,93,33,Pants,Clothing,L,Orange,Spring,4.2,Yes,Store Pickup,PayPal,Every 3 Months,Yes,Yes,76.09183673469389,High Loyalty,Valuable but Promo-Driven
651,34,Male,Florida,40,12,Gloves,Accessories,M,Magenta,Spring,3.9,Yes,Next Day Air,Bank Transfer,Annually,Yes,Yes,39.73469387755102,Medium Loyalty,Mixed Behavior
652,32,Male,Arkansas,32,41,Hat,Accessories,L,Yellow,Summer,2.9,Yes,Next Day Air,Venmo,Fortnightly,Yes,Yes,58.48979591836736,High Loyalty,Valuable but Promo-Driven
653,64,Male,Minnesota,27,27,Sunglasses,Accessories,M,Beige,Winter,3.1,Yes,Free Shipping,Venmo,Weekly,Yes,Yes,49.41836734693877,Medium Loyalty,Mixed Behavior
654,20,Male,North Dakota,68,45,Scarf,Accessories,M,Olive,Winter,3.6,Yes,2-Day Shipping,Cash,Fortnightly,Yes,Yes,78.9387755102041,High Loyalty,Valuable but Promo-Driven
655,24,Male,California,59,23,Handbag,Accessories,L,Gray,Summer,4.4,Yes,2-Day Shipping,Venmo,Annually,Yes,Yes,55.96938775510205,High Loyalty,Valuable but Promo-Driven
656,20,Male,Mississippi,36,19,Handbag,Accessories,S,Purple,Fall,3.1,Yes,Free Shipping,Venmo,Monthly,Yes,Yes,45.02040816326531,Medium Loyalty,Mixed Behavior
657,42,Male,Pennsylvania,23,6,Jeans,Clothing,M,Beige,Summer,3.9,Yes,Standard,PayPal,Quarterly,Yes,Yes,24.561224489795922,Low Loyalty,Discount-Only (Only Buy on Sale)
658,48,Male,Arizona,80,6,Jacket,Outerwear,M,White,Winter,4.3,Yes,Free Shipping,PayPal,Quarterly,Yes,Yes,53.06122448979592,Medium Loyalty,Mixed Behavior
659,62,Male,Louisiana,37,20,Backpack,Accessories,S,White,Fall,4.9,Yes,Store Pickup,Venmo,Weekly,Yes,Yes,50.13265306122449,Medium Loyalty,Mixed Behavior
660,62,Male,Virginia,52,8,Shorts,Clothing,S,Gold,Spring,3.6,Yes,2-Day Shipping,Cash,Weekly,Yes,Yes,50.28571428571429,Medium Loyalty,Mixed Behavior
661,50,Male,Montana,79,39,Coat,Outerwear,M,Olive,Fall,5.0,Yes,2-Day Shipping,Credit Card,Quarterly,Yes,Yes,72.76530612244898,High Loyalty,Valuable but Promo-Driven
662,57,Male,Iowa,68,39,Shirt,Clothing,XL,Green,Fall,4.1,Yes,Store Pickup,Credit Card,Quarterly,Yes,Yes,67.26530612244899,High Loyalty,Valuable but Promo-Driven
663,24,Male,Illinois,98,39,Gloves,Accessories,L,Magenta,Fall,2.8,Yes,Express,Venmo,Bi-Weekly,Yes,Yes,82.26530612244898,High Loyalty,Valuable but Promo-Driven
664,59,Male,Alaska,83,23,Dress,Clothing,M,Charcoal,Fall,4.7,Yes,Express,Credit Card,Monthly,Yes,Yes,70.96938775510205,High Loyalty,Valuable but Promo-Driven
665,63,Male,Colorado,83,41,Pants,Clothing,M,Indigo,Winter,4.4,Yes,Express,PayPal,Bi-Weekly,Yes,Yes,75.98979591836735,High Loyalty,Valuable but Promo-Driven
666,41,Male,New Mexico,55,50,Pants,Clothing,M,Peach,Spring,4.9,Yes,2-Day Shipping,Credit Card,Annually,Yes,Yes,70.5,High Loyalty,Valuable but Promo-Driven
667,35,Male,Colorado,26,30,Hoodie,Clothing,L,Turquoise,Winter,3.1,Yes,Free Shipping,Debit Card,Quarterly,Yes,Yes,40.755102040816325,Medium Loyalty,Mixed Behavior
668,34,Male,Arizona,76,32,Sunglasses,Accessories,S,Blue,Winter,2.6,Yes,Standard,Bank Transfer,Quarterly,Yes,Yes,66.9795918367347,High Loyalty,Valuable but Promo-Driven
669,49,Male,Hawaii,85,35,T-shirt,Clothing,S,Turquoise,Fall,2.9,Yes,Express,Bank Transfer,Monthly,Yes,Yes,79.31632653061224,High Loyalty,Valuable but Promo-Driven
670,43,Male,Illinois,89,45,Jacket,Outerwear,M,Gray,Spring,3.3,Yes,Free Shipping,Venmo,Bi-Weekly,Yes,Yes,81.43877551020408,High Loyalty,Valuable but Promo-Driven
671,63,Male,Louisiana,41,37,Sweater,Clothing,XL,Purple,Spring,4.8,Yes,Next Day Air,Cash,Bi-Weekly,Yes,Yes,52.54081632653062,Medium Loyalty,Mixed Behavior
672,38,Male,Iowa,30,45,Jacket,Outerwear,L,Black,Winter,4.7,Yes,Express,Cash,Weekly,Yes,Yes,61.93877551020407,High Loyalty,Valuable but Promo-Driven
673,59,Male,Washington,53,29,Socks,Clothing,M,Peach,Winter,3.3,Yes,2-Day Shipping,Cash,Quarterly,Yes,Yes,53.642857142857146,High Loyalty,Valuable but Promo-Driven
674,35,Male,Oklahoma,66,27,Shirt,Clothing,M,Indigo,Spring,4.2,Yes,Free Shipping,Venmo,Bi-Weekly,Yes,Yes,58.91836734693878,High Loyalty,Valuable but Promo-Driven
675,48,Male,Washington,33,36,Jewelry,Accessories,XL,Beige,Winter,4.7,Yes,Store Pickup,Bank Transfer,Annually,Yes,Yes,50.92857142857142,Medium Loyalty,Mixed Behavior
676,64,Male,Arkansas,86,9,Sunglasses,Accessories,M,Yellow,Spring,2.6,Yes,2-Day Shipping,Cash,Annually,Yes,Yes,60.897959183673464,High Loyalty,Valuable but Promo-Driven
677,28,Male,Connecticut,60,38,Pants,Clothing,M,Peach,Winter,2.9,Yes,2-Day Shipping,Venmo,Bi-Weekly,Yes,Yes,62.65306122448979,High Loyalty,Valuable but Promo-Driven
678,60,Male,Washington,62,41,Socks,Clothing,S,Turquoise,Summer,2.7,Yes,Express,PayPal,Annually,Yes,Yes,68.48979591836735,High Loyalty,Valuable but Promo-Driven
679,27,Male,Maine,74,25,Blouse,Clothing,M,Teal,Fall,3.3,Yes,Store Pickup,Debit Card,Every 3 Months,Yes,Yes,61.69387755102041,High Loyalty,Valuable but Promo-Driven
680,56,Male,Michigan,95,37,Sandals,Footwear,M,Turquoise,Fall,3.4,Yes,Express,Venmo,Fortnightly,Yes,Yes,87.54081632653062,High Loyalty,Valuable but Promo-Driven
681,58,Male,Tennessee,25,3,Sneakers,Footwear,M,Magenta,Spring,4.2,Yes,Express,PayPal,Annually,Yes,Yes,26.724489795918373,Low Loyalty,Discount-Only (Only Buy on Sale)
682,30,Male,Louisiana,59,24,Shirt,Clothing,XL,Purple,Winter,3.8,Yes,2-Day Shipping,Credit Card,Every 3 Months,Yes,Yes,53.58163265306123,High Loyalty,Valuable but Promo-Driven
683,23,Male,Missouri,29,49,Jacket,Outerwear,M,Brown,Summer,4.0,Yes,Standard,Credit Card,Bi-Weekly,Yes,Yes,53.88775510204083,High Loyalty,Valuable but Promo-Driven
684,33,Male,Michigan,36,3,Sandals,Footwear,S,Violet,Winter,2.7,Yes,Free Shipping,Bank Transfer,Monthly,Yes,Yes,35.22448979591837,Medium Loyalty,Mixed Behavior
685,63,Male,Alabama,82,42,Hat,Accessories,M,Yellow,Summer,4.7,Yes,Express,Debit Card,Monthly,Yes,Yes,82.10204081632652,High Loyalty,Valuable but Promo-Driven
686,70,Male,Massachusetts,71,32,Blouse,Clothing,XL,Magenta,Winter,3.5,Yes,Standard,Cash,Fortnightly,Yes,Yes,72.47959183673471,High Loyalty,Valuable but Promo-Driven
687,70,Male,Indiana,35,33,Sweater,Clothing,L,Beige,Fall,3.0,Yes,2-Day Shipping,Venmo,Fortnightly,Yes,Yes,55.09183673469388,High Loyalty,Valuable but Promo-Driven
688,19,Male,West Virginia,38,46,Gloves,Accessories,XL,Turquoise,Winter,3.3,Yes,Free Shipping,Bank Transfer,Quarterly,Yes,Yes,56.55102040816327,High Loyalty,Valuable but Promo-Driven
689,25,Male,Michigan,59,44,Scarf,Accessories,S,Peach,Summer,4.7,Yes,Store Pickup,Venmo,Monthly,Yes,Yes,71.82653061224491,High Loyalty,Valuable but Promo-Driven
690,19,Male,Pennsylvania,91,35,Hoodie,Clothing,M,Orange,Summer,4.7,Yes,Express,Credit Card,Every 3 Months,Yes,Yes,76.31632653061224,High Loyalty,Valuable but Promo-Driven
691,25,Male,Alaska,68,45,Shorts,Clothing,XL,Red,Spring,4.8,Yes,Standard,Bank Transfer,Weekly,Yes,Yes,80.93877551020408,High Loyalty,Valuable but Promo-Driven
692,60,Male,Massachusetts,21,37,Backpack,Accessories,L,Silver,Summer,2.9,Yes,Standard,PayPal,Bi-Weekly,Yes,Yes,42.54081632653061,Medium Loyalty,Mixed Behavior
693,35,Male,North Dakota,95,40,Sunglasses,Accessories,M,Cyan,Spring,4.0,Yes,2-Day Shipping,Debit Card,Every 3 Months,Yes,Yes,81.37755102040816,High Loyalty,Valuable but Promo-Driven
694,46,Male,Vermont,52,30,Shorts,Clothing,L,Turquoise,Spring,3.1,Yes,Free Shipping,Cash,Every 3 Months,Yes,Yes,53.755102040816325,High Loyalty,Valuable but Promo-Driven
695,41,Male,Kentucky,21,38,Dress,Clothing,S,Charcoal,Fall,3.5,Yes,2-Day Shipping,Venmo,Every 3 Months,Yes,Yes,43.1530612244898,Medium Loyalty,Mixed Behavior
696,30,Male,Nevada,67,15,Shorts,Clothing,XL,Peach,Summer,3.7,Yes,Next Day Air,Debit Card,Every 3 Months,Yes,Yes,52.07142857142857,Medium Loyalty,Mixed Behavior
697,44,Male,Utah,42,49,Belt,Accessories,L,Green,Fall,2.8,Yes,Standard,Cash,Monthly,Yes,Yes,66.38775510204083,High Loyalty,Valuable but Promo-Driven
698,61,Male,North Dakota,63,40,Scarf,Accessories,XL,Brown,Summer,4.6,Yes,Free Shipping,Debit Card,Quarterly,Yes,Yes,65.37755102040816,High Loyalty,Valuable but Promo-Driven
699,55,Male,Iowa,41,40,Boots,Footwear,M,Yellow,Winter,3.8,Yes,Standard,Debit Card,Weekly,Yes,Yes,64.37755102040815,High Loyalty,Valuable but Promo-Driven
700,50,Male,Connecticut,46,5,Handbag,Accessories,M,Charcoal,Fall,2.6,Yes,2-Day Shipping,PayPal,Weekly,Yes,Yes,45.44897959183673,Medium Loyalty,Mixed Behavior
701,57,Male,Wisconsin,79,5,Pants,Clothing,L,Olive,Winter,4.1,Yes,Standard,PayPal,Monthly,Yes,Yes,57.94897959183673,High Loyalty,Valuable but Promo-Driven
702,51,Male,Idaho,90,5,Boots,Footwear,L,Red,Fall,3.3,Yes,Next Day Air,Debit Card,Every 3 Months,Yes,Yes,57.448979591836746,High Loyalty,Valuable but Promo-Driven
703,18,Male,Montana,71,1,Shirt,Clothing,M,White,Winter,3.4,Yes,Store Pickup,Cash,Weekly,Yes,Yes,55.50000000000001,High Loyalty,Valuable but Promo-Driven
704,63,Male,Connecticut,87,21,Dress,Clothing,L,Pink,Summer,3.0,Yes,Standard,Venmo,Weekly,Yes,Yes,75.74489795918367,High Loyalty,Valuable but Promo-Driven
705,34,Male,Idaho,66,18,Hoodie,Clothing,S,Black,Spring,3.2,Yes,Express,PayPal,Annually,Yes,Yes,56.40816326530613,High Loyalty,Valuable but Promo-Driven
706,25,Male,Arkansas,90,49,Pants,Clothing,XL,Indigo,Summer,4.5,Yes,Free Shipping,Cash,Quarterly,Yes,Yes,84.38775510204081,High Loyalty,Valuable but Promo-Driven
707,46,Male,Iowa,47,27,Jeans,Clothing,L,Turquoise,Summer,4.8,Yes,Express,Debit Card,Weekly,Yes,Yes,59.41836734693877,High Loyalty,Valuable but Promo-Driven
708,59,Male,Louisiana,38,21,Shirt,Clothing,L,Purple,Spring,3.7,Yes,Next Day Air,Venmo,Annually,Yes,Yes,44.244897959183675,Medium Loyalty,Mixed Behavior
709,37,Male,Kentucky,50,19,Backpack,Accessories,L,Beige,Summer,3.4,Yes,Store Pickup,Cash,Fortnightly,Yes,Yes,54.02040816326531,High Loyalty,Valuable but Promo-Driven
710,49,Male,Massachusetts,79,23,Jacket,Outerwear,L,Charcoal,Summer,4.6,Yes,Standard,Debit Card,Monthly,Yes,Yes,68.96938775510205,High Loyalty,Valuable but Promo-Driven
711,22,Male,Virginia,91,26,Scarf,Accessories,L,Turquoise,Spring,4.1,Yes,Standard,PayPal,Fortnightly,Yes,Yes,78.8061224489796,High Loyalty,Valuable but Promo-Driven
712,64,Male,New Hampshire,60,13,Boots,Footwear,M,Maroon,Spring,3.5,Yes,2-Day Shipping,Bank Transfer,Bi-Weekly,Yes,Yes,47.3469387755102,Medium Loyalty,Mixed Behavior
713,42,Male,New Hampshire,81,36,Blouse,Clothing,XL,Black,Summer,3.8,Yes,Next Day Air,Bank Transfer,Quarterly,Yes,Yes,71.92857142857143,High Loyalty,Valuable but Promo-Driven
714,37,Male,Oregon,90,39,Hoodie,Clothing,M,Lavender,Summer,2.6,Yes,Express,Bank Transfer,Bi-Weekly,Yes,Yes,78.26530612244898,High Loyalty,Valuable but Promo-Driven
715,26,Male,South Dakota,70,40,Jacket,Outerwear,M,Magenta,Fall,4.4,Yes,Store Pickup,Debit Card,Fortnightly,Yes,Yes,76.87755102040816,High Loyalty,Valuable but Promo-Driven
716,33,Male,Delaware,63,37,Jeans,Clothing,L,Green,Spring,2.6,Yes,Express,Debit Card,Quarterly,Yes,Yes,63.54081632653062,High Loyalty,Valuable but Promo-Driven
717,30,Male,Missouri,29,9,Jewelry,Accessories,M,Olive,Spring,3.6,Yes,Express,Venmo,Bi-Weekly,Yes,Yes,29.39795918367347,Low Loyalty,Discount-Only (Only Buy on Sale)
718,21,Male,Alaska,90,7,Socks,Clothing,L,Green,Spring,4.2,Yes,Express,Venmo,Every 3 Months,Yes,Yes,58.673469387755105,High Loyalty,Valuable but Promo-Driven
719,22,Male,Florida,22,25,Shirt,Clothing,M,Peach,Summer,4.6,Yes,Standard,Bank Transfer,Annually,Yes,Yes,38.69387755102041,Medium Loyalty,Mixed Behavior
720,63,Male,Mississippi,22,42,Shorts,Clothing,L,Turquoise,Summer,3.3,Yes,Next Day Air,Venmo,Bi-Weekly,Yes,Yes,46.10204081632653,Medium Loyalty,Mixed Behavior
721,33,Male,New Mexico,62,19,Jewelry,Accessories,L,Orange,Fall,3.4,Yes,Free Shipping,Debit Card,Weekly,Yes,Yes,62.02040816326531,High Loyalty,Valuable but Promo-Driven
722,43,Male,California,57,41,Blouse,Clothing,L,Silver,Summer,4.4,Yes,Next Day Air,Debit Card,Every 3 Months,Yes,Yes,62.98979591836735,High Loyalty,Valuable but Promo-Driven
723,27,Male,Wyoming,32,50,Sweater,Clothing,S,Blue,Summer,4.3,Yes,Store Pickup,Cash,Bi-Weekly,Yes,Yes,56.00000000000001,High Loyalty,Valuable but Promo-Driven
724,35,Male,Missouri,53,43,Jewelry,Accessories,L,Cyan,Fall,3.5,Yes,Express,PayPal,Monthly,Yes,Yes,68.21428571428572,High Loyalty,Valuable but Promo-Driven
725,37,Male,New Hampshire,79,36,T-shirt,Clothing,XL,Green,Fall,4.7,Yes,Store Pickup,Venmo,Every 3 Months,Yes,Yes,70.92857142857143,High Loyalty,Valuable but Promo-Driven
726,61,Male,Texas,61,33,Hat,Accessories,L,Silver,Winter,3.1,Yes,Standard,Debit Card,Fortnightly,Yes,Yes,68.09183673469389,High Loyalty,Valuable but Promo-Driven
727,32,Male,North Dakota,78,20,Shorts,Clothing,L,Yellow,Summer,3.6,Yes,Next Day Air,Bank Transfer,Every 3 Months,Yes,Yes,60.632653061224495,High Loyalty,Valuable but Promo-Driven
728,62,Male,Arkansas,97,37,Sweater,Clothing,S,Gray,Winter,4.8,Yes,Next Day Air,Venmo,Every 3 Months,Yes,Yes,80.5408163265306,High Loyalty,Valuable but Promo-Driven
729,29,Male,Nebraska,78,12,Jeans,Clothing,M,Pink,Winter,3.7,Yes,Next Day Air,PayPal,Every 3 Months,Yes,Yes,55.73469387755103,High Loyalty,Valuable but Promo-Driven
730,41,Male,Minnesota,56,46,Sunglasses,Accessories,L,Beige,Summer,3.2,Yes,Express,PayPal,Every 3 Months,Yes,Yes,65.55102040816327,High Loyalty,Valuable but Promo-Driven
731,48,Male,Massachusetts,25,28,Boots,Footwear,M,Indigo,Summer,3.9,Yes,Standard,Venmo,Fortnightly,Yes,Yes,47.03061224489796,Medium Loyalty,Mixed Behavior
732,43,Male,Arkansas,28,30,Coat,Outerwear,M,Red,Spring,3.5,Yes,Free Shipping,PayPal,Fortnightly,Yes,Yes,49.75510204081633,Medium Loyalty,Mixed Behavior
733,34,Male,New Hampshire,57,28,Shirt,Clothing,L,Blue,Spring,2.8,Yes,Express,Cash,Bi-Weekly,Yes,Yes,55.03061224489796,High Loyalty,Valuable but Promo-Driven
734,45,Male,Rhode Island,36,20,Dress,Clothing,L,Cyan,Fall,2.7,Yes,2-Day Shipping,Debit Card,Bi-Weekly,Yes,Yes,39.63265306122449,Medium Loyalty,Mixed Behavior
735,65,Male,New Jersey,69,39,Shirt,Clothing,S,Violet,Winter,3.1,Yes,Express,Bank Transfer,Every 3 Months,Yes,Yes,67.76530612244898,High Loyalty,Valuable but Promo-Driven
736,61,Male,Montana,48,48,Sunglasses,Accessories,M,Orange,Fall,3.6,Yes,2-Day Shipping,Cash,Bi-Weekly,Yes,Yes,62.77551020408163,High Loyalty,Valuable but Promo-Driven
737,18,Male,Colorado,58,32,Dress,Clothing,L,Maroon,Spring,2.9,Yes,2-Day Shipping,Credit Card,Every 3 Months,Yes,Yes,57.97959183673469,High Loyalty,Valuable but Promo-Driven
738,47,Male,Nebraska,24,28,Sunglasses,Accessories,M,Teal,Spring,3.6,Yes,Store Pickup,PayPal,Annually,Yes,Yes,41.53061224489796,Medium Loyalty,Mixed Behavior
739,56,Male,Minnesota,31,27,Sunglasses,Accessories,L,Orange,Winter,3.5,Yes,2-Day Shipping,Venmo,Quarterly,Yes,Yes,41.41836734693877,Medium Loyalty,Mixed Behavior
740,64,Male,Minnesota,29,26,Shorts,Clothing,S,Purple,Summer,3.5,Yes,Free Shipping,Venmo,Bi-Weekly,Yes,Yes,39.80612244897959,Medium Loyalty,Mixed Behavior
741,26,Male,South Dakota,69,22,Jeans,Clothing,M,Orange,Summer,2.8,Yes,Next Day Air,Credit Card,Fortnightly,Yes,Yes,65.35714285714288,High Loyalty,Valuable but Promo-Driven
742,22,Male,West Virginia,79,23,T-shirt,Clothing,XL,Yellow,Summer,4.7,Yes,Free Shipping,Bank Transfer,Every 3 Months,Yes,Yes,62.969387755102034,High Loyalty,Valuable but Promo-Driven
743,64,Male,Nevada,39,21,Pants,Clothing,M,Charcoal,Summer,3.1,Yes,Express,Debit Card,Quarterly,Yes,Yes,41.744897959183675,Medium Loyalty,Mixed Behavior
744,21,Male,North Carolina,84,36,Sunglasses,Accessories,L,Gray,Fall,4.9,Yes,Free Shipping,Cash,Weekly,Yes,Yes,83.42857142857142,High Loyalty,Valuable but Promo-Driven
745,67,Male,Illinois,66,42,Boots,Footwear,S,Charcoal,Spring,4.1,Yes,Next Day Air,Debit Card,Bi-Weekly,Yes,Yes,68.10204081632654,High Loyalty,Valuable but Promo-Driven
746,46,Male,Michigan,92,4,T-shirt,Clothing,L,Orange,Fall,4.7,Yes,Standard,Venmo,Monthly,Yes,Yes,63.83673469387756,High Loyalty,Valuable but Promo-Driven
747,40,Male,Michigan,45,47,Sandals,Footwear,M,Red,Winter,2.5,Yes,Free Shipping,Credit Card,Annually,Yes,Yes,63.663265306122454,High Loyalty,Valuable but Promo-Driven
748,51,Male,Oklahoma,74,13,Shorts,Clothing,L,Gold,Spring,4.4,Yes,Next Day Air,Bank Transfer,Weekly,Yes,Yes,64.3469387755102,High Loyalty,Valuable but Promo-Driven
749,35,Male,South Dakota,39,8,Hat,Accessories,L,Brown,Fall,3.9,Yes,Free Shipping,Bank Transfer,Quarterly,Yes,Yes,33.785714285714285,Low Loyalty,Discount-Only (Only Buy on Sale)
750,56,Male,Oklahoma,71,11,Scarf,Accessories,M,Olive,Winter,3.7,Yes,Standard,Debit Card,Quarterly,Yes,Yes,51.62244897959185,Medium Loyalty,Mixed Behavior
751,25,Male,Maryland,95,5,T-shirt,Clothing,L,Violet,Fall,3.4,Yes,Free Shipping,Venmo,Annually,Yes,Yes,62.94897959183674,High Loyalty,Valuable but Promo-Driven
752,65,Male,Ohio,72,1,Gloves,Accessories,L,Indigo,Fall,4.8,Yes,Free Shipping,Credit Card,Monthly,Yes,Yes,52.0,Medium Loyalty,Mixed Behavior
753,39,Male,Ohio,85,17,Scarf,Accessories,L,Yellow,Fall,4.2,Yes,2-Day Shipping,PayPal,Every 3 Months,Yes,Yes,62.295918367346935,High Loyalty,Valuable but Promo-Driven
754,47,Male,Massachusetts,54,27,Boots,Footwear,M,Teal,Fall,3.4,Yes,Store Pickup,Venmo,Quarterly,Yes,Yes,52.91836734693878,Medium Loyalty,Mixed Behavior
755,36,Male,North Carolina,41,3,Gloves,Accessories,L,Pink,Spring,2.9,Yes,Store Pickup,Debit Card,Quarterly,Yes,Yes,31.724489795918377,Low Loyalty,Discount-Only (Only Buy on Sale)
756,66,Male,Florida,24,22,Coat,Outerwear,M,Violet,Spring,3.3,Yes,Free Shipping,PayPal,Weekly,Yes,Yes,44.857142857142854,Medium Loyalty,Mixed Behavior
757,62,Male,Montana,99,24,Belt,Accessories,S,Orange,Summer,4.8,Yes,Standard,Cash,Fortnightly,Yes,Yes,81.58163265306125,High Loyalty,Valuable but Promo-Driven
758,41,Male,Minnesota,32,18,Hoodie,Clothing,M,Red,Fall,3.8,Yes,Store Pickup,Debit Card,Quarterly,Yes,Yes,36.40816326530613,Medium Loyalty,Mixed Behavior
759,66,Male,Massachusetts,71,39,Shoes,Footwear,L,Peach,Summer,4.6,Yes,2-Day Shipping,Bank Transfer,Every 3 Months,Yes,Yes,68.76530612244898,High Loyalty,Valuable but Promo-Driven
760,51,Male,Rhode Island,49,25,Dress,Clothing,XL,Green,Winter,2.6,Yes,Next Day Air,Credit Card,Fortnightly,Yes,Yes,57.193877551020414,High Loyalty,Valuable but Promo-Driven
761,33,Male,Minnesota,50,6,Gloves,Accessories,XL,Violet,Fall,3.4,Yes,Free Shipping,Cash,Annually,Yes,Yes,41.06122448979592,Medium Loyalty,Mixed Behavior
762,57,Male,Nevada,91,26,Jewelry,Accessories,L,Yellow,Fall,4.2,Yes,Express,Bank Transfer,Weekly,Yes,Yes,80.8061224489796,High Loyalty,Valuable but Promo-Driven
763,45,Male,New Mexico,46,43,Belt,Accessories,M,Pink,Fall,3.9,Yes,Standard,Debit Card,Fortnightly,Yes,Yes,66.71428571428572,High Loyalty,Valuable but Promo-Driven
764,61,Male,North Carolina,50,6,Sweater,Clothing,M,Brown,Spring,2.9,Yes,2-Day Shipping,Credit Card,Monthly,Yes,Yes,44.06122448979592,Medium Loyalty,Mixed Behavior
765,55,Male,Virginia,39,6,Skirt,Clothing,XL,Silver,Fall,4.2,Yes,Free Shipping,Debit Card,Quarterly,Yes,Yes,32.561224489795926,Low Loyalty,Discount-Only (Only Buy on Sale)
766,54,Male,Alaska,99,13,Sneakers,Footwear,M,Pink,Summer,3.0,Yes,Store Pickup,Cash,Quarterly,Yes,Yes,66.8469387755102,High Loyalty,Valuable but Promo-Driven
767,57,Male,Nevada,48,13,Gloves,Accessories,M,Cyan,Winter,3.6,Yes,Next Day Air,PayPal,Monthly,Yes,Yes,47.34693877551021,Medium Loyalty,Mixed Behavior
768,27,Male,Pennsylvania,77,11,Coat,Outerwear,M,Brown,Fall,2.5,Yes,Next Day Air,Cash,Annually,Yes,Yes,57.622448979591844,High Loyalty,Valuable but Promo-Driven
769,64,Male,Illinois,95,45,Backpack,Accessories,XL,Red,Spring,2.6,Yes,Express,Venmo,Weekly,Yes,Yes,94.43877551020407,High Loyalty,Valuable but Promo-Driven
770,52,Male,Delaware,100,8,Socks,Clothing,M,Silver,Spring,4.3,Yes,Store Pickup,PayPal,Monthly,Yes,Yes,70.28571428571428,High Loyalty,Valuable but Promo-Driven
771,19,Male,Vermont,54,8,Sneakers,Footwear,M,Gray,Spring,3.3,Yes,Express,Credit Card,Annually,Yes,Yes,44.28571428571429,Medium Loyalty,Mixed Behavior
772,22,Male,Hawaii,68,34,Sweater,Clothing,L,Cyan,Fall,2.6,Yes,Next Day Air,Bank Transfer,Fortnightly,Yes,Yes,72.20408163265306,High Loyalty,Valuable but Promo-Driven
773,18,Male,Illinois,22,40,Jeans,Clothing,L,Teal,Fall,3.6,Yes,Free Shipping,Debit Card,Bi-Weekly,Yes,Yes,44.877551020408156,Medium Loyalty,Mixed Behavior
774,29,Male,California,84,14,Hat,Accessories,L,Indigo,Winter,2.6,Yes,Express,Debit Card,Bi-Weekly,Yes,Yes,59.9591836734694,High Loyalty,Valuable but Promo-Driven
775,42,Male,Nevada,46,11,Hat,Accessories,M,Yellow,Summer,3.5,Yes,Standard,Credit Card,Quarterly,Yes,Yes,39.12244897959184,Medium Loyalty,Mixed Behavior
776,49,Male,Kentucky,53,8,Handbag,Accessories,S,Gold,Winter,3.0,Yes,Store Pickup,PayPal,Monthly,Yes,Yes,46.78571428571429,Medium Loyalty,Mixed Behavior
777,49,Male,Alabama,60,8,Shirt,Clothing,M,Maroon,Spring,5.0,Yes,Standard,Venmo,Every 3 Months,Yes,Yes,44.285714285714285,Medium Loyalty,Mixed Behavior
778,55,Male,Wyoming,32,37,Socks,Clothing,XL,Silver,Spring,2.5,Yes,Express,Venmo,Weekly,Yes,Yes,58.04081632653061,High Loyalty,Valuable but Promo-Driven
779,29,Male,Massachusetts,50,23,Socks,Clothing,M,Yellow,Summer,2.9,Yes,Store Pickup,Debit Card,Annually,Yes,Yes,51.469387755102034,Medium Loyalty,Mixed Behavior
780,60,Male,Utah,94,38,Dress,Clothing,M,Blue,Spring,4.6,Yes,Express,Cash,Annually,Yes,Yes,82.6530612244898,High Loyalty,Valuable but Promo-Driven
781,34,Male,New York,26,38,Shoes,Footwear,M,Turquoise,Spring,3.6,Yes,Free Shipping,Cash,Quarterly,Yes,Yes,45.6530612244898,Medium Loyalty,Mixed Behavior
782,30,Male,Vermont,44,12,Scarf,Accessories,L,Indigo,Winter,3.0,Yes,Store Pickup,Credit Card,Fortnightly,Yes,Yes,46.734693877551024,Medium Loyalty,Mixed Behavior
783,28,Male,Hawaii,57,15,Hoodie,Clothing,M,Green,Summer,4.5,Yes,Standard,Cash,Weekly,Yes,Yes,57.07142857142857,High Loyalty,Valuable but Promo-Driven
784,63,Male,Louisiana,65,38,T-shirt,Clothing,L,Purple,Winter,4.5,Yes,Next Day Air,PayPal,Fortnightly,Yes,Yes,73.15306122448979,High Loyalty,Valuable but Promo-Driven
785,31,Male,Alabama,72,41,Jeans,Clothing,M,Peach,Winter,3.2,Yes,Store Pickup,Bank Transfer,Every 3 Months,Yes,Yes,70.48979591836735,High Loyalty,Valuable but Promo-Driven
786,46,Male,Louisiana,62,37,Shorts,Clothing,S,Purple,Spring,4.0,Yes,Next Day Air,PayPal,Fortnightly,Yes,Yes,71.0408163265306,High Loyalty,Valuable but Promo-Driven
787,70,Male,Indiana,21,16,Hat,Accessories,S,Teal,Winter,4.8,Yes,Express,Bank Transfer,Every 3 Months,Yes,Yes,29.683673469387756,Low Loyalty,Discount-Only (Only Buy on Sale)
788,53,Male,Michigan,85,25,Handbag,Accessories,S,Green,Spring,3.7,Yes,Free Shipping,Venmo,Weekly,Yes,Yes,77.1938775510204,High Loyalty,Valuable but Promo-Driven
789,50,Male,Rhode Island,51,18,Pants,Clothing,XL,Yellow,Summer,3.8,Yes,Store Pickup,Bank Transfer,Quarterly,Yes,Yes,45.90816326530612,Medium Loyalty,Mixed Behavior
790,33,Male,Idaho,84,4,Handbag,Accessories,S,Purple,Fall,2.7,Yes,Standard,Credit Card,Bi-Weekly,Yes,Yes,53.83673469387755,High Loyalty,Valuable but Promo-Driven
791,22,Male,Louisiana,37,12,Sweater,Clothing,M,Indigo,Summer,4.9,Yes,Store Pickup,Bank Transfer,Quarterly,Yes,Yes,35.234693877551024,Medium Loyalty,Mixed Behavior
792,50,Male,North Carolina,44,35,Scarf,Accessories,S,Magenta,Summer,3.1,Yes,2-Day Shipping,PayPal,Fortnightly,Yes,Yes,60.816326530612244,High Loyalty,Valuable but Promo-Driven
793,34,Male,New Jersey,45,45,Sneakers,Footwear,M,Violet,Spring,4.2,Yes,Next Day Air,Venmo,Weekly,Yes,Yes,69.43877551020408,High Loyalty,Valuable but Promo-Driven
794,24,Male,Alabama,35,16,Pants,Clothing,L,Maroon,Summer,3.8,Yes,Free Shipping,Credit Card,Monthly,Yes,Yes,42.683673469387756,Medium Loyalty,Mixed Behavior
795,69,Male,Kentucky,50,10,Backpack,Accessories,XL,Yellow,Winter,4.2,Yes,Store Pickup,Debit Card,Fortnightly,Yes,Yes,48.51020408163266,Medium Loyalty,Mixed Behavior
796,39,Male,New York,26,34,Sandals,Footwear,M,Beige,Summer,4.6,Yes,Store Pickup,Venmo,Annually,Yes,Yes,46.20408163265306,Medium Loyalty,Mixed Behavior
797,42,Male,Arizona,78,43,Socks,Clothing,XL,Black,Fall,4.0,Yes,2-Day Shipping,Credit Card,Annually,Yes,Yes,77.71428571428571,High Loyalty,Valuable but Promo-Driven
798,42,Male,Maryland,82,38,Coat,Outerwear,M,Violet,Fall,4.0,Yes,2-Day Shipping,Debit Card,Weekly,Yes,Yes,83.6530612244898,High Loyalty,Valuable but Promo-Driven
799,29,Male,Alaska,39,48,Socks,Clothing,M,Violet,Spring,3.8,Yes,2-Day Shipping,PayPal,Every 3 Months,Yes,Yes,58.27551020408164,High Loyalty,Valuable but Promo-Driven
800,55,Male,Nevada,55,31,Belt,Accessories,L,Brown,Summer,3.750064716541548,Yes,Free Shipping,PayPal,Annually,Yes,Yes,58.86734693877551,High Loyalty,Valuable but Promo-Driven
801,32,Male,Utah,20,20,Socks,Clothing,S,Gold,Summer,2.6,Yes,Free Shipping,Cash,Every 3 Months,Yes,Yes,31.63265306122449,Low Loyalty,Discount-Only (Only Buy on Sale)
802,25,Male,New Mexico,29,12,Belt,Accessories,L,Blue,Fall,4.9,Yes,Express,Credit Card,Fortnightly,Yes,Yes,39.234693877551024,Medium Loyalty,Mixed Behavior
803,38,Male,Delaware,41,2,Pants,Clothing,M,Teal,Winter,3.5,Yes,Next Day Air,Bank Transfer,Weekly,Yes,Yes,41.112244897959194,Medium Loyalty,Mixed Behavior
804,32,Male,Connecticut,38,30,Shorts,Clothing,L,Silver,Winter,2.8,Yes,Express,Venmo,Every 3 Months,Yes,Yes,46.755102040816325,Medium Loyalty,Mixed Behavior
805,43,Male,Mississippi,47,28,Boots,Footwear,M,Maroon,Summer,2.6,Yes,Store Pickup,Venmo,Quarterly,Yes,Yes,50.03061224489795,Medium Loyalty,Mixed Behavior
806,41,Male,Connecticut,30,40,Dress,Clothing,L,White,Summer,3.7,Yes,Next Day Air,Debit Card,Monthly,Yes,Yes,54.87755102040816,High Loyalty,Valuable but Promo-Driven
807,56,Male,Florida,56,46,Jeans,Clothing,L,Charcoal,Summer,2.7,Yes,Standard,PayPal,Quarterly,Yes,Yes,65.55102040816327,High Loyalty,Valuable but Promo-Driven
808,27,Male,New York,89,15,T-shirt,Clothing,S,Brown,Winter,3.3,Yes,Express,Credit Card,Weekly,Yes,Yes,73.07142857142857,High Loyalty,Valuable but Promo-Driven
809,46,Male,Wisconsin,96,38,Shoes,Footwear,L,Lavender,Fall,4.6,Yes,Next Day Air,Cash,Every 3 Months,Yes,Yes,80.6530612244898,High Loyalty,Valuable but Promo-Driven
810,48,Male,South Carolina,81,30,Boots,Footwear,M,Violet,Fall,4.9,Yes,Next Day Air,PayPal,Bi-Weekly,Yes,Yes,68.25510204081633,High Loyalty,Valuable but Promo-Driven
811,52,Male,South Dakota,83,32,Scarf,Accessories,S,Lavender,Fall,4.9,Yes,Store Pickup,Debit Card,Bi-Weekly,Yes,Yes,70.47959183673468,High Loyalty,Valuable but Promo-Driven
812,18,Male,Illinois,35,36,Sneakers,Footwear,M,Green,Winter,2.7,Yes,Free Shipping,Venmo,Quarterly,Yes,Yes,48.92857142857142,Medium Loyalty,Mixed Behavior
813,64,Male,Alaska,56,32,Boots,Footwear,M,Olive,Summer,3.2,Yes,Standard,Credit Card,Weekly,Yes,Yes,66.97959183673468,High Loyalty,Valuable but Promo-Driven
814,54,Male,Montana,45,14,Handbag,Accessories,S,Olive,Summer,2.9,Yes,Store Pickup,Debit Card,Annually,Yes,Yes,43.45918367346939,Medium Loyalty,Mixed Behavior
815,31,Male,Minnesota,62,8,Shirt,Clothing,M,Pink,Winter,3.8,Yes,Express,PayPal,Monthly,Yes,Yes,51.28571428571429,Medium Loyalty,Mixed Behavior
816,30,Male,West Virginia,84,27,Hat,Accessories,L,Teal,Spring,3.0,Yes,Next Day Air,Venmo,Bi-Weekly,Yes,Yes,67.91836734693878,High Loyalty,Valuable but Promo-Driven
817,26,Male,Illinois,24,24,Sweater,Clothing,L,Cyan,Summer,3.9,Yes,Store Pickup,Debit Card,Monthly,Yes,Yes,42.08163265306123,Medium Loyalty,Mixed Behavior
818,25,Male,Nevada,21,30,Handbag,Accessories,S,Gray,Spring,4.7,Yes,Store Pickup,PayPal,Fortnightly,Yes,Yes,46.255102040816325,Medium Loyalty,Mixed Behavior
819,59,Male,Idaho,91,34,Shirt,Clothing,M,Peach,Winter,4.9,Yes,Store Pickup,Debit Card,Monthly,Yes,Yes,81.70408163265306,High Loyalty,Valuable but Promo-Driven
820,55,Male,Colorado,36,28,Sunglasses,Accessories,S,Teal,Winter,4.8,Yes,Next Day Air,Debit Card,Quarterly,Yes,Yes,44.53061224489796,Medium Loyalty,Mixed Behavior
821,56,Male,Louisiana,39,27,Sneakers,Footwear,M,Turquoise,Spring,2.5,Yes,2-Day Shipping,Debit Card,Monthly,Yes,Yes,51.41836734693877,Medium Loyalty,Mixed Behavior
822,62,Male,Vermont,39,31,Hoodie,Clothing,M,Green,Spring,3.9,Yes,Standard,Credit Card,Bi-Weekly,Yes,Yes,47.867346938775505,Medium Loyalty,Mixed Behavior
823,35,Male,Mississippi,59,23,Shirt,Clothing,L,Magenta,Winter,3.4,Yes,Standard,Bank Transfer,Annually,Yes,Yes,55.96938775510205,High Loyalty,Valuable but Promo-Driven
824,51,Male,Georgia,27,11,Sunglasses,Accessories,M,Green,Winter,2.5,Yes,Free Shipping,Credit Card,Quarterly,Yes,Yes,29.622448979591837,Low Loyalty,Discount-Only (Only Buy on Sale)
825,61,Male,Georgia,94,48,Blouse,Clothing,M,White,Spring,3.0,Yes,Store Pickup,Cash,Quarterly,Yes,Yes,85.77551020408163,High Loyalty,Valuable but Promo-Driven
826,27,Male,Nebraska,94,17,Belt,Accessories,XL,Brown,Fall,3.6,Yes,Next Day Air,Cash,Monthly,Yes,Yes,72.79591836734696,High Loyalty,Valuable but Promo-Driven
827,54,Male,Massachusetts,94,36,Dress,Clothing,M,Purple,Winter,3.6,Yes,Standard,PayPal,Weekly,Yes,Yes,88.42857142857142,High Loyalty,Valuable but Promo-Driven
828,31,Male,Colorado,51,33,Shoes,Footwear,S,Green,Fall,4.1,Yes,Free Shipping,Bank Transfer,Fortnightly,Yes,Yes,63.0918367346939,High Loyalty,Valuable but Promo-Driven
829,24,Male,Nevada,62,27,Socks,Clothing,M,Peach,Fall,3.7,Yes,2-Day Shipping,PayPal,Bi-Weekly,Yes,Yes,56.91836734693878,High Loyalty,Valuable but Promo-Driven
830,42,Male,Idaho,57,14,Socks,Clothing,S,Silver,Spring,3.750064716541548,Yes,2-Day Shipping,Credit Card,Fortnightly,Yes,Yes,54.45918367346939,High Loyalty,Valuable but Promo-Driven
831,41,Male,Wyoming,76,5,Shorts,Clothing,M,Maroon,Fall,4.2,Yes,Express,Credit Card,Annually,Yes,Yes,53.448979591836746,Medium Loyalty,Mixed Behavior
832,66,Male,Washington,63,47,Gloves,Accessories,M,Red,Summer,4.3,Yes,Express,Cash,Every 3 Months,Yes,Yes,69.66326530612245,High Loyalty,Valuable but Promo-Driven
833,58,Male,California,80,28,Jacket,Outerwear,L,Blue,Fall,2.5,Yes,Express,Cash,Bi-Weekly,Yes,Yes,66.53061224489795,High Loyalty,Valuable but Promo-Driven
834,43,Male,Oklahoma,68,11,Handbag,Accessories,M,Purple,Fall,3.5,Yes,Standard,Credit Card,Annually,Yes,Yes,53.12244897959184,Medium Loyalty,Mixed Behavior
835,52,Male,Nevada,89,18,Backpack,Accessories,M,Indigo,Summer,3.1,Yes,Free Shipping,Credit Card,Weekly,Yes,Yes,74.90816326530613,High Loyalty,Valuable but Promo-Driven
836,35,Male,Maryland,26,21,Boots,Footwear,L,Indigo,Summer,2.5,Yes,Next Day Air,Debit Card,Weekly,Yes,Yes,45.244897959183675,Medium Loyalty,Mixed Behavior
837,23,Male,West Virginia,90,22,Gloves,Accessories,L,Violet,Winter,3.9,Yes,Store Pickup,Cash,Bi-Weekly,Yes,Yes,67.85714285714286,High Loyalty,Valuable but Promo-Driven
838,25,Male,Illinois,28,33,Hoodie,Clothing,L,Brown,Spring,4.9,Yes,Express,Cash,Every 3 Months,Yes,Yes,43.59183673469388,Medium Loyalty,Mixed Behavior
839,33,Male,Kentucky,29,49,Coat,Outerwear,M,Gray,Spring,4.3,Yes,Express,Credit Card,Annually,Yes,Yes,56.88775510204083,High Loyalty,Valuable but Promo-Driven
840,48,Male,Illinois,31,10,Shirt,Clothing,L,Teal,Spring,2.6,Yes,Free Shipping,Debit Card,Every 3 Months,Yes,Yes,31.010204081632654,Low Loyalty,Discount-Only (Only Buy on Sale)
841,42,Male,Alabama,24,18,Shirt,Clothing,L,Teal,Summer,4.2,Yes,2-Day Shipping,PayPal,Weekly,Yes,Yes,42.40816326530612,Medium Loyalty,Mixed Behavior
842,55,Male,Texas,88,28,Sweater,Clothing,M,Beige,Summer,2.6,Yes,Store Pickup,PayPal,Fortnightly,Yes,Yes,78.53061224489797,High Loyalty,Valuable but Promo-Driven
843,59,Male,Missouri,87,25,Shirt,Clothing,M,Violet,Spring,3.6,Yes,Express,PayPal,Weekly,Yes,Yes,78.19387755102042,High Loyalty,Valuable but Promo-Driven
844,65,Male,Pennsylvania,80,6,Hoodie,Clothing,S,Beige,Summer,3.2,Yes,Express,PayPal,Weekly,Yes,Yes,63.06122448979592,High Loyalty,Valuable but Promo-Driven
845,59,Male,Missouri,48,44,Sandals,Footwear,L,Purple,Winter,4.4,Yes,Express,Venmo,Bi-Weekly,Yes,Yes,60.32653061224489,High Loyalty,Valuable but Promo-Driven
846,31,Male,Michigan,21,30,Belt,Accessories,XL,Charcoal,Winter,3.7,Yes,Standard,Venmo,Monthly,Yes,Yes,44.255102040816325,Medium Loyalty,Mixed Behavior
847,49,Male,Kentucky,72,42,Boots,Footwear,M,Pink,Spring,3.7,Yes,Express,Debit Card,Quarterly,Yes,Yes,71.10204081632652,High Loyalty,Valuable but Promo-Driven
848,53,Male,New Jersey,44,30,Hoodie,Clothing,L,Blue,Fall,4.1,Yes,Standard,PayPal,Monthly,Yes,Yes,55.755102040816325,High Loyalty,Valuable but Promo-Driven
849,48,Male,Delaware,73,33,Sandals,Footwear,M,Lavender,Fall,3.6,Yes,Store Pickup,Credit Card,Bi-Weekly,Yes,Yes,66.09183673469387,High Loyalty,Valuable but Promo-Driven
850,23,Male,Missouri,61,24,Jeans,Clothing,S,Charcoal,Spring,4.3,Yes,Express,PayPal,Quarterly,Yes,Yes,54.58163265306123,High Loyalty,Valuable but Promo-Driven
851,68,Male,Connecticut,20,13,Shoes,Footwear,L,Turquoise,Winter,2.6,Yes,Store Pickup,Venmo,Monthly,Yes,Yes,33.3469387755102,Low Loyalty,Discount-Only (Only Buy on Sale)
852,35,Male,Massachusetts,86,19,Sandals,Footwear,M,Red,Summer,2.9,Yes,Express,Debit Card,Monthly,Yes,Yes,70.02040816326532,High Loyalty,Valuable but Promo-Driven
853,34,Male,Florida,60,23,Dress,Clothing,L,Yellow,Spring,4.2,Yes,Next Day Air,Debit Card,Every 3 Months,Yes,Yes,53.46938775510204,Medium Loyalty,Mixed Behavior
854,62,Male,Delaware,43,35,Hat,Accessories,L,Orange,Winter,4.0,Yes,Free Shipping,Cash,Monthly,Yes,Yes,58.31632653061225,High Loyalty,Valuable but Promo-Driven
855,21,Male,California,44,22,Pants,Clothing,L,Blue,Spring,4.3,Yes,Free Shipping,Venmo,Monthly,Yes,Yes,50.857142857142854,Medium Loyalty,Mixed Behavior
856,70,Male,Oregon,76,14,Socks,Clothing,L,Gold,Spring,3.0,Yes,2-Day Shipping,Credit Card,Quarterly,Yes,Yes,55.95918367346939,High Loyalty,Valuable but Promo-Driven
857,55,Male,Alaska,33,47,Shirt,Clothing,M,Gold,Summer,3.5,Yes,Express,Debit Card,Fortnightly,Yes,Yes,62.663265306122454,High Loyalty,Valuable but Promo-Driven
858,43,Male,Missouri,60,50,Shorts,Clothing,L,Cyan,Fall,3.0,Yes,Standard,Debit Card,Every 3 Months,Yes,Yes,70.0,High Loyalty,Valuable but Promo-Driven
859,19,Male,Oklahoma,26,33,Jacket,Outerwear,L,Olive,Fall,3.1,Yes,Free Shipping,PayPal,Weekly,Yes,Yes,52.59183673469388,Medium Loyalty,Mixed Behavior
860,47,Male,Wisconsin,73,7,Hoodie,Clothing,M,Teal,Winter,4.0,Yes,Next Day Air,Debit Card,Monthly,Yes,Yes,56.17346938775511,High Loyalty,Valuable but Promo-Driven
861,26,Male,South Carolina,87,3,Shoes,Footwear,M,Maroon,Spring,4.1,Yes,Standard,Cash,Monthly,Yes,Yes,60.72448979591838,High Loyalty,Valuable but Promo-Driven
862,46,Male,Virginia,100,35,Skirt,Clothing,XL,Green,Spring,3.750064716541548,Yes,2-Day Shipping,Credit Card,Every 3 Months,Yes,Yes,80.81632653061223,High Loyalty,Valuable but Promo-Driven
863,19,Male,Arkansas,84,13,Coat,Outerwear,M,Charcoal,Winter,4.9,Yes,Standard,PayPal,Fortnightly,Yes,Yes,67.34693877551021,High Loyalty,Valuable but Promo-Driven
864,49,Male,Vermont,41,42,Sneakers,Footwear,M,Cyan,Summer,3.9,Yes,Standard,PayPal,Fortnightly,Yes,Yes,63.60204081632654,High Loyalty,Valuable but Promo-Driven
865,51,Male,Kentucky,59,5,Jeans,Clothing,S,Charcoal,Winter,3.9,Yes,Next Day Air,PayPal,Annually,Yes,Yes,44.94897959183673,Medium Loyalty,Mixed Behavior
866,64,Male,Colorado,26,23,Blouse,Clothing,L,Charcoal,Winter,4.8,Yes,Store Pickup,Venmo,Annually,Yes,Yes,39.469387755102034,Medium Loyalty,Mixed Behavior
867,67,Male,New Mexico,69,11,Sunglasses,Accessories,M,Lavender,Summer,2.7,Yes,Free Shipping,PayPal,Bi-Weekly,Yes,Yes,50.62244897959184,Medium Loyalty,Mixed Behavior
868,37,Male,Colorado,20,23,Jacket,Outerwear,M,Turquoise,Spring,3.1,Yes,Free Shipping,Bank Transfer,Fortnightly,Yes,Yes,41.46938775510204,Medium Loyalty,Mixed Behavior
869,40,Male,North Carolina,83,2,Dress,Clothing,M,Green,Summer,3.2,Yes,Next Day Air,Credit Card,Every 3 Months,Yes,Yes,52.112244897959194,Medium Loyalty,Mixed Behavior
870,38,Male,New Hampshire,54,33,Hat,Accessories,M,Silver,Spring,2.7,Yes,2-Day Shipping,PayPal,Weekly,Yes,Yes,66.59183673469387,High Loyalty,Valuable but Promo-Driven
871,66,Male,West Virginia,66,6,Hoodie,Clothing,M,Blue,Fall,2.5,Yes,Standard,Bank Transfer,Bi-Weekly,Yes,Yes,46.06122448979592,Medium Loyalty,Mixed Behavior
872,47,Male,Hawaii,42,45,Handbag,Accessories,M,Charcoal,Spring,2.6,Yes,Next Day Air,Debit Card,Quarterly,Yes,Yes,57.938775510204074,High Loyalty,Valuable but Promo-Driven
873,56,Male,North Dakota,33,25,Jeans,Clothing,M,Pink,Spring,2.9,Yes,Standard,Cash,Quarterly,Yes,Yes,41.19387755102041,Medium Loyalty,Mixed Behavior
874,51,Male,Mississippi,77,24,Boots,Footwear,M,Pink,Summer,4.2,Yes,Free Shipping,Venmo,Quarterly,Yes,Yes,62.58163265306123,High Loyalty,Valuable but Promo-Driven
875,25,Male,Maine,65,10,Jacket,Outerwear,M,Magenta,Fall,4.4,Yes,Free Shipping,Venmo,Every 3 Months,Yes,Yes,48.01020408163265,Medium Loyalty,Mixed Behavior
876,37,Male,North Dakota,39,7,Sandals,Footwear,L,Gray,Summer,4.1,Yes,Free Shipping,Bank Transfer,Every 3 Months,Yes,Yes,33.173469387755105,Low Loyalty,Discount-Only (Only Buy on Sale)
877,41,Male,Nebraska,51,1,Belt,Accessories,L,Gray,Summer,3.8,Yes,2-Day Shipping,Debit Card,Weekly,Yes,Yes,45.50000000000001,Medium Loyalty,Mixed Behavior
878,64,Male,Nebraska,65,45,Handbag,Accessories,M,Orange,Winter,4.9,Yes,Next Day Air,Venmo,Every 3 Months,Yes,Yes,69.43877551020408,High Loyalty,Valuable but Promo-Driven
879,23,Male,Tennessee,89,37,Sunglasses,Accessories,S,Black,Summer,4.9,Yes,Express,Debit Card,Weekly,Yes,Yes,86.5408163265306,High Loyalty,Valuable but Promo-Driven
880,62,Male,Wyoming,76,14,Skirt,Clothing,S,Lavender,Spring,4.1,Yes,Free Shipping,PayPal,Quarterly,Yes,Yes,55.95918367346939,High Loyalty,Valuable but Promo-Driven
881,39,Male,Nevada,75,25,Backpack,Accessories,L,Red,Spring,3.1,Yes,Express,Debit Card,Monthly,Yes,Yes,68.19387755102042,High Loyalty,Valuable but Promo-Driven
882,52,Male,South Carolina,61,18,Sandals,Footwear,M,Silver,Summer,2.7,Yes,Next Day Air,Venmo,Annually,Yes,Yes,53.90816326530613,High Loyalty,Valuable but Promo-Driven
883,50,Male,Virginia,35,37,Boots,Footwear,M,Cyan,Fall,3.8,Yes,Next Day Air,Cash,Every 3 Months,Yes,Yes,49.54081632653061,Medium Loyalty,Mixed Behavior
884,28,Male,Pennsylvania,37,30,Sneakers,Footwear,S,Gold,Fall,4.3,Yes,Free Shipping,Bank Transfer,Monthly,Yes,Yes,52.255102040816325,Medium Loyalty,Mixed Behavior
885,67,Male,Hawaii,91,34,Skirt,Clothing,L,Yellow,Winter,4.1,Yes,Express,Bank Transfer,Weekly,Yes,Yes,85.70408163265306,High Loyalty,Valuable but Promo-Driven
886,41,Male,Ohio,99,49,Dress,Clothing,L,Purple,Fall,4.4,Yes,Free Shipping,Debit Card,Every 3 Months,Yes,Yes,88.88775510204081,High Loyalty,Valuable but Promo-Driven
887,19,Male,Utah,54,48,Shorts,Clothing,S,Brown,Summer,3.6,Yes,Express,Bank Transfer,Monthly,Yes,Yes,71.77551020408164,High Loyalty,Valuable but Promo-Driven
888,70,Male,Minnesota,47,33,Handbag,Accessories,L,Turquoise,Winter,3.3,Yes,2-Day Shipping,PayPal,Fortnightly,Yes,Yes,61.09183673469389,High Loyalty,Valuable but Promo-Driven
889,49,Male,New Hampshire,77,44,Scarf,Accessories,S,Gold,Spring,3.750064716541548,Yes,Express,Cash,Annually,Yes,Yes,77.8265306122449,High Loyalty,Valuable but Promo-Driven
890,59,Male,Arizona,84,50,Belt,Accessories,S,Olive,Fall,2.8,Yes,Free Shipping,Venmo,Weekly,Yes,Yes,92.0,High Loyalty,Valuable but Promo-Driven
891,52,Male,New York,51,47,Gloves,Accessories,S,Purple,Spring,4.3,Yes,2-Day Shipping,Credit Card,Monthly,Yes,Yes,69.66326530612245,High Loyalty,Valuable but Promo-Driven
892,20,Male,Pennsylvania,26,24,Skirt,Clothing,S,Lavender,Summer,3.9,Yes,Store Pickup,PayPal,Every 3 Months,Yes,Yes,37.08163265306123,Medium Loyalty,Mixed Behavior
893,31,Male,New Mexico,64,43,Shorts,Clothing,L,Gray,Summer,2.7,Yes,Free Shipping,Debit Card,Monthly,Yes,Yes,73.71428571428571,High Loyalty,Valuable but Promo-Driven
894,33,Male,Nebraska,51,14,Backpack,Accessories,M,Red,Spring,4.7,Yes,Express,Venmo,Monthly,Yes,Yes,49.45918367346939,Medium Loyalty,Mixed Behavior
895,44,Male,Wyoming,60,3,Hoodie,Clothing,L,Purple,Spring,3.8,Yes,Free Shipping,Debit Card,Quarterly,Yes,Yes,41.22448979591837,Medium Loyalty,Mixed Behavior
896,40,Male,Mississippi,69,33,Hat,Accessories,XL,Olive,Spring,4.7,Yes,Next Day Air,Debit Card,Quarterly,Yes,Yes,64.09183673469387,High Loyalty,Valuable but Promo-Driven
897,69,Male,Arkansas,29,38,Jewelry,Accessories,M,Lavender,Spring,4.7,Yes,Express,Cash,Fortnightly,Yes,Yes,55.1530612244898,High Loyalty,Valuable but Promo-Driven
898,29,Male,Illinois,91,46,Shirt,Clothing,M,Gray,Spring,3.4,Yes,Express,Venmo,Weekly,Yes,Yes,93.05102040816325,High Loyalty,Valuable but Promo-Driven
899,54,Male,Nevada,70,19,Belt,Accessories,L,Red,Spring,3.5,Yes,2-Day Shipping,Bank Transfer,Every 3 Months,Yes,Yes,56.0204081632653,High Loyalty,Valuable but Promo-Driven
900,65,Male,Rhode Island,58,20,Sweater,Clothing,M,Peach,Summer,4.0,Yes,Standard,PayPal,Annually,Yes,Yes,53.63265306122449,High Loyalty,Valuable but Promo-Driven
901,54,Male,West Virginia,98,42,Hat,Accessories,L,Gray,Fall,3.3,Yes,Free Shipping,Bank Transfer,Quarterly,Yes,Yes,84.10204081632654,High Loyalty,Valuable but Promo-Driven
902,60,Male,Missouri,68,34,Scarf,Accessories,L,Violet,Summer,4.7,Yes,2-Day Shipping,Cash,Monthly,Yes,Yes,70.20408163265306,High Loyalty,Valuable but Promo-Driven
903,43,Male,Kentucky,44,5,Hat,Accessories,M,Beige,Summer,2.8,Yes,Next Day Air,Cash,Monthly,Yes,Yes,40.44897959183674,Medium Loyalty,Mixed Behavior
904,44,Male,Washington,45,3,Jacket,Outerwear,M,Blue,Winter,3.3,Yes,Express,PayPal,Quarterly,Yes,Yes,33.724489795918366,Low Loyalty,Discount-Only (Only Buy on Sale)
905,69,Male,Alaska,99,46,T-shirt,Clothing,L,Magenta,Spring,2.9,Yes,Free Shipping,PayPal,Every 3 Months,Yes,Yes,87.05102040816325,High Loyalty,Valuable but Promo-Driven
906,46,Male,Mississippi,68,16,Dress,Clothing,S,Cyan,Spring,2.8,Yes,Standard,Venmo,Annually,Yes,Yes,56.18367346938776,High Loyalty,Valuable but Promo-Driven
907,41,Male,South Carolina,56,21,Pants,Clothing,M,Red,Spring,4.2,Yes,Standard,Debit Card,Bi-Weekly,Yes,Yes,50.244897959183675,Medium Loyalty,Mixed Behavior
908,32,Male,Missouri,43,34,Sweater,Clothing,L,Cyan,Winter,4.4,Yes,Express,Credit Card,Bi-Weekly,Yes,Yes,51.70408163265306,Medium Loyalty,Mixed Behavior
909,26,Male,New Jersey,99,9,Sunglasses,Accessories,M,Turquoise,Winter,3.6,Yes,Free Shipping,PayPal,Every 3 Months,Yes,Yes,64.39795918367346,High Loyalty,Valuable but Promo-Driven
910,61,Male,Louisiana,56,36,Belt,Accessories,L,Silver,Fall,2.7,Yes,Express,PayPal,Weekly,Yes,Yes,69.42857142857143,High Loyalty,Valuable but Promo-Driven
911,49,Male,South Carolina,25,22,Hoodie,Clothing,S,Pink,Spring,3.4,Yes,Express,Credit Card,Monthly,Yes,Yes,41.357142857142854,Medium Loyalty,Mixed Behavior
912,53,Male,Vermont,74,2,Pants,Clothing,M,Black,Winter,2.8,Yes,2-Day Shipping,Bank Transfer,Quarterly,Yes,Yes,47.61224489795919,Medium Loyalty,Mixed Behavior
913,24,Male,Arkansas,56,32,Hoodie,Clothing,M,Green,Winter,3.4,Yes,Next Day Air,Bank Transfer,Monthly,Yes,Yes,62.97959183673469,High Loyalty,Valuable but Promo-Driven
914,37,Male,Utah,47,29,Sneakers,Footwear,M,Yellow,Fall,2.6,Yes,Next Day Air,Cash,Every 3 Months,Yes,Yes,50.642857142857146,Medium Loyalty,Mixed Behavior
915,43,Male,Washington,67,27,Dress,Clothing,L,Purple,Summer,4.1,Yes,Standard,Venmo,Every 3 Months,Yes,Yes,59.41836734693877,High Loyalty,Valuable but Promo-Driven
916,31,Male,Rhode Island,22,33,Dress,Clothing,L,Purple,Winter,2.9,Yes,Store Pickup,Credit Card,Fortnightly,Yes,Yes,48.59183673469388,Medium Loyalty,Mixed Behavior
917,49,Male,Illinois,34,16,Jeans,Clothing,S,Blue,Spring,2.7,Yes,Standard,Venmo,Monthly,Yes,Yes,42.183673469387756,Medium Loyalty,Mixed Behavior
918,69,Male,Missouri,64,11,Sweater,Clothing,M,Maroon,Spring,3.7,Yes,Standard,Bank Transfer,Quarterly,Yes,Yes,48.122448979591844,Medium Loyalty,Mixed Behavior
919,65,Male,North Carolina,42,11,Shorts,Clothing,M,Orange,Spring,4.3,Yes,2-Day Shipping,Cash,Fortnightly,Yes,Yes,45.12244897959184,Medium Loyalty,Mixed Behavior
920,41,Male,Massachusetts,82,17,Shirt,Clothing,L,Green,Winter,2.6,Yes,2-Day Shipping,Debit Card,Bi-Weekly,Yes,Yes,60.79591836734694,High Loyalty,Valuable but Promo-Driven
921,37,Male,Arkansas,81,37,Belt,Accessories,XL,Gold,Summer,4.3,Yes,Free Shipping,Cash,Weekly,Yes,Yes,82.5408163265306,High Loyalty,Valuable but Promo-Driven
922,70,Male,South Dakota,24,18,Coat,Outerwear,L,Silver,Summer,4.1,Yes,Express,PayPal,Weekly,Yes,Yes,42.40816326530612,Medium Loyalty,Mixed Behavior
923,63,Male,Georgia,60,13,Sneakers,Footwear,M,Cyan,Fall,4.2,Yes,Standard,Credit Card,Monthly,Yes,Yes,53.346938775510196,Medium Loyalty,Mixed Behavior
924,55,Male,Arkansas,24,7,Shirt,Clothing,M,Silver,Spring,4.2,Yes,2-Day Shipping,PayPal,Weekly,Yes,Yes,35.673469387755105,Medium Loyalty,Mixed Behavior
925,52,Male,Kansas,78,37,Socks,Clothing,XL,Beige,Winter,3.1,Yes,Standard,Cash,Quarterly,Yes,Yes,71.0408163265306,High Loyalty,Valuable but Promo-Driven
926,22,Male,Arizona,88,8,Jeans,Clothing,L,Teal,Winter,4.9,Yes,Express,Cash,Monthly,Yes,Yes,64.2857142857143,High Loyalty,Valuable but Promo-Driven
927,54,Male,Massachusetts,63,11,Jeans,Clothing,XL,Green,Spring,4.4,Yes,Express,Cash,Bi-Weekly,Yes,Yes,47.622448979591844,Medium Loyalty,Mixed Behavior
928,28,Male,New Mexico,78,8,Sneakers,Footwear,L,Black,Summer,4.4,Yes,Standard,Venmo,Bi-Weekly,Yes,Yes,53.28571428571429,Medium Loyalty,Mixed Behavior
929,67,Male,Arkansas,37,31,Dress,Clothing,XL,Yellow,Winter,3.4,Yes,Store Pickup,Cash,Every 3 Months,Yes,Yes,46.867346938775505,Medium Loyalty,Mixed Behavior
930,59,Male,Nebraska,94,26,Boots,Footwear,M,White,Fall,4.5,Yes,2-Day Shipping,Debit Card,Fortnightly,Yes,Yes,80.30612244897961,High Loyalty,Valuable but Promo-Driven
931,26,Male,Hawaii,78,20,T-shirt,Clothing,L,Green,Fall,4.5,Yes,Store Pickup,Credit Card,Bi-Weekly,Yes,Yes,60.632653061224495,High Loyalty,Valuable but Promo-Driven
932,24,Male,Nebraska,36,24,Coat,Outerwear,M,Silver,Winter,4.1,Yes,Standard,Bank Transfer,Fortnightly,Yes,Yes,50.08163265306123,Medium Loyalty,Mixed Behavior
933,62,Male,Indiana,24,45,Skirt,Clothing,L,Blue,Winter,3.2,Yes,Standard,Debit Card,Bi-Weekly,Yes,Yes,48.93877551020408,Medium Loyalty,Mixed Behavior
934,70,Male,Colorado,84,33,Sneakers,Footwear,M,Magenta,Spring,2.7,Yes,Store Pickup,Debit Card,Monthly,Yes,Yes,77.5918367346939,High Loyalty,Valuable but Promo-Driven
935,45,Male,Oregon,47,21,Jeans,Clothing,S,Yellow,Spring,3.7,Yes,Express,Bank Transfer,Monthly,Yes,Yes,51.74489795918367,Medium Loyalty,Mixed Behavior
936,58,Male,Ohio,51,2,Hoodie,Clothing,L,White,Fall,2.6,Yes,Store Pickup,Bank Transfer,Fortnightly,Yes,Yes,44.112244897959194,Medium Loyalty,Mixed Behavior
937,31,Male,Maine,84,28,Shoes,Footwear,M,Pink,Summer,2.7,Yes,Free Shipping,Cash,Weekly,Yes,Yes,78.53061224489795,High Loyalty,Valuable but Promo-Driven
938,32,Male,Iowa,24,18,Shorts,Clothing,M,Magenta,Summer,2.7,Yes,Express,Venmo,Quarterly,Yes,Yes,32.40816326530612,Low Loyalty,Discount-Only (Only Buy on Sale)
939,36,Male,Wisconsin,97,21,Blouse,Clothing,S,Teal,Fall,4.8,Yes,Free Shipping,Debit Card,Fortnightly,Yes,Yes,78.74489795918369,High Loyalty,Valuable but Promo-Driven
940,25,Male,New York,89,24,T-shirt,Clothing,L,Indigo,Winter,4.8,Yes,Next Day Air,Credit Card,Monthly,Yes,Yes,74.58163265306123,High Loyalty,Valuable but Promo-Driven
941,48,Male,Colorado,44,15,Belt,Accessories,S,Maroon,Spring,2.6,Yes,Store Pickup,PayPal,Every 3 Months,Yes,Yes,40.57142857142857,Medium Loyalty,Mixed Behavior
942,39,Male,Illinois,35,38,Handbag,Accessories,L,Black,Winter,4.5,Yes,2-Day Shipping,PayPal,Every 3 Months,Yes,Yes,50.15306122448979,Medium Loyalty,Mixed Behavior
943,26,Male,Arizona,91,38,Dress,Clothing,M,Cyan,Winter,3.2,Yes,Express,PayPal,Bi-Weekly,Yes,Yes,78.15306122448979,High Loyalty,Valuable but Promo-Driven
944,32,Male,Oklahoma,63,13,Hat,Accessories,L,Cyan,Winter,3.8,Yes,Next Day Air,Venmo,Fortnightly,Yes,Yes,56.84693877551021,High Loyalty,Valuable but Promo-Driven
945,54,Male,Indiana,97,39,Belt,Accessories,S,Gray,Spring,4.8,Yes,Express,Cash,Bi-Weekly,Yes,Yes,81.76530612244899,High Loyalty,Valuable but Promo-Driven
946,38,Male,Minnesota,38,8,Boots,Footwear,M,Violet,Summer,4.1,Yes,Store Pickup,Venmo,Every 3 Months,Yes,Yes,33.285714285714285,Low Loyalty,Discount-Only (Only Buy on Sale)
947,46,Male,Pennsylvania,24,4,Coat,Outerwear,XL,Blue,Spring,2.8,Yes,Next Day Air,PayPal,Quarterly,Yes,Yes,23.836734693877553,Low Loyalty,Discount-Only (Only Buy on Sale)
948,57,Male,Indiana,32,6,Blouse,Clothing,M,Charcoal,Winter,3.9,Yes,Store Pickup,Cash,Every 3 Months,Yes,Yes,29.061224489795922,Low Loyalty,Discount-Only (Only Buy on Sale)
949,49,Male,Alabama,90,11,Hat,Accessories,L,Olive,Summer,4.9,Yes,Express,Venmo,Every 3 Months,Yes,Yes,61.12244897959185,High Loyalty,Valuable but Promo-Driven
950,33,Male,Montana,36,49,Jeans,Clothing,M,Olive,Summer,3.4,Yes,Standard,Venmo,Monthly,Yes,Yes,63.38775510204082,High Loyalty,Valuable but Promo-Driven
951,54,Male,New Mexico,37,30,Backpack,Accessories,XL,Turquoise,Winter,4.1,Yes,Free Shipping,PayPal,Quarterly,Yes,Yes,46.255102040816325,Medium Loyalty,Mixed Behavior
952,47,Male,Alaska,51,34,Dress,Clothing,M,Cyan,Summer,2.9,Yes,Express,Bank Transfer,Monthly,Yes,Yes,61.704081632653065,High Loyalty,Valuable but Promo-Driven
953,36,Male,Idaho,71,28,Hat,Accessories,S,Red,Fall,3.1,Yes,2-Day Shipping,PayPal,Monthly,Yes,Yes,68.03061224489797,High Loyalty,Valuable but Promo-Driven
954,68,Male,Utah,50,36,Sunglasses,Accessories,S,Cyan,Spring,3.6,Yes,2-Day Shipping,Venmo,Quarterly,Yes,Yes,56.42857142857143,High Loyalty,Valuable but Promo-Driven
955,60,Male,Louisiana,74,18,Hat,Accessories,S,Turquoise,Fall,3.5,Yes,Standard,Credit Card,Every 3 Months,Yes,Yes,57.40816326530612,High Loyalty,Valuable but Promo-Driven
956,55,Male,Mississippi,75,4,Dress,Clothing,L,Lavender,Summer,3.4,Yes,Free Shipping,PayPal,Monthly,Yes,Yes,55.33673469387755,High Loyalty,Valuable but Promo-Driven
957,29,Male,Mississippi,99,42,Shirt,Clothing,XL,Cyan,Spring,2.9,Yes,2-Day Shipping,Debit Card,Quarterly,Yes,Yes,84.60204081632652,High Loyalty,Valuable but Promo-Driven
958,38,Male,Indiana,23,11,Scarf,Accessories,XL,Violet,Spring,4.7,Yes,Store Pickup,Cash,Quarterly,Yes,Yes,27.62244897959184,Low Loyalty,Discount-Only (Only Buy on Sale)
959,70,Male,Washington,53,31,Sneakers,Footwear,XL,Beige,Winter,4.4,Yes,Free Shipping,Credit Card,Bi-Weekly,Yes,Yes,54.867346938775505,High Loyalty,Valuable but Promo-Driven
960,36,Male,Nevada,99,12,Skirt,Clothing,M,Cyan,Spring,2.6,Yes,Standard,Cash,Fortnightly,Yes,Yes,74.23469387755104,High Loyalty,Valuable but Promo-Driven
961,18,Male,Louisiana,48,20,Jewelry,Accessories,XL,Indigo,Spring,4.4,Yes,Standard,Venmo,Quarterly,Yes,Yes,45.632653061224495,Medium Loyalty,Mixed Behavior
962,62,Male,Pennsylvania,72,37,Boots,Footwear,L,Olive,Fall,3.7,Yes,Next Day Air,Debit Card,Quarterly,Yes,Yes,68.0408163265306,High Loyalty,Valuable but Promo-Driven
963,29,Male,Michigan,64,26,Sunglasses,Accessories,L,Green,Spring,4.4,Yes,Standard,Debit Card,Fortnightly,Yes,Yes,65.3061224489796,High Loyalty,Valuable but Promo-Driven
964,21,Male,South Carolina,63,14,Boots,Footwear,L,Green,Spring,2.5,Yes,2-Day Shipping,Credit Card,Weekly,Yes,Yes,59.4591836734694,High Loyalty,Valuable but Promo-Driven
965,42,Male,Arizona,51,12,Sandals,Footwear,M,Beige,Spring,2.6,Yes,Next Day Air,Venmo,Bi-Weekly,Yes,Yes,42.234693877551024,Medium Loyalty,Mixed Behavior
966,43,Male,Delaware,55,10,Boots,Footwear,L,Black,Spring,5.0,Yes,Store Pickup,Credit Card,Annually,Yes,Yes,46.01020408163266,Medium Loyalty,Mixed Behavior
967,58,Male,Kentucky,55,19,Dress,Clothing,M,Brown,Spring,4.9,Yes,Express,Cash,Annually,Yes,Yes,51.52040816326531,Medium Loyalty,Mixed Behavior
968,27,Male,Georgia,26,4,Hoodie,Clothing,S,Silver,Summer,3.7,Yes,Store Pickup,Cash,Weekly,Yes,Yes,34.83673469387755,Medium Loyalty,Mixed Behavior
969,57,Male,North Carolina,67,48,Shorts,Clothing,L,Gray,Summer,3.1,Yes,Next Day Air,Bank Transfer,Quarterly,Yes,Yes,72.27551020408163,High Loyalty,Valuable but Promo-Driven
970,40,Male,California,31,37,Coat,Outerwear,S,Pink,Fall,3.2,Yes,Express,PayPal,Monthly,Yes,Yes,53.5408163265306,High Loyalty,Valuable but Promo-Driven
971,45,Male,California,66,4,Jeans,Clothing,S,Maroon,Winter,4.4,Yes,Free Shipping,Cash,Monthly,Yes,Yes,50.83673469387755,Medium Loyalty,Mixed Behavior
972,47,Male,Indiana,67,15,Sunglasses,Accessories,M,Cyan,Summer,4.3,Yes,Next Day Air,Credit Card,Weekly,Yes,Yes,62.07142857142857,High Loyalty,Valuable but Promo-Driven
973,61,Male,Colorado,61,33,Sneakers,Footwear,L,Gold,Winter,3.0,Yes,Standard,Credit Card,Weekly,Yes,Yes,70.09183673469389,High Loyalty,Valuable but Promo-Driven
974,60,Male,Colorado,75,30,Jacket,Outerwear,M,Teal,Fall,3.5,Yes,2-Day Shipping,Bank Transfer,Quarterly,Yes,Yes,65.25510204081633,High Loyalty,Valuable but Promo-Driven
975,69,Male,North Carolina,90,23,Skirt,Clothing,M,Beige,Spring,3.6,Yes,2-Day Shipping,Bank Transfer,Monthly,Yes,Yes,74.46938775510206,High Loyalty,Valuable but Promo-Driven
976,58,Male,Washington,40,2,Sweater,Clothing,M,Olive,Summer,3.8,Yes,2-Day Shipping,Bank Transfer,Weekly,Yes,Yes,40.61224489795918,Medium Loyalty,Mixed Behavior
977,34,Male,Florida,90,50,T-shirt,Clothing,M,Gray,Fall,3.6,Yes,Express,Credit Card,Every 3 Months,Yes,Yes,85.00000000000001,High Loyalty,Valuable but Promo-Driven
978,20,Male,Washington,20,34,Belt,Accessories,M,Black,Spring,4.6,Yes,Express,Cash,Bi-Weekly,Yes,Yes,40.20408163265306,Medium Loyalty,Mixed Behavior
979,56,Male,Colorado,40,33,Gloves,Accessories,M,Turquoise,Summer,2.5,Yes,Standard,Credit Card,Weekly,Yes,Yes,59.591836734693885,High Loyalty,Valuable but Promo-Driven
980,64,Male,New Hampshire,33,34,Hat,Accessories,S,Brown,Fall,3.5,Yes,Store Pickup,Debit Card,Monthly,Yes,Yes,52.70408163265306,Medium Loyalty,Mixed Behavior
981,56,Male,Maryland,98,39,Boots,Footwear,S,Magenta,Spring,4.0,Yes,Free Shipping,PayPal,Every 3 Months,Yes,Yes,82.26530612244898,High Loyalty,Valuable but Promo-Driven
982,27,Male,Maryland,42,47,Belt,Accessories,M,Silver,Spring,3.5,Yes,Next Day Air,Credit Card,Quarterly,Yes,Yes,59.16326530612246,High Loyalty,Valuable but Promo-Driven
983,35,Male,Texas,62,37,Coat,Outerwear,S,Red,Summer,3.2,Yes,Standard,PayPal,Monthly,Yes,Yes,69.0408163265306,High Loyalty,Valuable but Promo-Driven
984,24,Male,New Mexico,45,40,Hat,Accessories,L,Indigo,Winter,3.5,Yes,Free Shipping,Venmo,Bi-Weekly,Yes,Yes,56.377551020408156,High Loyalty,Valuable but Promo-Driven
985,26,Male,Utah,78,8,Shoes,Footwear,M,Green,Summer,3.4,Yes,Free Shipping,Credit Card,Bi-Weekly,Yes,Yes,53.28571428571429,Medium Loyalty,Mixed Behavior
986,32,Male,West Virginia,80,12,Handbag,Accessories,M,Gray,Fall,5.0,Yes,Express,Bank Transfer,Annually,Yes,Yes,59.73469387755104,High Loyalty,Valuable but Promo-Driven
987,54,Male,Connecticut,96,36,Scarf,Accessories,S,Peach,Spring,4.5,Yes,Store Pickup,Bank Transfer,Monthly,Yes,Yes,85.42857142857143,High Loyalty,Valuable but Promo-Driven
988,62,Male,West Virginia,47,48,Handbag,Accessories,M,Charcoal,Summer,2.8,Yes,Express,PayPal,Weekly,Yes,Yes,72.27551020408163,High Loyalty,Valuable but Promo-Driven
989,50,Male,Ohio,84,47,Pants,Clothing,M,Orange,Winter,4.9,Yes,2-Day Shipping,PayPal,Fortnightly,Yes,Yes,88.16326530612247,High Loyalty,Valuable but Promo-Driven
990,70,Male,Texas,31,2,Shoes,Footwear,M,Beige,Spring,3.1,Yes,Store Pickup,Bank Transfer,Monthly,Yes,Yes,32.11224489795919,Low Loyalty,Discount-Only (Only Buy on Sale)
991,48,Male,Washington,63,24,Sunglasses,Accessories,S,Yellow,Spring,4.8,Yes,Store Pickup,Cash,Weekly,Yes,Yes,65.58163265306123,High Loyalty,Valuable but Promo-Driven
992,20,Male,Wisconsin,97,40,Shorts,Clothing,XL,White,Spring,2.7,Yes,Standard,Bank Transfer,Bi-Weekly,Yes,Yes,82.37755102040816,High Loyalty,Valuable but Promo-Driven
993,46,Male,Louisiana,99,50,Jacket,Outerwear,M,Gray,Winter,4.6,Yes,Express,Debit Card,Weekly,Yes,Yes,99.5,High Loyalty,Valuable but Promo-Driven
994,51,Male,Iowa,90,25,Sandals,Footwear,M,Peach,Winter,4.4,Yes,Store Pickup,Cash,Weekly,Yes,Yes,79.6938775510204,High Loyalty,Valuable but Promo-Driven
995,53,Male,New York,68,20,Shoes,Footwear,L,Violet,Fall,3.2,Yes,Express,Debit Card,Monthly,Yes,Yes,61.632653061224495,High Loyalty,Valuable but Promo-Driven
996,44,Male,Idaho,80,10,Jewelry,Accessories,M,Magenta,Spring,3.0,Yes,2-Day Shipping,Venmo,Weekly,Yes,Yes,65.51020408163265,High Loyalty,Valuable but Promo-Driven
997,29,Male,Delaware,91,32,Sandals,Footwear,L,Maroon,Summer,4.9,Yes,Standard,Bank Transfer,Quarterly,Yes,Yes,74.4795918367347,High Loyalty,Valuable but Promo-Driven
998,64,Male,Kentucky,30,31,Pants,Clothing,M,Cyan,Spring,3.6,Yes,Express,Cash,Fortnightly,Yes,Yes,51.36734693877551,Medium Loyalty,Mixed Behavior
999,51,Male,Connecticut,90,48,Shoes,Footwear,M,White,Spring,3.8,Yes,Next Day Air,Bank Transfer,Bi-Weekly,Yes,Yes,83.77551020408163,High Loyalty,Valuable but Promo-Driven
1000,50,Male,New Mexico,28,23,Socks,Clothing,L,Brown,Spring,2.9,Yes,Standard,Debit Card,Monthly,Yes,Yes,43.46938775510204,Medium Loyalty,Mixed Behavior
1001,43,Male,Georgia,46,1,Socks,Clothing,M,Red,Winter,3.9,Yes,Express,Bank Transfer,Bi-Weekly,Yes,Yes,33.00000000000001,Low Loyalty,Discount-Only (Only Buy on Sale)
1002,61,Male,Washington,60,4,Dress,Clothing,M,Orange,Fall,3.6,Yes,Standard,Debit Card,Fortnightly,Yes,Yes,49.83673469387755,Medium Loyalty,Mixed Behavior
1003,55,Male,North Dakota,59,3,Shoes,Footwear,M,White,Spring,3.5,Yes,Store Pickup,Bank Transfer,Bi-Weekly,Yes,Yes,40.72448979591837,Medium Loyalty,Mixed Behavior
1004,56,Male,Ohio,68,3,Hat,Accessories,M,Green,Fall,4.0,Yes,Store Pickup,Cash,Bi-Weekly,Yes,Yes,45.22448979591837,Medium Loyalty,Mixed Behavior
1005,33,Male,Tennessee,79,44,Backpack,Accessories,M,Black,Summer,4.8,Yes,2-Day Shipping,Cash,Annually,Yes,Yes,78.8265306122449,High Loyalty,Valuable but Promo-Driven
1006,43,Male,New York,94,5,Backpack,Accessories,M,Gold,Winter,3.9,Yes,Store Pickup,Debit Card,Bi-Weekly,Yes,Yes,59.448979591836746,High Loyalty,Valuable but Promo-Driven
1007,21,Male,Michigan,83,50,Pants,Clothing,S,Lavender,Summer,4.5,Yes,Next Day Air,Venmo,Quarterly,Yes,Yes,81.5,High Loyalty,Valuable but Promo-Driven
1008,58,Male,Georgia,62,2,Gloves,Accessories,XL,Turquoise,Spring,4.8,Yes,Standard,Credit Card,Annually,Yes,Yes,44.61224489795919,Medium Loyalty,Mixed Behavior
1009,41,Male,New Mexico,85,29,Scarf,Accessories,M,Pink,Spring,2.6,Yes,Store Pickup,PayPal,Annually,Yes,Yes,72.64285714285714,High Loyalty,Valuable but Promo-Driven
1010,39,Male,Louisiana,30,11,Hoodie,Clothing,M,Silver,Summer,3.1,Yes,Express,Venmo,Annually,Yes,Yes,34.12244897959184,Medium Loyalty,Mixed Behavior
1011,54,Male,South Dakota,24,37,Jeans,Clothing,XL,Gray,Spring,4.7,Yes,2-Day Shipping,Credit Card,Fortnightly,Yes,Yes,52.04081632653062,Medium Loyalty,Mixed Behavior
1012,43,Male,Montana,25,32,Backpack,Accessories,L,Indigo,Spring,2.9,Yes,Next Day Air,Debit Card,Fortnightly,Yes,Yes,49.47959183673469,Medium Loyalty,Mixed Behavior
1013,28,Male,New Mexico,37,27,Sandals,Footwear,L,Teal,Summer,3.8,Yes,Express,Credit Card,Annually,Yes,Yes,47.41836734693877,Medium Loyalty,Mixed Behavior
1014,59,Male,South Carolina,69,31,Belt,Accessories,XL,Green,Summer,3.8,Yes,2-Day Shipping,Venmo,Bi-Weekly,Yes,Yes,62.86734693877551,High Loyalty,Valuable but Promo-Driven
1015,28,Male,Ohio,97,36,Shoes,Footwear,M,Violet,Summer,3.0,Yes,Standard,Debit Card,Fortnightly,Yes,Yes,87.92857142857144,High Loyalty,Valuable but Promo-Driven
1016,68,Male,North Carolina,24,34,Gloves,Accessories,M,Cyan,Summer,4.1,Yes,Standard,Cash,Weekly,Yes,Yes,52.204081632653065,Medium Loyalty,Mixed Behavior
1017,20,Male,Idaho,30,15,Belt,Accessories,XL,Blue,Summer,3.4,Yes,Express,Bank Transfer,Every 3 Months,Yes,Yes,33.57142857142857,Low Loyalty,Discount-Only (Only Buy on Sale)
1018,21,Male,Oklahoma,53,14,Jacket,Outerwear,L,Orange,Fall,2.5,Yes,Express,Credit Card,Annually,Yes,Yes,47.4591836734694,Medium Loyalty,Mixed Behavior
1019,50,Male,Georgia,70,46,Dress,Clothing,XL,Charcoal,Spring,4.9,Yes,Next Day Air,Cash,Weekly,Yes,Yes,82.55102040816325,High Loyalty,Valuable but Promo-Driven
1020,32,Male,Kentucky,76,33,Shirt,Clothing,S,Beige,Winter,2.8,Yes,Standard,Venmo,Bi-Weekly,Yes,Yes,67.59183673469389,High Loyalty,Valuable but Promo-Driven
1021,24,Male,Delaware,95,41,Scarf,Accessories,M,Black,Fall,4.5,Yes,Express,Debit Card,Annually,Yes,Yes,84.98979591836735,High Loyalty,Valuable but Promo-Driven
1022,55,Male,Massachusetts,51,39,Coat,Outerwear,S,Lavender,Winter,4.9,Yes,2-Day Shipping,PayPal,Weekly,Yes,Yes,68.76530612244898,High Loyalty,Valuable but Promo-Driven
1023,61,Male,Nebraska,41,7,Handbag,Accessories,M,Lavender,Winter,4.9,Yes,Store Pickup,Cash,Annually,Yes,Yes,37.17346938775511,Medium Loyalty,Mixed Behavior
1024,61,Male,Maine,71,29,Sunglasses,Accessories,S,Turquoise,Winter,3.5,Yes,Free Shipping,Bank Transfer,Every 3 Months,Yes,Yes,62.64285714285715,High Loyalty,Valuable but Promo-Driven
1025,28,Male,Pennsylvania,66,18,T-shirt,Clothing,M,Purple,Summer,3.5,Yes,Free Shipping,Venmo,Quarterly,Yes,Yes,53.40816326530613,Medium Loyalty,Mixed Behavior
1026,60,Male,Nebraska,84,15,Shirt,Clothing,M,Olive,Winter,4.9,Yes,Free Shipping,Credit Card,Annually,Yes,Yes,63.57142857142858,High Loyalty,Valuable but Promo-Driven
1027,49,Male,Virginia,95,39,Handbag,Accessories,L,Turquoise,Winter,3.0,Yes,Express,PayPal,Bi-Weekly,Yes,Yes,80.76530612244896,High Loyalty,Valuable but Promo-Driven
1028,33,Male,Ohio,90,11,Jewelry,Accessories,L,Teal,Summer,2.8,Yes,Next Day Air,Cash,Monthly,Yes,Yes,67.12244897959185,High Loyalty,Valuable but Promo-Driven
1029,45,Male,Nebraska,36,4,Hoodie,Clothing,S,Lavender,Summer,3.7,Yes,Standard,Cash,Fortnightly,Yes,Yes,37.83673469387755,Medium Loyalty,Mixed Behavior
1030,29,Male,Ohio,22,33,Gloves,Accessories,M,Purple,Spring,3.6,Yes,2-Day Shipping,Venmo,Bi-Weekly,Yes,Yes,40.59183673469388,Medium Loyalty,Mixed Behavior
1031,58,Male,Kentucky,89,37,Coat,Outerwear,L,Blue,Winter,3.3,Yes,Next Day Air,Debit Card,Quarterly,Yes,Yes,76.5408163265306,High Loyalty,Valuable but Promo-Driven
1032,22,Male,Tennessee,50,32,Sandals,Footwear,M,Teal,Spring,3.4,Yes,Free Shipping,Cash,Quarterly,Yes,Yes,53.979591836734684,High Loyalty,Valuable but Promo-Driven
1033,55,Male,Maine,36,44,Boots,Footwear,M,Lavender,Fall,4.0,Yes,Free Shipping,Credit Card,Quarterly,Yes,Yes,54.326530612244895,High Loyalty,Valuable but Promo-Driven
1034,19,Male,Montana,52,41,Pants,Clothing,S,Silver,Spring,4.6,Yes,Free Shipping,Bank Transfer,Quarterly,Yes,Yes,60.48979591836734,High Loyalty,Valuable but Promo-Driven
1035,68,Male,Maryland,29,44,Socks,Clothing,M,Olive,Fall,4.2,Yes,Next Day Air,Bank Transfer,Weekly,Yes,Yes,60.82653061224489,High Loyalty,Valuable but Promo-Driven
1036,61,Male,Georgia,89,32,Blouse,Clothing,M,Brown,Fall,2.8,Yes,Express,Venmo,Annually,Yes,Yes,76.4795918367347,High Loyalty,Valuable but Promo-Driven
1037,68,Male,Hawaii,47,13,Handbag,Accessories,M,Yellow,Fall,3.7,Yes,2-Day Shipping,Bank Transfer,Monthly,Yes,Yes,46.8469387755102,Medium Loyalty,Mixed Behavior
1038,52,Male,Rhode Island,25,48,Jewelry,Accessories,XL,Brown,Spring,3.4,Yes,Standard,Debit Card,Quarterly,Yes,Yes,51.275510204081634,Medium Loyalty,Mixed Behavior
1039,41,Male,Nebraska,74,3,Pants,Clothing,XL,Cyan,Fall,3.0,Yes,Express,Bank Transfer,Weekly,Yes,Yes,58.224489795918366,High Loyalty,Valuable but Promo-Driven
1040,29,Male,Michigan,46,39,Belt,Accessories,M,Magenta,Fall,4.8,Yes,Standard,Venmo,Monthly,Yes,Yes,62.26530612244898,High Loyalty,Valuable but Promo-Driven
1041,68,Male,North Carolina,22,7,Jeans,Clothing,S,Magenta,Fall,4.0,Yes,Next Day Air,Cash,Fortnightly,Yes,Yes,32.673469387755105,Low Loyalty,Discount-Only (Only Buy on Sale)
1042,36,Male,Minnesota,25,11,Shirt,Clothing,M,Orange,Summer,4.9,Yes,Next Day Air,Cash,Fortnightly,Yes,Yes,36.62244897959184,Medium Loyalty,Mixed Behavior
1043,55,Male,Maryland,80,47,Belt,Accessories,M,Maroon,Spring,4.9,Yes,Next Day Air,Credit Card,Weekly,Yes,Yes,88.16326530612245,High Loyalty,Valuable but Promo-Driven
1044,28,Male,Hawaii,76,28,Jeans,Clothing,M,Green,Spring,3.3,Yes,2-Day Shipping,Debit Card,Fortnightly,Yes,Yes,72.53061224489797,High Loyalty,Valuable but Promo-Driven
1045,39,Male,Oregon,30,17,Jeans,Clothing,L,Teal,Summer,4.4,Yes,Next Day Air,Bank Transfer,Every 3 Months,Yes,Yes,34.79591836734694,Medium Loyalty,Mixed Behavior
1046,54,Male,New Mexico,79,11,Sweater,Clothing,L,Black,Fall,3.5,Yes,2-Day Shipping,PayPal,Bi-Weekly,Yes,Yes,55.622448979591844,High Loyalty,Valuable but Promo-Driven
1047,40,Male,Illinois,22,12,Sneakers,Footwear,M,Magenta,Winter,4.2,Yes,Standard,Venmo,Annually,Yes,Yes,30.734693877551024,Low Loyalty,Discount-Only (Only Buy on Sale)
1048,31,Male,Utah,36,7,Socks,Clothing,S,Olive,Fall,4.2,Yes,Standard,Credit Card,Fortnightly,Yes,Yes,39.673469387755105,Medium Loyalty,Mixed Behavior
1049,30,Male,Maine,77,19,Socks,Clothing,L,Yellow,Fall,2.7,Yes,Standard,Venmo,Fortnightly,Yes,Yes,67.52040816326532,High Loyalty,Valuable but Promo-Driven
1050,45,Male,Virginia,33,24,Sunglasses,Accessories,S,Purple,Fall,2.8,Yes,Store Pickup,Cash,Quarterly,Yes,Yes,40.58163265306123,Medium Loyalty,Mixed Behavior
1051,48,Male,Florida,64,19,Sneakers,Footwear,M,Beige,Winter,3.8,Yes,Next Day Air,Venmo,Monthly,Yes,Yes,59.0204081632653,High Loyalty,Valuable but Promo-Driven
1052,45,Male,Ohio,53,39,Socks,Clothing,M,Indigo,Fall,2.6,Yes,Free Shipping,PayPal,Annually,Yes,Yes,62.76530612244898,High Loyalty,Valuable but Promo-Driven
1053,60,Male,Virginia,36,1,Shoes,Footwear,XL,Pink,Fall,3.0,Yes,2-Day Shipping,Credit Card,Fortnightly,Yes,Yes,36.00000000000001,Medium Loyalty,Mixed Behavior
1054,59,Male,Kansas,70,10,Blouse,Clothing,M,Blue,Spring,3.3,No,2-Day Shipping,Debit Card,Bi-Weekly,Yes,Yes,30.51020408163265,Low Loyalty,Discount-Only (Only Buy on Sale)
1055,18,Male,Arkansas,96,48,Shorts,Clothing,L,Cyan,Winter,4.9,No,Express,PayPal,Quarterly,Yes,Yes,66.77551020408163,High Loyalty,Valuable but Promo-Driven
1056,70,Male,Massachusetts,27,24,Jacket,Outerwear,M,Orange,Spring,3.3,No,Next Day Air,Debit Card,Annually,Yes,Yes,20.581632653061224,Low Loyalty,Discount-Only (Only Buy on Sale)
1057,20,Male,Idaho,64,42,Sweater,Clothing,L,Black,Winter,2.9,No,2-Day Shipping,Venmo,Fortnightly,Yes,Yes,55.10204081632652,High Loyalty,Valuable but Promo-Driven
1058,65,Male,Wisconsin,23,20,Jacket,Outerwear,S,Maroon,Spring,4.4,No,2-Day Shipping,Credit Card,Weekly,Yes,Yes,23.132653061224488,Low Loyalty,Discount-Only (Only Buy on Sale)
1059,29,Male,New Mexico,33,49,Scarf,Accessories,L,Violet,Summer,3.1,No,Next Day Air,Bank Transfer,Every 3 Months,Yes,Yes,35.88775510204081,Medium Loyalty,Mixed Behavior
1060,22,Male,North Carolina,34,25,Jacket,Outerwear,M,Beige,Winter,2.5,No,Standard,Debit Card,Monthly,Yes,Yes,27.693877551020407,Low Loyalty,Discount-Only (Only Buy on Sale)
1061,27,Male,Iowa,35,21,Sweater,Clothing,S,Gray,Summer,2.6,No,Next Day Air,Debit Card,Every 3 Months,Yes,Yes,19.74489795918367,Low Loyalty,Discount-Only (Only Buy on Sale)
1062,36,Male,Idaho,62,12,Coat,Outerwear,M,Gray,Summer,4.4,No,Free Shipping,Venmo,Every 3 Months,Yes,Yes,27.73469387755102,Low Loyalty,Discount-Only (Only Buy on Sale)
1063,59,Male,Ohio,75,21,Boots,Footwear,M,Brown,Fall,2.6,No,Next Day Air,Debit Card,Every 3 Months,Yes,Yes,39.744897959183675,Medium Loyalty,Mixed Behavior
1064,62,Male,Alabama,29,35,Hoodie,Clothing,S,Indigo,Summer,3.3,No,Free Shipping,Cash,Monthly,Yes,Yes,31.316326530612244,Low Loyalty,Discount-Only (Only Buy on Sale)
1065,34,Male,Wyoming,28,42,Hat,Accessories,M,Violet,Spring,3.5,No,Express,Credit Card,Every 3 Months,Yes,Yes,29.10204081632653,Low Loyalty,Discount-Only (Only Buy on Sale)
1066,59,Male,Alabama,20,3,T-shirt,Clothing,XL,Blue,Spring,4.1,No,Store Pickup,PayPal,Every 3 Months,Yes,Yes,1.2244897959183674,Low Loyalty,Discount-Only (Only Buy on Sale)
1067,49,Male,Mississippi,96,11,Coat,Outerwear,M,Red,Winter,4.0,No,Store Pickup,PayPal,Bi-Weekly,Yes,Yes,44.12244897959185,Medium Loyalty,Mixed Behavior
1068,18,Male,Pennsylvania,43,22,Dress,Clothing,S,Peach,Summer,2.7,No,2-Day Shipping,PayPal,Quarterly,Yes,Yes,24.35714285714285,Low Loyalty,Discount-Only (Only Buy on Sale)
1069,55,Male,Wyoming,94,47,Shirt,Clothing,M,Olive,Fall,2.5,No,Standard,Credit Card,Weekly,Yes,Yes,75.16326530612245,High Loyalty,Valuable but Promo-Driven
1070,38,Male,Maryland,81,33,Skirt,Clothing,XL,White,Fall,4.3,No,Next Day Air,Venmo,Every 3 Months,Yes,Yes,50.09183673469387,Medium Loyalty,Mixed Behavior
1071,50,Male,North Carolina,75,50,Jewelry,Accessories,M,Magenta,Summer,3.3,No,Free Shipping,Debit Card,Weekly,Yes,Yes,67.5,High Loyalty,Valuable but Promo-Driven
1072,61,Male,Pennsylvania,81,46,Hat,Accessories,M,Beige,Summer,2.6,No,Express,Credit Card,Monthly,Yes,Yes,64.05102040816327,High Loyalty,Valuable but Promo-Driven
1073,48,Male,Idaho,92,34,Shorts,Clothing,L,Gold,Fall,3.750064716541548,No,Express,Debit Card,Fortnightly,Yes,Yes,64.20408163265307,High Loyalty,Valuable but Promo-Driven
1074,22,Male,California,96,33,Scarf,Accessories,XL,Purple,Spring,4.0,No,Store Pickup,Credit Card,Monthly,Yes,Yes,63.591836734693885,High Loyalty,Valuable but Promo-Driven
1075,48,Male,Tennessee,71,45,Jewelry,Accessories,S,White,Fall,2.6,No,Standard,Bank Transfer,Fortnightly,Yes,Yes,60.43877551020409,High Loyalty,Valuable but Promo-Driven
1076,57,Male,Missouri,50,32,Sunglasses,Accessories,L,Indigo,Summer,4.9,No,Next Day Air,Debit Card,Bi-Weekly,Yes,Yes,33.97959183673469,Medium Loyalty,Mixed Behavior
1077,33,Male,North Dakota,72,47,Coat,Outerwear,L,Charcoal,Spring,2.9,No,Standard,Venmo,Bi-Weekly,Yes,Yes,54.163265306122454,High Loyalty,Valuable but Promo-Driven
1078,58,Male,West Virginia,28,5,Jacket,Outerwear,M,Pink,Winter,3.7,No,Standard,PayPal,Quarterly,Yes,Yes,6.448979591836736,Low Loyalty,Discount-Only (Only Buy on Sale)
1079,37,Male,Arizona,59,49,Sweater,Clothing,M,Silver,Fall,4.4,No,Express,Credit Card,Fortnightly,Yes,Yes,56.88775510204083,High Loyalty,Valuable but Promo-Driven
1080,18,Male,Oklahoma,33,48,Coat,Outerwear,S,Blue,Summer,4.4,No,Free Shipping,Bank Transfer,Monthly,Yes,Yes,41.27551020408163,Medium Loyalty,Mixed Behavior
1081,65,Male,Pennsylvania,59,22,Scarf,Accessories,L,Blue,Fall,3.8,No,Express,Cash,Every 3 Months,Yes,Yes,32.357142857142854,Low Loyalty,Discount-Only (Only Buy on Sale)
1082,62,Male,Idaho,30,45,Belt,Accessories,XL,Brown,Spring,4.5,No,Standard,Credit Card,Annually,Yes,Yes,34.93877551020408,Medium Loyalty,Mixed Behavior
1083,54,Male,South Carolina,85,30,Hat,Accessories,XL,Cyan,Winter,2.6,No,Next Day Air,Venmo,Quarterly,Yes,Yes,50.255102040816325,Medium Loyalty,Mixed Behavior
1084,35,Male,Washington,97,43,Backpack,Accessories,L,Teal,Summer,3.3,No,Store Pickup,Cash,Weekly,Yes,Yes,74.21428571428571,High Loyalty,Valuable but Promo-Driven
1085,34,Male,Arkansas,36,48,T-shirt,Clothing,S,Purple,Fall,4.1,No,Next Day Air,Cash,Quarterly,Yes,Yes,36.77551020408163,Medium Loyalty,Mixed Behavior
1086,25,Male,Utah,85,23,Jewelry,Accessories,M,Turquoise,Winter,3.0,No,Store Pickup,Venmo,Fortnightly,Yes,Yes,53.96938775510205,High Loyalty,Valuable but Promo-Driven
1087,53,Male,Alaska,62,27,Sunglasses,Accessories,M,Olive,Winter,3.0,No,Free Shipping,PayPal,Bi-Weekly,Yes,Yes,36.91836734693877,Medium Loyalty,Mixed Behavior
1088,45,Male,West Virginia,71,7,Jeans,Clothing,S,White,Winter,3.4,No,Next Day Air,Bank Transfer,Monthly,Yes,Yes,35.173469387755105,Medium Loyalty,Mixed Behavior
1089,49,Male,Louisiana,21,2,Pants,Clothing,M,Turquoise,Winter,2.7,No,Free Shipping,PayPal,Weekly,Yes,Yes,11.112244897959185,Low Loyalty,Discount-Only (Only Buy on Sale)
1090,40,Male,Arizona,61,33,Backpack,Accessories,M,Silver,Spring,3.8,No,Next Day Air,PayPal,Bi-Weekly,Yes,Yes,40.09183673469388,Medium Loyalty,Mixed Behavior
1091,38,Male,Connecticut,58,27,Scarf,Accessories,M,Violet,Spring,4.2,No,Store Pickup,Cash,Fortnightly,Yes,Yes,42.91836734693878,Medium Loyalty,Mixed Behavior
1092,44,Male,North Carolina,80,6,Sweater,Clothing,L,Lavender,Spring,4.7,No,Store Pickup,Credit Card,Fortnightly,Yes,Yes,41.06122448979592,Medium Loyalty,Mixed Behavior
1093,68,Male,South Dakota,50,20,Jewelry,Accessories,L,Magenta,Spring,4.1,No,2-Day Shipping,Venmo,Quarterly,Yes,Yes,26.632653061224488,Low Loyalty,Discount-Only (Only Buy on Sale)
1094,60,Male,Delaware,48,46,Sneakers,Footwear,S,Indigo,Winter,4.2,No,2-Day Shipping,Venmo,Every 3 Months,Yes,Yes,41.55102040816326,Medium Loyalty,Mixed Behavior
1095,25,Male,Connecticut,40,25,Jewelry,Accessories,M,Black,Winter,4.8,No,Next Day Air,Cash,Quarterly,Yes,Yes,24.693877551020407,Low Loyalty,Discount-Only (Only Buy on Sale)
1096,19,Male,Tennessee,34,30,Coat,Outerwear,S,Peach,Summer,3.0,No,Free Shipping,Bank Transfer,Quarterly,Yes,Yes,24.755102040816325,Low Loyalty,Discount-Only (Only Buy on Sale)
1097,57,Male,New Hampshire,46,48,Coat,Outerwear,S,Beige,Fall,2.6,No,Standard,Credit Card,Annually,Yes,Yes,44.775510204081634,Medium Loyalty,Mixed Behavior
1098,58,Male,Vermont,27,47,Sunglasses,Accessories,M,Black,Summer,3.2,No,Store Pickup,Bank Transfer,Weekly,Yes,Yes,41.663265306122454,Medium Loyalty,Mixed Behavior
1099,49,Male,Idaho,98,27,Handbag,Accessories,S,Turquoise,Spring,3.6,No,Next Day Air,Credit Card,Weekly,Yes,Yes,64.91836734693878,High Loyalty,Valuable but Promo-Driven
1100,19,Male,North Carolina,73,45,Sweater,Clothing,M,Peach,Fall,2.6,No,Next Day Air,Bank Transfer,Fortnightly,Yes,Yes,61.43877551020409,High Loyalty,Valuable but Promo-Driven
1101,50,Male,Nevada,28,2,Pants,Clothing,L,Gold,Spring,4.4,No,Express,Credit Card,Weekly,Yes,Yes,14.612244897959187,Low Loyalty,Discount-Only (Only Buy on Sale)
1102,30,Male,Delaware,76,39,Gloves,Accessories,XL,Silver,Fall,3.0,No,Free Shipping,Cash,Fortnightly,Yes,Yes,59.265306122448976,High Loyalty,Valuable but Promo-Driven
1103,52,Male,Texas,83,24,Sweater,Clothing,M,Peach,Fall,2.9,No,Express,Cash,Fortnightly,Yes,Yes,53.58163265306124,High Loyalty,Valuable but Promo-Driven
1104,35,Male,Tennessee,23,8,Hoodie,Clothing,S,Charcoal,Spring,4.3,No,Free Shipping,Debit Card,Bi-Weekly,Yes,Yes,5.7857142857142865,Low Loyalty,Discount-Only (Only Buy on Sale)
1105,35,Male,Delaware,28,8,Hat,Accessories,M,Beige,Fall,3.1,No,Express,Bank Transfer,Quarterly,Yes,Yes,8.285714285714286,Low Loyalty,Discount-Only (Only Buy on Sale)
1106,33,Male,Massachusetts,83,6,T-shirt,Clothing,S,Olive,Spring,3.0,No,Next Day Air,Venmo,Every 3 Months,Yes,Yes,34.56122448979592,Medium Loyalty,Mixed Behavior
1107,52,Male,Minnesota,96,12,Skirt,Clothing,L,Violet,Winter,3.6,No,Store Pickup,Venmo,Fortnightly,Yes,Yes,52.73469387755103,Medium Loyalty,Mixed Behavior
1108,69,Male,Texas,62,26,Sneakers,Footwear,M,Peach,Fall,2.8,No,Store Pickup,Bank Transfer,Weekly,Yes,Yes,46.30612244897959,Medium Loyalty,Mixed Behavior
1109,27,Male,Nebraska,25,50,Shorts,Clothing,M,Teal,Fall,2.8,No,Standard,Cash,Fortnightly,Yes,Yes,40.5,Medium Loyalty,Mixed Behavior
1110,66,Male,Oklahoma,97,2,Hoodie,Clothing,L,Violet,Winter,3.750064716541548,No,Next Day Air,Venmo,Weekly,Yes,Yes,49.11224489795919,Medium Loyalty,Mixed Behavior
1111,28,Male,Texas,61,31,Hoodie,Clothing,L,Cyan,Fall,3.0,No,Standard,Cash,Bi-Weekly,Yes,Yes,38.86734693877551,Medium Loyalty,Mixed Behavior
1112,22,Male,New York,66,4,Shoes,Footwear,S,Olive,Summer,4.1,No,Next Day Air,Credit Card,Bi-Weekly,Yes,Yes,24.836734693877556,Low Loyalty,Discount-Only (Only Buy on Sale)
1113,69,Male,Washington,67,32,Hoodie,Clothing,XL,Pink,Spring,4.6,No,Free Shipping,PayPal,Quarterly,Yes,Yes,42.47959183673469,Medium Loyalty,Mixed Behavior
1114,28,Male,Maryland,80,11,Sunglasses,Accessories,M,Purple,Summer,4.8,No,Next Day Air,PayPal,Bi-Weekly,Yes,Yes,36.122448979591844,Medium Loyalty,Mixed Behavior
1115,55,Male,New Hampshire,25,47,Skirt,Clothing,L,Violet,Fall,2.6,No,Next Day Air,Bank Transfer,Every 3 Months,Yes,Yes,30.66326530612245,Low Loyalty,Discount-Only (Only Buy on Sale)
1116,30,Male,New York,58,37,Hat,Accessories,S,Peach,Fall,4.0,No,2-Day Shipping,Cash,Weekly,Yes,Yes,51.04081632653062,Medium Loyalty,Mixed Behavior
1117,67,Male,Hawaii,96,39,Backpack,Accessories,M,Charcoal,Winter,4.2,No,Express,PayPal,Fortnightly,Yes,Yes,69.26530612244899,High Loyalty,Valuable but Promo-Driven
1118,25,Male,California,77,24,Sunglasses,Accessories,L,Lavender,Spring,4.5,No,Store Pickup,Credit Card,Monthly,Yes,Yes,48.58163265306123,Medium Loyalty,Mixed Behavior
1119,49,Male,Indiana,65,11,Belt,Accessories,M,Purple,Summer,4.9,No,Standard,PayPal,Every 3 Months,Yes,Yes,28.622448979591837,Low Loyalty,Discount-Only (Only Buy on Sale)
1120,34,Male,Louisiana,36,36,Jewelry,Accessories,M,Indigo,Spring,3.1,No,Standard,Credit Card,Weekly,Yes,Yes,39.42857142857142,Medium Loyalty,Mixed Behavior
1121,22,Male,Pennsylvania,84,40,Sneakers,Footwear,M,Magenta,Winter,4.0,No,Next Day Air,Debit Card,Monthly,Yes,Yes,61.87755102040817,High Loyalty,Valuable but Promo-Driven
1122,63,Male,Florida,58,25,T-shirt,Clothing,XL,Peach,Fall,3.2,No,Express,Cash,Quarterly,Yes,Yes,33.693877551020414,Low Loyalty,Discount-Only (Only Buy on Sale)
1123,70,Male,North Carolina,62,12,Handbag,Accessories,S,Charcoal,Spring,4.3,No,2-Day Shipping,Credit Card,Annually,Yes,Yes,30.734693877551024,Low Loyalty,Discount-Only (Only Buy on Sale)
1124,36,Male,Massachusetts,67,38,Hat,Accessories,S,Purple,Fall,2.5,No,Store Pickup,Cash,Monthly,Yes,Yes,52.1530612244898,Medium Loyalty,Mixed Behavior
1125,42,Male,Iowa,20,40,Sweater,Clothing,M,Orange,Spring,3.750064716541548,No,Express,Cash,Quarterly,Yes,Yes,23.87755102040816,Low Loyalty,Discount-Only (Only Buy on Sale)
1126,27,Male,North Dakota,90,10,Sandals,Footwear,M,Lavender,Summer,2.7,No,2-Day Shipping,Bank Transfer,Weekly,Yes,Yes,50.51020408163266,Medium Loyalty,Mixed Behavior
1127,23,Male,Iowa,58,47,Scarf,Accessories,L,Beige,Winter,3.4,No,Standard,Venmo,Fortnightly,Yes,Yes,55.163265306122454,High Loyalty,Valuable but Promo-Driven
1128,50,Male,Delaware,53,22,Shirt,Clothing,XL,Maroon,Spring,4.8,No,Store Pickup,Debit Card,Monthly,Yes,Yes,35.35714285714286,Medium Loyalty,Mixed Behavior
1129,56,Male,New York,30,35,Gloves,Accessories,L,Charcoal,Winter,4.7,No,Next Day Air,Debit Card,Monthly,Yes,Yes,31.816326530612244,Low Loyalty,Discount-Only (Only Buy on Sale)
1130,37,Male,New Hampshire,65,46,Hoodie,Clothing,XL,White,Winter,4.7,No,Express,Venmo,Fortnightly,Yes,Yes,58.051020408163254,High Loyalty,Valuable but Promo-Driven
1131,67,Male,Kentucky,41,30,Jewelry,Accessories,M,Lavender,Summer,3.9,No,Standard,PayPal,Bi-Weekly,Yes,Yes,28.255102040816325,Low Loyalty,Discount-Only (Only Buy on Sale)
1132,67,Male,Illinois,73,20,Shirt,Clothing,M,Black,Spring,3.7,No,Express,Bank Transfer,Monthly,Yes,Yes,44.132653061224495,Medium Loyalty,Mixed Behavior
1133,50,Male,North Carolina,98,25,Hoodie,Clothing,S,Teal,Spring,4.3,No,Store Pickup,Cash,Fortnightly,Yes,Yes,61.69387755102043,High Loyalty,Valuable but Promo-Driven
1134,36,Male,Connecticut,36,29,Shoes,Footwear,XL,Magenta,Winter,4.1,No,2-Day Shipping,Cash,Weekly,Yes,Yes,35.14285714285714,Medium Loyalty,Mixed Behavior
1135,62,Male,Wisconsin,81,2,T-shirt,Clothing,M,Brown,Summer,3.750064716541548,No,Express,Venmo,Every 3 Months,Yes,Yes,31.112244897959187,Low Loyalty,Discount-Only (Only Buy on Sale)
1136,65,Male,Massachusetts,90,32,Skirt,Clothing,L,Peach,Winter,3.6,No,2-Day Shipping,Bank Transfer,Quarterly,Yes,Yes,53.9795918367347,High Loyalty,Valuable but Promo-Driven
1137,23,Male,Illinois,83,37,Handbag,Accessories,S,Cyan,Summer,4.8,No,Free Shipping,Cash,Monthly,Yes,Yes,59.54081632653061,High Loyalty,Valuable but Promo-Driven
1138,46,Male,New Mexico,91,16,Shirt,Clothing,XL,Pink,Winter,2.8,No,2-Day Shipping,Bank Transfer,Every 3 Months,Yes,Yes,44.683673469387756,Medium Loyalty,Mixed Behavior
1139,18,Male,Iowa,36,32,Pants,Clothing,M,Purple,Summer,4.7,No,Express,Venmo,Fortnightly,Yes,Yes,34.9795918367347,Medium Loyalty,Mixed Behavior
1140,58,Male,Alabama,53,42,Coat,Outerwear,L,Purple,Spring,3.9,No,Standard,Debit Card,Bi-Weekly,Yes,Yes,41.60204081632653,Medium Loyalty,Mixed Behavior
1141,31,Male,Maryland,39,6,Jeans,Clothing,M,White,Winter,2.6,No,Store Pickup,Credit Card,Every 3 Months,Yes,Yes,12.561224489795922,Low Loyalty,Discount-Only (Only Buy on Sale)
1142,39,Male,Ohio,33,23,Gloves,Accessories,S,Silver,Winter,4.7,No,Next Day Air,PayPal,Fortnightly,Yes,Yes,27.969387755102044,Low Loyalty,Discount-Only (Only Buy on Sale)
1143,69,Male,Ohio,76,27,T-shirt,Clothing,L,Green,Spring,3.5,No,Store Pickup,Venmo,Bi-Weekly,Yes,Yes,43.91836734693877,Medium Loyalty,Mixed Behavior
1144,68,Male,Nevada,23,43,Boots,Footwear,L,Teal,Winter,4.4,No,Standard,PayPal,Quarterly,Yes,Yes,27.21428571428571,Low Loyalty,Discount-Only (Only Buy on Sale)
1145,41,Male,South Carolina,54,25,Jeans,Clothing,S,Indigo,Fall,4.4,No,2-Day Shipping,Bank Transfer,Fortnightly,Yes,Yes,39.693877551020414,Medium Loyalty,Mixed Behavior
1146,31,Male,Nevada,89,30,Sneakers,Footwear,L,Pink,Summer,3.0,No,Express,Cash,Every 3 Months,Yes,Yes,52.255102040816325,Medium Loyalty,Mixed Behavior
1147,48,Male,Wisconsin,38,7,Sneakers,Footwear,M,Indigo,Summer,4.2,No,Standard,Bank Transfer,Every 3 Months,Yes,Yes,12.673469387755103,Low Loyalty,Discount-Only (Only Buy on Sale)
1148,59,Male,Tennessee,36,17,Hat,Accessories,XL,Red,Winter,4.3,No,Next Day Air,Debit Card,Annually,Yes,Yes,20.795918367346943,Low Loyalty,Discount-Only (Only Buy on Sale)
1149,34,Male,Florida,66,10,Pants,Clothing,M,Violet,Spring,2.6,No,Store Pickup,PayPal,Fortnightly,Yes,Yes,36.51020408163266,Medium Loyalty,Mixed Behavior
1150,21,Male,Georgia,42,40,Jewelry,Accessories,L,Cyan,Spring,3.3,No,Store Pickup,Venmo,Annually,Yes,Yes,37.87755102040816,Medium Loyalty,Mixed Behavior
1151,29,Male,Kentucky,36,50,Jewelry,Accessories,S,Red,Winter,2.7,No,Next Day Air,Venmo,Bi-Weekly,Yes,Yes,38.0,Medium Loyalty,Mixed Behavior
1152,41,Male,Ohio,86,24,Blouse,Clothing,M,Gray,Spring,3.750064716541548,No,Express,Credit Card,Weekly,Yes,Yes,57.08163265306122,High Loyalty,Valuable but Promo-Driven
1153,62,Male,Connecticut,49,8,Handbag,Accessories,M,Gold,Fall,4.0,No,Standard,PayPal,Every 3 Months,Yes,Yes,18.785714285714285,Low Loyalty,Discount-Only (Only Buy on Sale)
1154,27,Male,Idaho,41,6,Shirt,Clothing,M,Pink,Summer,4.0,No,Free Shipping,Bank Transfer,Quarterly,Yes,Yes,13.561224489795922,Low Loyalty,Discount-Only (Only Buy on Sale)
1155,49,Male,Georgia,82,44,Dress,Clothing,L,Cyan,Spring,2.9,No,2-Day Shipping,Credit Card,Bi-Weekly,Yes,Yes,57.326530612244895,High Loyalty,Valuable but Promo-Driven
1156,67,Male,Tennessee,53,47,T-shirt,Clothing,S,Red,Fall,2.6,No,Express,PayPal,Quarterly,Yes,Yes,44.663265306122454,Medium Loyalty,Mixed Behavior
1157,20,Male,Hawaii,21,6,Shoes,Footwear,M,Gold,Summer,4.8,No,Express,Venmo,Every 3 Months,Yes,Yes,3.5612244897959187,Low Loyalty,Discount-Only (Only Buy on Sale)
1158,37,Male,Maryland,66,11,Belt,Accessories,M,Charcoal,Fall,4.4,No,Standard,Cash,Quarterly,Yes,Yes,29.12244897959184,Low Loyalty,Discount-Only (Only Buy on Sale)
1159,69,Male,Nevada,89,41,Belt,Accessories,L,Orange,Summer,4.0,No,2-Day Shipping,Bank Transfer,Annually,Yes,Yes,61.98979591836735,High Loyalty,Valuable but Promo-Driven
1160,66,Male,New Hampshire,55,46,Handbag,Accessories,L,Blue,Fall,3.6,No,2-Day Shipping,Venmo,Every 3 Months,Yes,Yes,45.05102040816327,Medium Loyalty,Mixed Behavior
1161,37,Male,North Dakota,42,9,Scarf,Accessories,S,Blue,Summer,3.2,No,Next Day Air,Venmo,Bi-Weekly,Yes,Yes,15.897959183673471,Low Loyalty,Discount-Only (Only Buy on Sale)
1162,63,Male,Oklahoma,52,37,Shorts,Clothing,S,Orange,Fall,3.1,No,2-Day Shipping,PayPal,Monthly,Yes,Yes,44.04081632653061,Medium Loyalty,Mixed Behavior
1163,47,Male,North Carolina,92,13,Sandals,Footwear,M,Blue,Winter,4.2,No,Express,PayPal,Weekly,Yes,Yes,53.34693877551021,Medium Loyalty,Mixed Behavior
1164,26,Male,Tennessee,56,24,Pants,Clothing,L,White,Summer,3.0,No,2-Day Shipping,Debit Card,Monthly,Yes,Yes,38.081632653061234,Medium Loyalty,Mixed Behavior
1165,68,Male,Montana,96,47,Dress,Clothing,M,Green,Winter,4.2,No,Standard,PayPal,Quarterly,Yes,Yes,66.16326530612247,High Loyalty,Valuable but Promo-Driven
1166,51,Male,Wisconsin,64,21,T-shirt,Clothing,M,Silver,Winter,2.9,No,Next Day Air,Venmo,Every 3 Months,Yes,Yes,34.244897959183675,Medium Loyalty,Mixed Behavior
1167,48,Male,Connecticut,48,22,Dress,Clothing,S,Lavender,Winter,3.7,No,Store Pickup,Venmo,Fortnightly,Yes,Yes,34.85714285714286,Medium Loyalty,Mixed Behavior
1168,60,Male,New Jersey,83,16,Socks,Clothing,XL,Beige,Summer,3.6,No,Free Shipping,PayPal,Quarterly,Yes,Yes,40.68367346938776,Medium Loyalty,Mixed Behavior
1169,68,Male,Mississippi,91,37,Scarf,Accessories,L,Violet,Summer,3.6,No,Standard,Debit Card,Fortnightly,Yes,Yes,65.54081632653062,High Loyalty,Valuable but Promo-Driven
1170,25,Male,Wyoming,94,3,Backpack,Accessories,S,Gray,Fall,4.5,No,2-Day Shipping,Cash,Annually,Yes,Yes,41.22448979591837,Medium Loyalty,Mixed Behavior
1171,57,Male,Illinois,62,33,Skirt,Clothing,S,Red,Spring,3.2,No,Express,Cash,Bi-Weekly,Yes,Yes,40.59183673469388,Medium Loyalty,Mixed Behavior
1172,41,Male,Louisiana,55,15,Socks,Clothing,M,Lavender,Spring,3.9,No,Next Day Air,Debit Card,Annually,Yes,Yes,29.07142857142857,Low Loyalty,Discount-Only (Only Buy on Sale)
1173,59,Male,Oregon,68,42,Coat,Outerwear,L,Peach,Spring,4.6,No,Store Pickup,Bank Transfer,Bi-Weekly,Yes,Yes,49.10204081632653,Medium Loyalty,Mixed Behavior
1174,44,Male,South Dakota,76,42,Jewelry,Accessories,M,Indigo,Winter,2.5,No,Express,Cash,Bi-Weekly,Yes,Yes,53.10204081632652,Medium Loyalty,Mixed Behavior
1175,42,Male,Michigan,31,19,Backpack,Accessories,M,Black,Winter,4.3,No,Express,Bank Transfer,Bi-Weekly,Yes,Yes,16.520408163265305,Low Loyalty,Discount-Only (Only Buy on Sale)
1176,35,Male,New Jersey,81,26,Belt,Accessories,M,Beige,Spring,4.1,No,Store Pickup,PayPal,Quarterly,Yes,Yes,45.80612244897959,Medium Loyalty,Mixed Behavior
1177,36,Male,Oregon,83,39,Dress,Clothing,M,Red,Winter,3.750064716541548,No,Free Shipping,PayPal,Quarterly,Yes,Yes,54.76530612244899,High Loyalty,Valuable but Promo-Driven
1178,54,Male,Iowa,21,24,Skirt,Clothing,M,Black,Spring,4.8,No,Standard,Debit Card,Monthly,Yes,Yes,20.581632653061224,Low Loyalty,Discount-Only (Only Buy on Sale)
1179,37,Male,South Carolina,22,23,Dress,Clothing,M,Teal,Spring,4.9,No,Express,Debit Card,Annually,Yes,Yes,17.46938775510204,Low Loyalty,Discount-Only (Only Buy on Sale)
1180,20,Male,Indiana,33,44,T-shirt,Clothing,M,Blue,Summer,2.8,No,Free Shipping,Bank Transfer,Annually,Yes,Yes,35.82653061224489,Medium Loyalty,Mixed Behavior
1181,23,Male,Oregon,23,34,Skirt,Clothing,S,Beige,Spring,4.9,No,Standard,Cash,Monthly,Yes,Yes,27.70408163265306,Low Loyalty,Discount-Only (Only Buy on Sale)
1182,61,Male,New York,96,43,Shorts,Clothing,L,Teal,Summer,3.5,No,Free Shipping,Bank Transfer,Quarterly,Yes,Yes,63.71428571428572,High Loyalty,Valuable but Promo-Driven
1183,37,Male,New Mexico,21,45,Jewelry,Accessories,M,Maroon,Spring,3.8,No,Express,PayPal,Quarterly,Yes,Yes,27.438775510204078,Low Loyalty,Discount-Only (Only Buy on Sale)
1184,23,Male,Louisiana,39,4,Pants,Clothing,M,Yellow,Spring,4.5,No,2-Day Shipping,Credit Card,Weekly,Yes,Yes,21.336734693877553,Low Loyalty,Discount-Only (Only Buy on Sale)
1185,63,Male,South Carolina,73,19,Belt,Accessories,S,Indigo,Fall,3.4,No,Express,Credit Card,Annually,Yes,Yes,40.52040816326531,Medium Loyalty,Mixed Behavior
1186,47,Male,Maine,64,29,Jeans,Clothing,M,Magenta,Spring,3.9,No,Standard,Credit Card,Monthly,Yes,Yes,45.142857142857146,Medium Loyalty,Mixed Behavior
1187,63,Male,Indiana,68,27,Jeans,Clothing,M,Beige,Summer,4.1,No,2-Day Shipping,Credit Card,Annually,Yes,Yes,42.91836734693878,Medium Loyalty,Mixed Behavior
1188,56,Male,Iowa,89,37,Hat,Accessories,L,Maroon,Fall,3.0,No,Express,Credit Card,Every 3 Months,Yes,Yes,56.54081632653061,High Loyalty,Valuable but Promo-Driven
1189,68,Male,Mississippi,29,11,Blouse,Clothing,M,Magenta,Summer,3.3,No,Next Day Air,Credit Card,Weekly,Yes,Yes,20.62244897959184,Low Loyalty,Discount-Only (Only Buy on Sale)
1190,64,Male,Arkansas,97,28,Shirt,Clothing,XL,Teal,Summer,3.750064716541548,No,Free Shipping,Debit Card,Annually,Yes,Yes,58.03061224489796,High Loyalty,Valuable but Promo-Driven
1191,62,Male,South Carolina,45,31,Shirt,Clothing,M,Orange,Winter,4.3,No,Next Day Air,Credit Card,Weekly,Yes,Yes,40.867346938775505,Medium Loyalty,Mixed Behavior
1192,34,Male,Indiana,70,50,T-shirt,Clothing,L,Charcoal,Winter,4.1,No,Free Shipping,Venmo,Quarterly,Yes,Yes,55.00000000000001,High Loyalty,Valuable but Promo-Driven
1193,49,Male,Florida,56,42,Coat,Outerwear,M,Turquoise,Summer,4.0,No,2-Day Shipping,Venmo,Quarterly,Yes,Yes,43.10204081632653,Medium Loyalty,Mixed Behavior
1194,40,Male,Alaska,55,18,Jacket,Outerwear,L,Pink,Fall,5.0,No,2-Day Shipping,Credit Card,Fortnightly,Yes,Yes,35.90816326530613,Medium Loyalty,Mixed Behavior
1195,50,Male,New York,46,6,Hoodie,Clothing,S,Teal,Winter,3.1,No,2-Day Shipping,Credit Card,Fortnightly,Yes,Yes,24.061224489795922,Low Loyalty,Discount-Only (Only Buy on Sale)
1196,25,Male,Texas,95,33,Scarf,Accessories,M,White,Winter,4.0,No,2-Day Shipping,Venmo,Monthly,Yes,Yes,63.09183673469387,High Loyalty,Valuable but Promo-Driven
1197,30,Male,North Dakota,88,13,Belt,Accessories,M,Maroon,Winter,3.2,No,2-Day Shipping,Bank Transfer,Bi-Weekly,Yes,Yes,41.34693877551021,Medium Loyalty,Mixed Behavior
1198,54,Male,Vermont,92,26,Sneakers,Footwear,L,Violet,Fall,3.9,No,Standard,PayPal,Annually,Yes,Yes,54.3061224489796,High Loyalty,Valuable but Promo-Driven
1199,40,Male,New Jersey,49,17,Socks,Clothing,M,Brown,Summer,3.9,No,2-Day Shipping,Cash,Annually,Yes,Yes,27.29591836734694,Low Loyalty,Discount-Only (Only Buy on Sale)
1200,49,Male,Maryland,89,3,Sandals,Footwear,M,Indigo,Fall,4.5,No,Free Shipping,Debit Card,Weekly,Yes,Yes,45.724489795918366,Medium Loyalty,Mixed Behavior
1201,27,Male,Connecticut,22,7,Coat,Outerwear,XL,Black,Winter,4.4,No,Store Pickup,PayPal,Weekly,Yes,Yes,14.673469387755103,Low Loyalty,Discount-Only (Only Buy on Sale)
1202,27,Male,Illinois,61,46,Shoes,Footwear,XL,Black,Summer,3.1,No,2-Day Shipping,Venmo,Fortnightly,Yes,Yes,56.051020408163275,High Loyalty,Valuable but Promo-Driven
1203,48,Male,Maryland,29,14,Scarf,Accessories,S,Olive,Spring,2.9,No,Standard,Venmo,Every 3 Months,Yes,Yes,12.459183673469386,Low Loyalty,Discount-Only (Only Buy on Sale)
1204,40,Male,Minnesota,82,23,Sneakers,Footwear,M,Orange,Winter,3.7,No,Free Shipping,Bank Transfer,Annually,Yes,Yes,47.46938775510204,Medium Loyalty,Mixed Behavior
1205,67,Male,Florida,94,20,Belt,Accessories,M,Pink,Spring,3.2,No,2-Day Shipping,Credit Card,Every 3 Months,Yes,Yes,48.632653061224495,Medium Loyalty,Mixed Behavior
1206,52,Male,California,99,38,Handbag,Accessories,M,Olive,Spring,3.5,No,Standard,Bank Transfer,Fortnightly,Yes,Yes,70.15306122448979,High Loyalty,Valuable but Promo-Driven
1207,22,Male,Mississippi,59,16,Handbag,Accessories,S,Cyan,Fall,3.0,No,Free Shipping,Venmo,Every 3 Months,Yes,Yes,28.683673469387756,Low Loyalty,Discount-Only (Only Buy on Sale)
1208,62,Male,Washington,90,48,Boots,Footwear,M,White,Summer,4.1,No,Next Day Air,Credit Card,Every 3 Months,Yes,Yes,63.775510204081634,High Loyalty,Valuable but Promo-Driven
1209,20,Male,Wisconsin,100,8,Boots,Footwear,S,Red,Winter,3.750064716541548,No,2-Day Shipping,Debit Card,Annually,Yes,Yes,47.285714285714285,Medium Loyalty,Mixed Behavior
1210,41,Male,Pennsylvania,62,16,Pants,Clothing,M,Blue,Winter,3.8,No,Next Day Air,Bank Transfer,Monthly,Yes,Yes,36.183673469387756,Medium Loyalty,Mixed Behavior
1211,34,Male,Missouri,78,5,Sunglasses,Accessories,M,Olive,Fall,4.1,No,Next Day Air,Cash,Quarterly,Yes,Yes,31.44897959183674,Low Loyalty,Discount-Only (Only Buy on Sale)
1212,23,Male,Oklahoma,94,14,Hoodie,Clothing,M,Green,Spring,4.6,No,Store Pickup,Venmo,Every 3 Months,Yes,Yes,44.9591836734694,Medium Loyalty,Mixed Behavior
1213,32,Male,Pennsylvania,74,18,Shoes,Footwear,M,Yellow,Summer,2.5,No,Free Shipping,Credit Card,Weekly,Yes,Yes,47.40816326530612,Medium Loyalty,Mixed Behavior
1214,68,Male,Kentucky,52,14,Handbag,Accessories,XL,Black,Spring,3.7,No,Express,Debit Card,Every 3 Months,Yes,Yes,23.95918367346939,Low Loyalty,Discount-Only (Only Buy on Sale)
1215,30,Male,Vermont,81,5,Jacket,Outerwear,M,Blue,Fall,3.8,No,Free Shipping,Cash,Every 3 Months,Yes,Yes,32.94897959183673,Low Loyalty,Discount-Only (Only Buy on Sale)
1216,66,Male,Oregon,20,15,Blouse,Clothing,L,Pink,Winter,2.6,No,2-Day Shipping,Credit Card,Every 3 Months,Yes,Yes,8.57142857142857,Low Loyalty,Discount-Only (Only Buy on Sale)
1217,62,Male,Utah,32,3,Pants,Clothing,XL,Lavender,Summer,3.7,No,Free Shipping,Venmo,Every 3 Months,Yes,Yes,7.224489795918368,Low Loyalty,Discount-Only (Only Buy on Sale)
1218,50,Male,Nebraska,63,12,Boots,Footwear,XL,Cyan,Fall,2.6,No,Free Shipping,Cash,Every 3 Months,Yes,Yes,28.234693877551027,Low Loyalty,Discount-Only (Only Buy on Sale)
1219,55,Male,Pennsylvania,79,43,Boots,Footwear,M,Cyan,Spring,3.1,No,Store Pickup,Cash,Every 3 Months,Yes,Yes,55.214285714285715,High Loyalty,Valuable but Promo-Driven
1220,19,Male,Vermont,23,35,Sweater,Clothing,M,Gold,Winter,2.5,No,Next Day Air,Credit Card,Bi-Weekly,Yes,Yes,22.316326530612244,Low Loyalty,Discount-Only (Only Buy on Sale)
1221,67,Male,Kentucky,64,36,Gloves,Accessories,M,Green,Winter,3.750064716541548,No,Express,Bank Transfer,Quarterly,Yes,Yes,43.42857142857143,Medium Loyalty,Mixed Behavior
1222,18,Male,Iowa,69,3,Socks,Clothing,M,Red,Winter,4.5,No,Standard,Cash,Quarterly,Yes,Yes,25.72448979591837,Low Loyalty,Discount-Only (Only Buy on Sale)
1223,58,Male,Indiana,69,27,Jeans,Clothing,L,Magenta,Fall,3.4,No,Store Pickup,Bank Transfer,Annually,Yes,Yes,43.41836734693878,Medium Loyalty,Mixed Behavior
1224,69,Male,Kansas,24,21,Pants,Clothing,L,Red,Winter,3.9,No,Free Shipping,Bank Transfer,Weekly,Yes,Yes,24.24489795918367,Low Loyalty,Discount-Only (Only Buy on Sale)
1225,62,Male,Illinois,50,18,Shorts,Clothing,M,Yellow,Summer,3.7,No,Store Pickup,Venmo,Weekly,Yes,Yes,35.40816326530612,Medium Loyalty,Mixed Behavior
1226,28,Male,North Carolina,97,16,Gloves,Accessories,S,Turquoise,Fall,2.6,No,Free Shipping,Debit Card,Weekly,Yes,Yes,57.68367346938776,High Loyalty,Valuable but Promo-Driven
1227,53,Male,Ohio,91,18,Sandals,Footwear,S,Cyan,Fall,3.4,No,Store Pickup,Venmo,Bi-Weekly,Yes,Yes,45.908163265306115,Medium Loyalty,Mixed Behavior
1228,27,Male,Illinois,37,19,Blouse,Clothing,L,Yellow,Spring,4.9,No,Store Pickup,Bank Transfer,Bi-Weekly,Yes,Yes,19.52040816326531,Low Loyalty,Discount-Only (Only Buy on Sale)
1229,55,Male,Indiana,55,1,Jacket,Outerwear,S,Yellow,Winter,3.9,No,Express,Cash,Annually,Yes,Yes,20.5,Low Loyalty,Discount-Only (Only Buy on Sale)
1230,34,Male,Kansas,52,39,Jewelry,Accessories,XL,Maroon,Winter,3.6,No,Express,Bank Transfer,Annually,Yes,Yes,42.265306122448976,Medium Loyalty,Mixed Behavior
1231,25,Male,Illinois,80,49,Hat,Accessories,L,Brown,Spring,3.750064716541548,No,Standard,Venmo,Monthly,Yes,Yes,65.38775510204083,High Loyalty,Valuable but Promo-Driven
1232,66,Male,Pennsylvania,79,43,Socks,Clothing,M,Gold,Spring,4.0,No,2-Day Shipping,Credit Card,Fortnightly,Yes,Yes,63.21428571428571,High Loyalty,Valuable but Promo-Driven
1233,57,Male,New York,23,31,Handbag,Accessories,M,Charcoal,Summer,3.6,No,Free Shipping,Debit Card,Every 3 Months,Yes,Yes,19.86734693877551,Low Loyalty,Discount-Only (Only Buy on Sale)
1234,46,Male,Utah,73,40,Pants,Clothing,L,Beige,Winter,3.5,No,Next Day Air,Venmo,Every 3 Months,Yes,Yes,50.37755102040816,Medium Loyalty,Mixed Behavior
1235,38,Male,New Jersey,99,2,Gloves,Accessories,M,Indigo,Fall,4.1,No,Store Pickup,Bank Transfer,Bi-Weekly,Yes,Yes,40.11224489795919,Medium Loyalty,Mixed Behavior
1236,23,Male,Idaho,22,46,Sweater,Clothing,M,Red,Spring,3.0,No,Store Pickup,PayPal,Every 3 Months,Yes,Yes,28.551020408163264,Low Loyalty,Discount-Only (Only Buy on Sale)
1237,42,Male,New Mexico,68,35,Hat,Accessories,M,White,Summer,4.4,No,Store Pickup,Debit Card,Every 3 Months,Yes,Yes,44.81632653061225,Medium Loyalty,Mixed Behavior
1238,25,Male,Michigan,92,42,Dress,Clothing,S,Charcoal,Spring,4.4,No,2-Day Shipping,Credit Card,Quarterly,Yes,Yes,61.10204081632653,High Loyalty,Valuable but Promo-Driven
1239,55,Male,Wyoming,77,3,Pants,Clothing,M,Violet,Winter,3.7,No,Express,Venmo,Fortnightly,Yes,Yes,37.72448979591837,Medium Loyalty,Mixed Behavior
1240,62,Male,New Jersey,37,32,Coat,Outerwear,XL,Magenta,Spring,4.8,No,Standard,Debit Card,Every 3 Months,Yes,Yes,27.479591836734695,Low Loyalty,Discount-Only (Only Buy on Sale)
1241,41,Male,New Jersey,79,48,Scarf,Accessories,L,White,Winter,2.9,No,Store Pickup,Debit Card,Annually,Yes,Yes,61.27551020408164,High Loyalty,Valuable but Promo-Driven
1242,58,Male,Hawaii,51,34,Hoodie,Clothing,XL,Pink,Winter,3.1,No,Express,Credit Card,Weekly,Yes,Yes,45.70408163265306,Medium Loyalty,Mixed Behavior
1243,56,Male,Nevada,27,15,Socks,Clothing,M,Lavender,Summer,4.0,No,Next Day Air,Bank Transfer,Quarterly,Yes,Yes,12.07142857142857,Low Loyalty,Discount-Only (Only Buy on Sale)
1244,25,Male,New Hampshire,23,22,Blouse,Clothing,S,Pink,Spring,3.0,No,Store Pickup,Debit Card,Annually,Yes,Yes,17.357142857142854,Low Loyalty,Discount-Only (Only Buy on Sale)
1245,70,Male,Indiana,76,2,Socks,Clothing,S,Silver,Summer,3.9,No,2-Day Shipping,Cash,Monthly,Yes,Yes,34.61224489795919,Medium Loyalty,Mixed Behavior
1246,42,Male,New York,31,30,Dress,Clothing,M,Violet,Fall,3.4,No,Standard,Bank Transfer,Weekly,Yes,Yes,33.25510204081632,Low Loyalty,Discount-Only (Only Buy on Sale)
1247,27,Male,Louisiana,60,27,Hoodie,Clothing,M,Charcoal,Winter,2.7,No,Standard,Cash,Monthly,Yes,Yes,41.91836734693877,Medium Loyalty,Mixed Behavior
1248,65,Male,Virginia,99,18,T-shirt,Clothing,M,Charcoal,Spring,3.750064716541548,No,Express,Venmo,Bi-Weekly,Yes,Yes,49.90816326530612,Medium Loyalty,Mixed Behavior
1249,62,Male,Wisconsin,37,8,Hat,Accessories,XL,Red,Winter,3.0,No,Free Shipping,Credit Card,Annually,Yes,Yes,15.785714285714286,Low Loyalty,Discount-Only (Only Buy on Sale)
1250,62,Male,Oregon,50,48,Boots,Footwear,M,Peach,Winter,4.5,No,Express,Venmo,Fortnightly,Yes,Yes,51.775510204081634,Medium Loyalty,Mixed Behavior
1251,52,Male,New Hampshire,26,24,Jeans,Clothing,XL,Purple,Winter,4.1,No,Free Shipping,Cash,Monthly,Yes,Yes,23.081632653061224,Low Loyalty,Discount-Only (Only Buy on Sale)
1252,56,Male,Indiana,86,43,Shorts,Clothing,XL,Orange,Spring,5.0,No,Next Day Air,Credit Card,Monthly,Yes,Yes,64.71428571428572,High Loyalty,Valuable but Promo-Driven
1253,28,Male,Massachusetts,41,8,Sandals,Footwear,L,Magenta,Fall,4.0,No,Standard,Cash,Quarterly,Yes,Yes,14.785714285714288,Low Loyalty,Discount-Only (Only Buy on Sale)
1254,39,Male,Montana,23,49,Sandals,Footwear,XL,Red,Winter,4.9,No,Express,PayPal,Annually,Yes,Yes,33.88775510204082,Medium Loyalty,Mixed Behavior
1255,54,Male,California,56,2,Sneakers,Footwear,XL,Black,Spring,3.3,No,2-Day Shipping,Credit Card,Bi-Weekly,Yes,Yes,18.612244897959187,Low Loyalty,Discount-Only (Only Buy on Sale)
1256,30,Male,Indiana,68,38,Hat,Accessories,M,Peach,Fall,4.1,No,Standard,Cash,Fortnightly,Yes,Yes,54.653061224489804,High Loyalty,Valuable but Promo-Driven
1257,45,Male,West Virginia,48,4,Coat,Outerwear,S,Olive,Winter,3.6,No,Express,Cash,Fortnightly,Yes,Yes,23.836734693877556,Low Loyalty,Discount-Only (Only Buy on Sale)
1258,68,Male,Minnesota,67,31,Dress,Clothing,L,Gold,Spring,3.0,No,Free Shipping,Cash,Every 3 Months,Yes,Yes,41.867346938775505,Medium Loyalty,Mixed Behavior
1259,47,Male,Ohio,87,34,Boots,Footwear,XL,Gold,Spring,4.1,No,2-Day Shipping,Debit Card,Every 3 Months,Yes,Yes,53.704081632653065,High Loyalty,Valuable but Promo-Driven
1260,68,Male,Minnesota,64,45,Skirt,Clothing,M,Turquoise,Fall,3.9,No,Standard,Credit Card,Monthly,Yes,Yes,54.938775510204074,High Loyalty,Valuable but Promo-Driven
1261,63,Male,Virginia,93,30,Shirt,Clothing,XL,Green,Spring,4.1,No,Store Pickup,Debit Card,Quarterly,Yes,Yes,54.255102040816325,High Loyalty,Valuable but Promo-Driven
1262,20,Male,Connecticut,29,2,Shirt,Clothing,L,Maroon,Summer,2.8,No,Next Day Air,Credit Card,Fortnightly,Yes,Yes,13.112244897959185,Low Loyalty,Discount-Only (Only Buy on Sale)
1263,29,Male,Tennessee,62,44,Boots,Footwear,L,Brown,Winter,4.8,No,Store Pickup,Venmo,Monthly,Yes,Yes,53.326530612244895,Medium Loyalty,Mixed Behavior
1264,41,Male,Delaware,70,1,Hoodie,Clothing,L,Brown,Winter,4.6,No,2-Day Shipping,Credit Card,Bi-Weekly,Yes,Yes,25.0,Low Loyalty,Discount-Only (Only Buy on Sale)
1265,52,Male,Vermont,92,1,Sweater,Clothing,S,Blue,Winter,2.5,No,Next Day Air,Venmo,Bi-Weekly,Yes,Yes,36.00000000000001,Medium Loyalty,Mixed Behavior
1266,32,Male,Louisiana,79,27,Shirt,Clothing,M,Lavender,Spring,2.7,No,Next Day Air,Bank Transfer,Weekly,Yes,Yes,55.41836734693878,High Loyalty,Valuable but Promo-Driven
1267,20,Male,North Dakota,31,14,Blouse,Clothing,M,Peach,Fall,4.0,No,Standard,Debit Card,Every 3 Months,Yes,Yes,13.459183673469388,Low Loyalty,Discount-Only (Only Buy on Sale)
1268,47,Male,Oregon,83,41,T-shirt,Clothing,S,Gray,Spring,2.7,No,Standard,Cash,Weekly,Yes,Yes,65.98979591836735,High Loyalty,Valuable but Promo-Driven
1269,23,Male,Idaho,88,25,Jacket,Outerwear,XL,Charcoal,Winter,2.9,No,Next Day Air,Debit Card,Bi-Weekly,Yes,Yes,48.693877551020414,Medium Loyalty,Mixed Behavior
1270,43,Male,Vermont,53,47,Jewelry,Accessories,M,Lavender,Spring,3.0,No,Standard,PayPal,Quarterly,Yes,Yes,44.663265306122454,Medium Loyalty,Mixed Behavior
1271,67,Male,West Virginia,98,20,Hoodie,Clothing,M,Green,Fall,3.3,No,Standard,Cash,Annually,Yes,Yes,53.6326530612245,High Loyalty,Valuable but Promo-Driven
1272,70,Male,Kentucky,57,42,Jewelry,Accessories,S,Gray,Spring,4.3,No,Store Pickup,PayPal,Annually,Yes,Yes,46.60204081632653,Medium Loyalty,Mixed Behavior
1273,35,Male,Wisconsin,80,16,Sandals,Footwear,M,Orange,Winter,4.4,No,Express,Bank Transfer,Monthly,Yes,Yes,45.183673469387756,Medium Loyalty,Mixed Behavior
1274,41,Male,Mississippi,29,32,Jeans,Clothing,L,Silver,Spring,4.1,No,Next Day Air,Credit Card,Every 3 Months,Yes,Yes,23.47959183673469,Low Loyalty,Discount-Only (Only Buy on Sale)
1275,54,Male,Missouri,73,37,Hat,Accessories,M,Olive,Spring,3.1,No,2-Day Shipping,PayPal,Quarterly,Yes,Yes,48.54081632653062,Medium Loyalty,Mixed Behavior
1276,55,Male,Arkansas,32,1,Sweater,Clothing,S,Turquoise,Fall,4.5,No,Standard,PayPal,Monthly,Yes,Yes,12.000000000000002,Low Loyalty,Discount-Only (Only Buy on Sale)
1277,51,Male,Wyoming,68,37,Boots,Footwear,L,Turquoise,Spring,4.8,No,Next Day Air,Bank Transfer,Weekly,Yes,Yes,56.04081632653062,High Loyalty,Valuable but Promo-Driven
1278,19,Male,Rhode Island,97,5,Blouse,Clothing,L,Green,Spring,5.0,No,Express,Venmo,Quarterly,Yes,Yes,40.948979591836746,Medium Loyalty,Mixed Behavior
1279,28,Male,Utah,98,31,Shorts,Clothing,M,Violet,Fall,2.8,No,Next Day Air,Venmo,Fortnightly,Yes,Yes,65.36734693877551,High Loyalty,Valuable but Promo-Driven
1280,63,Male,Maryland,56,18,Hoodie,Clothing,L,Charcoal,Fall,3.7,No,Express,Debit Card,Annually,Yes,Yes,31.408163265306122,Low Loyalty,Discount-Only (Only Buy on Sale)
1281,30,Male,Georgia,78,39,Pants,Clothing,L,White,Winter,4.4,No,2-Day Shipping,Venmo,Every 3 Months,Yes,Yes,52.265306122448976,Medium Loyalty,Mixed Behavior
1282,29,Male,New Jersey,81,8,Belt,Accessories,M,Olive,Spring,4.5,No,Store Pickup,Venmo,Bi-Weekly,Yes,Yes,34.785714285714285,Medium Loyalty,Mixed Behavior
1283,24,Male,New Hampshire,68,20,Shirt,Clothing,L,Violet,Winter,3.0,No,Free Shipping,Venmo,Monthly,Yes,Yes,41.632653061224495,Medium Loyalty,Mixed Behavior
1284,69,Male,Oregon,94,23,Shirt,Clothing,M,Violet,Winter,3.9,No,2-Day Shipping,Debit Card,Every 3 Months,Yes,Yes,50.46938775510205,Medium Loyalty,Mixed Behavior
1285,65,Male,Arkansas,93,38,Dress,Clothing,M,Black,Spring,3.9,No,Express,PayPal,Fortnightly,Yes,Yes,67.1530612244898,High Loyalty,Valuable but Promo-Driven
1286,64,Male,North Carolina,99,45,Gloves,Accessories,M,Charcoal,Fall,3.5,No,Next Day Air,Bank Transfer,Fortnightly,Yes,Yes,74.43877551020408,High Loyalty,Valuable but Promo-Driven
1287,40,Male,West Virginia,49,44,Gloves,Accessories,L,Yellow,Winter,4.9,No,Next Day Air,Debit Card,Fortnightly,Yes,Yes,48.826530612244895,Medium Loyalty,Mixed Behavior
1288,24,Male,Utah,28,20,Jeans,Clothing,XL,Blue,Winter,3.4,No,Standard,PayPal,Monthly,Yes,Yes,21.632653061224488,Low Loyalty,Discount-Only (Only Buy on Sale)
1289,66,Male,South Dakota,93,34,Belt,Accessories,XL,Charcoal,Winter,4.1,No,Standard,PayPal,Bi-Weekly,Yes,Yes,56.70408163265306,High Loyalty,Valuable but Promo-Driven
1290,35,Male,New Hampshire,24,10,Jacket,Outerwear,M,Red,Fall,2.9,No,Next Day Air,PayPal,Weekly,Yes,Yes,17.510204081632654,Low Loyalty,Discount-Only (Only Buy on Sale)
1291,67,Male,Maryland,35,3,Skirt,Clothing,M,Indigo,Spring,3.4,No,Free Shipping,PayPal,Annually,Yes,Yes,11.72448979591837,Low Loyalty,Discount-Only (Only Buy on Sale)
1292,69,Male,South Dakota,68,23,Sandals,Footwear,S,Beige,Spring,3.2,No,2-Day Shipping,Debit Card,Fortnightly,Yes,Yes,45.46938775510205,Medium Loyalty,Mixed Behavior
1293,26,Male,Kentucky,61,42,Belt,Accessories,M,Maroon,Summer,3.750064716541548,No,Free Shipping,Bank Transfer,Annually,Yes,Yes,48.60204081632653,Medium Loyalty,Mixed Behavior
1294,23,Male,Florida,74,30,Sweater,Clothing,XL,Yellow,Fall,4.1,No,Standard,Debit Card,Annually,Yes,Yes,47.755102040816325,Medium Loyalty,Mixed Behavior
1295,27,Male,Texas,64,21,Shirt,Clothing,M,Silver,Summer,4.5,No,Standard,Cash,Every 3 Months,Yes,Yes,34.244897959183675,Medium Loyalty,Mixed Behavior
1296,30,Male,New Mexico,60,50,Sneakers,Footwear,M,Olive,Fall,2.8,No,Standard,PayPal,Weekly,Yes,Yes,60.0,High Loyalty,Valuable but Promo-Driven
1297,48,Male,South Dakota,29,16,Jeans,Clothing,S,Teal,Spring,2.8,No,Express,Cash,Bi-Weekly,Yes,Yes,13.683673469387756,Low Loyalty,Discount-Only (Only Buy on Sale)
1298,44,Male,New Jersey,85,32,Sandals,Footwear,M,Silver,Summer,4.6,No,Standard,Venmo,Annually,Yes,Yes,54.4795918367347,High Loyalty,Valuable but Promo-Driven
1299,29,Male,Indiana,81,14,Pants,Clothing,S,Indigo,Summer,3.0,No,Free Shipping,Bank Transfer,Fortnightly,Yes,Yes,46.45918367346939,Medium Loyalty,Mixed Behavior
1300,29,Male,Louisiana,23,42,Belt,Accessories,L,Teal,Fall,3.6,No,2-Day Shipping,Venmo,Bi-Weekly,Yes,Yes,26.60204081632653,Low Loyalty,Discount-Only (Only Buy on Sale)
1301,67,Male,West Virginia,100,47,T-shirt,Clothing,M,Charcoal,Spring,4.5,No,Next Day Air,Credit Card,Every 3 Months,Yes,Yes,68.16326530612244,High Loyalty,Valuable but Promo-Driven
1302,42,Male,Maine,54,21,Shirt,Clothing,M,Orange,Fall,5.0,No,Express,Debit Card,Weekly,Yes,Yes,39.244897959183675,Medium Loyalty,Mixed Behavior
1303,23,Male,Idaho,25,37,Sneakers,Footwear,M,Gold,Fall,2.9,No,Next Day Air,Credit Card,Monthly,Yes,Yes,30.540816326530607,Low Loyalty,Discount-Only (Only Buy on Sale)
1304,34,Male,New York,32,10,Blouse,Clothing,L,Silver,Summer,3.1,No,Next Day Air,Credit Card,Annually,Yes,Yes,14.510204081632654,Low Loyalty,Discount-Only (Only Buy on Sale)
1305,64,Male,Montana,63,18,Backpack,Accessories,S,Orange,Spring,4.0,No,2-Day Shipping,PayPal,Every 3 Months,Yes,Yes,31.90816326530613,Low Loyalty,Discount-Only (Only Buy on Sale)
1306,31,Male,Mississippi,56,2,Pants,Clothing,XL,Peach,Spring,4.5,No,Express,PayPal,Every 3 Months,Yes,Yes,18.612244897959187,Low Loyalty,Discount-Only (Only Buy on Sale)
1307,54,Male,Alaska,33,40,Sweater,Clothing,L,Brown,Winter,4.5,No,Next Day Air,PayPal,Annually,Yes,Yes,33.377551020408156,Low Loyalty,Discount-Only (Only Buy on Sale)
1308,23,Male,Missouri,32,43,Coat,Outerwear,L,Black,Summer,3.1,No,Express,PayPal,Annually,Yes,Yes,34.71428571428571,Medium Loyalty,Mixed Behavior
1309,59,Male,Rhode Island,38,14,Dress,Clothing,L,Red,Summer,4.4,No,Next Day Air,Credit Card,Every 3 Months,Yes,Yes,16.95918367346939,Low Loyalty,Discount-Only (Only Buy on Sale)
1310,32,Male,Hawaii,21,41,Blouse,Clothing,L,Lavender,Summer,4.7,No,Store Pickup,Cash,Quarterly,Yes,Yes,24.989795918367346,Low Loyalty,Discount-Only (Only Buy on Sale)
1311,43,Male,South Carolina,59,38,Hoodie,Clothing,L,Brown,Winter,3.1,No,Store Pickup,Credit Card,Every 3 Months,Yes,Yes,42.1530612244898,Medium Loyalty,Mixed Behavior
1312,32,Male,Tennessee,87,12,Shoes,Footwear,M,Maroon,Fall,4.2,No,Express,Venmo,Annually,Yes,Yes,43.23469387755103,Medium Loyalty,Mixed Behavior
1313,66,Male,Missouri,79,19,T-shirt,Clothing,M,Violet,Winter,3.0,No,Store Pickup,Bank Transfer,Monthly,Yes,Yes,46.52040816326531,Medium Loyalty,Mixed Behavior
1314,70,Male,Missouri,28,23,Shoes,Footwear,M,Lavender,Summer,3.750064716541548,No,Free Shipping,Credit Card,Bi-Weekly,Yes,Yes,17.46938775510204,Low Loyalty,Discount-Only (Only Buy on Sale)
1315,42,Male,Missouri,67,49,Boots,Footwear,S,Magenta,Summer,3.4,No,Free Shipping,Debit Card,Annually,Yes,Yes,55.88775510204081,High Loyalty,Valuable but Promo-Driven
1316,56,Male,Mississippi,75,29,Shorts,Clothing,L,Green,Spring,4.2,No,2-Day Shipping,Debit Card,Quarterly,Yes,Yes,44.64285714285714,Medium Loyalty,Mixed Behavior
1317,28,Male,Arkansas,32,14,Belt,Accessories,S,Lavender,Spring,4.6,No,Standard,Debit Card,Bi-Weekly,Yes,Yes,13.959183673469388,Low Loyalty,Discount-Only (Only Buy on Sale)
1318,28,Male,Kentucky,43,19,Pants,Clothing,M,Green,Spring,2.8,No,Free Shipping,Cash,Monthly,Yes,Yes,28.520408163265305,Low Loyalty,Discount-Only (Only Buy on Sale)
1319,52,Male,Connecticut,93,19,Shorts,Clothing,M,Maroon,Spring,2.7,No,Express,Credit Card,Bi-Weekly,Yes,Yes,47.52040816326531,Medium Loyalty,Mixed Behavior
1320,65,Male,Oklahoma,24,48,Sunglasses,Accessories,M,Magenta,Spring,4.0,No,Standard,Bank Transfer,Weekly,Yes,Yes,40.775510204081634,Medium Loyalty,Mixed Behavior
1321,56,Male,California,31,19,Hat,Accessories,XL,Teal,Fall,3.1,No,Free Shipping,Debit Card,Annually,Yes,Yes,19.520408163265305,Low Loyalty,Discount-Only (Only Buy on Sale)
1322,59,Male,Missouri,84,45,T-shirt,Clothing,L,Orange,Winter,3.7,No,Express,Bank Transfer,Every 3 Months,Yes,Yes,58.93877551020408,High Loyalty,Valuable but Promo-Driven
1323,23,Male,Washington,74,17,Pants,Clothing,M,Violet,Winter,4.0,No,Next Day Air,Bank Transfer,Quarterly,Yes,Yes,36.79591836734694,Medium Loyalty,Mixed Behavior
1324,58,Male,New York,62,15,Shorts,Clothing,M,Yellow,Spring,4.6,No,Standard,Debit Card,Every 3 Months,Yes,Yes,29.57142857142857,Low Loyalty,Discount-Only (Only Buy on Sale)
1325,39,Male,Indiana,77,11,Jewelry,Accessories,S,Orange,Summer,3.8,No,Free Shipping,Credit Card,Fortnightly,Yes,Yes,42.622448979591844,Medium Loyalty,Mixed Behavior
1326,28,Male,Oregon,73,1,Backpack,Accessories,L,Gold,Summer,3.5,No,Express,Cash,Monthly,Yes,Yes,32.50000000000001,Low Loyalty,Discount-Only (Only Buy on Sale)
1327,40,Male,Texas,50,17,Shoes,Footwear,M,Indigo,Spring,3.750064716541548,No,Free Shipping,Cash,Monthly,Yes,Yes,30.795918367346943,Low Loyalty,Discount-Only (Only Buy on Sale)
1328,52,Male,Florida,40,37,Coat,Outerwear,M,Turquoise,Winter,2.8,No,Standard,Cash,Weekly,Yes,Yes,42.0408163265306,Medium Loyalty,Mixed Behavior
1329,37,Male,Rhode Island,97,40,Sweater,Clothing,M,Orange,Winter,3.7,No,Standard,Bank Transfer,Weekly,Yes,Yes,72.37755102040816,High Loyalty,Valuable but Promo-Driven
1330,70,Male,Texas,63,50,Gloves,Accessories,M,Indigo,Fall,3.3,No,Express,PayPal,Every 3 Months,Yes,Yes,51.5,Medium Loyalty,Mixed Behavior
1331,30,Male,Vermont,65,20,Handbag,Accessories,M,Charcoal,Fall,2.9,No,Standard,PayPal,Bi-Weekly,Yes,Yes,34.13265306122449,Medium Loyalty,Mixed Behavior
1332,38,Male,Maryland,91,8,Socks,Clothing,M,Lavender,Spring,3.2,No,Standard,PayPal,Bi-Weekly,Yes,Yes,39.785714285714285,Medium Loyalty,Mixed Behavior
1333,66,Male,Alaska,60,16,Hoodie,Clothing,S,Gold,Spring,4.3,No,Store Pickup,Bank Transfer,Quarterly,Yes,Yes,29.183673469387756,Low Loyalty,Discount-Only (Only Buy on Sale)
1334,29,Male,Idaho,69,9,Pants,Clothing,M,Lavender,Winter,2.7,No,Next Day Air,Bank Transfer,Quarterly,Yes,Yes,29.39795918367347,Low Loyalty,Discount-Only (Only Buy on Sale)
1335,46,Male,West Virginia,52,12,Coat,Outerwear,S,White,Spring,3.750064716541548,No,Store Pickup,Venmo,Monthly,Yes,Yes,28.73469387755102,Low Loyalty,Discount-Only (Only Buy on Sale)
1336,56,Male,Nevada,49,26,Boots,Footwear,M,Lavender,Fall,4.8,No,2-Day Shipping,Credit Card,Weekly,Yes,Yes,39.806122448979586,Medium Loyalty,Mixed Behavior
1337,23,Male,Oregon,85,44,Sneakers,Footwear,M,Charcoal,Spring,4.8,No,Store Pickup,Debit Card,Fortnightly,Yes,Yes,66.82653061224491,High Loyalty,Valuable but Promo-Driven
1338,37,Male,Tennessee,86,19,Sweater,Clothing,L,Silver,Spring,3.4,No,Express,Credit Card,Bi-Weekly,Yes,Yes,44.02040816326531,Medium Loyalty,Mixed Behavior
1339,56,Male,Alabama,51,43,Handbag,Accessories,S,Yellow,Winter,2.6,No,Standard,PayPal,Fortnightly,Yes,Yes,49.214285714285715,Medium Loyalty,Mixed Behavior
1340,36,Male,Indiana,56,5,Belt,Accessories,L,Olive,Winter,5.0,No,Next Day Air,Bank Transfer,Every 3 Months,Yes,Yes,20.44897959183674,Low Loyalty,Discount-Only (Only Buy on Sale)
1341,40,Male,Idaho,72,5,Belt,Accessories,M,Peach,Fall,4.4,No,Next Day Air,Debit Card,Every 3 Months,Yes,Yes,28.448979591836736,Low Loyalty,Discount-Only (Only Buy on Sale)
1342,26,Male,Rhode Island,27,31,Hoodie,Clothing,XL,Yellow,Fall,3.750064716541548,No,Standard,Bank Transfer,Quarterly,Yes,Yes,21.867346938775505,Low Loyalty,Discount-Only (Only Buy on Sale)
1343,57,Male,Arizona,43,11,Sunglasses,Accessories,XL,Yellow,Summer,3.4,No,2-Day Shipping,Bank Transfer,Monthly,Yes,Yes,23.622448979591834,Low Loyalty,Discount-Only (Only Buy on Sale)
1344,68,Male,Florida,56,34,Sneakers,Footwear,M,Indigo,Spring,3.4,No,Standard,Bank Transfer,Monthly,Yes,Yes,44.204081632653065,Medium Loyalty,Mixed Behavior
1345,56,Male,New York,37,14,T-shirt,Clothing,S,Violet,Fall,4.9,No,Next Day Air,Cash,Annually,Yes,Yes,19.459183673469386,Low Loyalty,Discount-Only (Only Buy on Sale)
1346,40,Male,Nebraska,21,42,Dress,Clothing,M,White,Fall,3.6,No,Standard,Venmo,Weekly,Yes,Yes,35.60204081632653,Medium Loyalty,Mixed Behavior
1347,44,Male,Mississippi,91,15,Hoodie,Clothing,L,White,Winter,3.0,No,Free Shipping,Venmo,Bi-Weekly,Yes,Yes,44.07142857142857,Medium Loyalty,Mixed Behavior
1348,44,Male,Vermont,95,47,Sweater,Clothing,M,Cyan,Summer,3.9,No,2-Day Shipping,Bank Transfer,Monthly,Yes,Yes,71.66326530612245,High Loyalty,Valuable but Promo-Driven
1349,19,Male,Nebraska,54,23,Belt,Accessories,XL,Purple,Spring,3.2,No,Standard,Credit Card,Fortnightly,Yes,Yes,38.46938775510204,Medium Loyalty,Mixed Behavior
1350,21,Male,South Carolina,36,23,Socks,Clothing,XL,Black,Spring,3.2,No,Next Day Air,Cash,Bi-Weekly,Yes,Yes,21.46938775510204,Low Loyalty,Discount-Only (Only Buy on Sale)
1351,31,Male,Delaware,71,1,Sunglasses,Accessories,M,Orange,Fall,4.3,No,Next Day Air,Cash,Every 3 Months,Yes,Yes,25.500000000000007,Low Loyalty,Discount-Only (Only Buy on Sale)
1352,30,Male,Vermont,31,28,Coat,Outerwear,L,Maroon,Summer,2.8,No,2-Day Shipping,Bank Transfer,Quarterly,Yes,Yes,22.030612244897956,Low Loyalty,Discount-Only (Only Buy on Sale)
1353,65,Male,Indiana,89,37,Hat,Accessories,XL,Orange,Spring,4.5,No,Next Day Air,Credit Card,Bi-Weekly,Yes,Yes,56.54081632653061,High Loyalty,Valuable but Promo-Driven
1354,39,Male,Oregon,83,4,Pants,Clothing,M,Teal,Winter,4.1,No,Next Day Air,Cash,Every 3 Months,Yes,Yes,33.33673469387756,Low Loyalty,Discount-Only (Only Buy on Sale)
1355,64,Male,Maryland,42,21,Backpack,Accessories,M,Gray,Spring,3.6,No,2-Day Shipping,Bank Transfer,Quarterly,Yes,Yes,23.244897959183675,Low Loyalty,Discount-Only (Only Buy on Sale)
1356,59,Male,Florida,91,50,Shorts,Clothing,M,Blue,Summer,3.0,No,2-Day Shipping,PayPal,Bi-Weekly,Yes,Yes,65.5,High Loyalty,Valuable but Promo-Driven
1357,49,Male,Indiana,61,34,Jacket,Outerwear,M,Cyan,Spring,4.0,No,Free Shipping,Bank Transfer,Annually,Yes,Yes,43.70408163265307,Medium Loyalty,Mixed Behavior
1358,24,Male,Texas,66,20,Backpack,Accessories,S,Red,Summer,3.5,No,Next Day Air,Cash,Quarterly,Yes,Yes,34.632653061224495,Medium Loyalty,Mixed Behavior
1359,19,Male,Nebraska,22,25,Scarf,Accessories,XL,Pink,Spring,2.5,No,Store Pickup,Venmo,Every 3 Months,Yes,Yes,15.693877551020407,Low Loyalty,Discount-Only (Only Buy on Sale)
1360,27,Male,North Carolina,68,26,Hoodie,Clothing,S,Cyan,Winter,4.3,No,Store Pickup,Bank Transfer,Fortnightly,Yes,Yes,47.3061224489796,Medium Loyalty,Mixed Behavior
1361,56,Male,Alabama,43,4,Skirt,Clothing,L,Black,Fall,2.8,No,Express,Bank Transfer,Annually,Yes,Yes,16.33673469387755,Low Loyalty,Discount-Only (Only Buy on Sale)
1362,49,Male,Alabama,32,39,Dress,Clothing,M,Beige,Fall,3.7,No,Next Day Air,Debit Card,Monthly,Yes,Yes,35.265306122448976,Medium Loyalty,Mixed Behavior
1363,41,Male,Colorado,46,29,Coat,Outerwear,M,Gray,Fall,4.3,No,Express,Cash,Weekly,Yes,Yes,40.142857142857146,Medium Loyalty,Mixed Behavior
1364,36,Male,Wisconsin,90,47,Blouse,Clothing,L,Red,Summer,4.0,No,Express,PayPal,Quarterly,Yes,Yes,63.163265306122454,High Loyalty,Valuable but Promo-Driven
1365,68,Male,Delaware,75,5,Hat,Accessories,L,Yellow,Fall,4.7,No,Express,Cash,Every 3 Months,Yes,Yes,29.94897959183674,Low Loyalty,Discount-Only (Only Buy on Sale)
1366,28,Male,Indiana,69,18,Handbag,Accessories,M,Magenta,Winter,4.5,No,Store Pickup,Bank Transfer,Fortnightly,Yes,Yes,42.90816326530613,Medium Loyalty,Mixed Behavior
1367,45,Male,Iowa,40,10,Belt,Accessories,M,Magenta,Fall,3.1,No,Free Shipping,Credit Card,Fortnightly,Yes,Yes,23.510204081632654,Low Loyalty,Discount-Only (Only Buy on Sale)
1368,60,Male,Iowa,63,25,Belt,Accessories,S,Black,Fall,3.8,No,Express,Cash,Quarterly,Yes,Yes,36.193877551020414,Medium Loyalty,Mixed Behavior
1369,21,Male,Wisconsin,36,2,Shirt,Clothing,L,Orange,Summer,4.9,No,Express,Cash,Weekly,Yes,Yes,18.612244897959187,Low Loyalty,Discount-Only (Only Buy on Sale)
1370,32,Male,Iowa,75,48,Shoes,Footwear,M,Green,Winter,3.2,No,Standard,Venmo,Fortnightly,Yes,Yes,64.27551020408164,High Loyalty,Valuable but Promo-Driven
1371,27,Male,Montana,67,41,Scarf,Accessories,L,Peach,Summer,3.750064716541548,No,2-Day Shipping,Bank Transfer,Every 3 Months,Yes,Yes,47.98979591836734,Medium Loyalty,Mixed Behavior
1372,40,Male,Mississippi,64,42,Pants,Clothing,M,Charcoal,Spring,2.8,No,Store Pickup,Credit Card,Monthly,Yes,Yes,53.10204081632652,Medium Loyalty,Mixed Behavior
1373,64,Male,Michigan,61,44,Blouse,Clothing,M,Gray,Fall,4.0,No,2-Day Shipping,PayPal,Bi-Weekly,Yes,Yes,46.8265306122449,Medium Loyalty,Mixed Behavior
1374,18,Male,Virginia,40,6,Gloves,Accessories,L,Turquoise,Winter,2.6,No,Store Pickup,Cash,Quarterly,Yes,Yes,13.061224489795919,Low Loyalty,Discount-Only (Only Buy on Sale)
1375,22,Male,New York,97,5,Handbag,Accessories,M,Red,Fall,2.7,No,Free Shipping,Bank Transfer,Quarterly,Yes,Yes,40.948979591836746,Medium Loyalty,Mixed Behavior
1376,42,Male,Maine,31,8,Sneakers,Footwear,L,Brown,Spring,4.1,No,2-Day Shipping,Credit Card,Annually,Yes,Yes,12.785714285714286,Low Loyalty,Discount-Only (Only Buy on Sale)
1377,57,Male,New Jersey,65,24,Sandals,Footwear,L,Pink,Spring,5.0,No,Free Shipping,PayPal,Annually,Yes,Yes,39.58163265306123,Medium Loyalty,Mixed Behavior
1378,33,Male,Maryland,54,42,Sunglasses,Accessories,L,Olive,Spring,3.0,No,Next Day Air,Venmo,Monthly,Yes,Yes,48.10204081632653,Medium Loyalty,Mixed Behavior
1379,37,Male,Kentucky,49,24,Jacket,Outerwear,XL,Lavender,Fall,3.6,No,Free Shipping,Venmo,Weekly,Yes,Yes,38.58163265306123,Medium Loyalty,Mixed Behavior
1380,21,Male,Minnesota,64,38,T-shirt,Clothing,L,Purple,Fall,2.8,No,2-Day Shipping,Venmo,Bi-Weekly,Yes,Yes,44.6530612244898,Medium Loyalty,Mixed Behavior
1381,51,Male,Massachusetts,35,41,Sneakers,Footwear,S,Beige,Winter,4.6,No,Standard,Cash,Fortnightly,Yes,Yes,39.98979591836735,Medium Loyalty,Mixed Behavior
1382,30,Male,Illinois,86,48,Shoes,Footwear,L,Green,Winter,2.9,No,Standard,Venmo,Quarterly,Yes,Yes,61.77551020408163,High Loyalty,Valuable but Promo-Driven
1383,68,Male,Michigan,55,16,Jacket,Outerwear,L,Brown,Winter,4.8,No,Express,Bank Transfer,Quarterly,Yes,Yes,26.683673469387752,Low Loyalty,Discount-Only (Only Buy on Sale)
1384,36,Male,Wisconsin,58,4,Scarf,Accessories,M,Beige,Spring,3.3,No,Express,Venmo,Monthly,Yes,Yes,26.836734693877556,Low Loyalty,Discount-Only (Only Buy on Sale)
1385,46,Male,Alaska,96,8,Sneakers,Footwear,M,Beige,Fall,4.6,No,Standard,Bank Transfer,Weekly,Yes,Yes,52.2857142857143,Medium Loyalty,Mixed Behavior
1386,41,Male,Mississippi,64,1,Jewelry,Accessories,M,Indigo,Fall,2.6,No,Store Pickup,Bank Transfer,Bi-Weekly,Yes,Yes,22.000000000000004,Low Loyalty,Discount-Only (Only Buy on Sale)
1387,68,Male,Oregon,56,4,Jacket,Outerwear,M,Silver,Fall,4.0,No,Next Day Air,Debit Card,Quarterly,Yes,Yes,19.836734693877556,Low Loyalty,Discount-Only (Only Buy on Sale)
1388,21,Male,Maryland,85,20,Blouse,Clothing,M,Gold,Winter,3.8,No,Standard,Credit Card,Monthly,Yes,Yes,50.132653061224495,Medium Loyalty,Mixed Behavior
1389,62,Male,Arkansas,23,40,Dress,Clothing,M,Lavender,Spring,3.9,No,Express,Cash,Quarterly,Yes,Yes,25.377551020408163,Low Loyalty,Discount-Only (Only Buy on Sale)
1390,59,Male,Illinois,72,8,Scarf,Accessories,L,Orange,Fall,2.6,No,Store Pickup,Debit Card,Fortnightly,Yes,Yes,38.28571428571429,Medium Loyalty,Mixed Behavior
1391,25,Male,Arkansas,38,42,Hat,Accessories,M,Maroon,Summer,4.3,No,Standard,Debit Card,Weekly,Yes,Yes,44.10204081632653,Medium Loyalty,Mixed Behavior
1392,53,Male,Mississippi,29,38,Blouse,Clothing,S,White,Winter,3.6,No,Express,Credit Card,Annually,Yes,Yes,30.153061224489797,Low Loyalty,Discount-Only (Only Buy on Sale)
1393,31,Male,Arkansas,46,34,Gloves,Accessories,M,Yellow,Spring,4.2,No,Express,Venmo,Every 3 Months,Yes,Yes,33.20408163265306,Low Loyalty,Discount-Only (Only Buy on Sale)
1394,46,Male,Idaho,58,14,Gloves,Accessories,L,Yellow,Spring,3.9,No,Express,PayPal,Fortnightly,Yes,Yes,34.95918367346939,Medium Loyalty,Mixed Behavior
1395,26,Male,Iowa,43,39,Coat,Outerwear,L,Magenta,Fall,4.7,No,Next Day Air,Cash,Weekly,Yes,Yes,44.765306122448976,Medium Loyalty,Mixed Behavior
1396,47,Male,West Virginia,32,40,Scarf,Accessories,L,Turquoise,Spring,2.8,No,Next Day Air,PayPal,Bi-Weekly,Yes,Yes,29.87755102040816,Low Loyalty,Discount-Only (Only Buy on Sale)
1397,37,Male,Wisconsin,30,49,Pants,Clothing,XL,Lavender,Winter,3.0,No,Next Day Air,Debit Card,Monthly,Yes,Yes,40.38775510204081,Medium Loyalty,Mixed Behavior
1398,55,Male,Massachusetts,67,33,Sunglasses,Accessories,S,Magenta,Summer,4.7,No,Store Pickup,PayPal,Annually,Yes,Yes,46.09183673469388,Medium Loyalty,Mixed Behavior
1399,30,Male,Texas,45,25,Dress,Clothing,M,Cyan,Summer,2.5,No,Free Shipping,Credit Card,Weekly,Yes,Yes,37.19387755102041,Medium Loyalty,Mixed Behavior
1400,19,Male,Nebraska,81,48,Hat,Accessories,M,Olive,Winter,3.1,No,Store Pickup,Venmo,Annually,Yes,Yes,62.27551020408163,High Loyalty,Valuable but Promo-Driven
1401,36,Male,Nevada,23,22,Backpack,Accessories,M,Red,Fall,3.6,No,Next Day Air,Credit Card,Every 3 Months,Yes,Yes,14.357142857142854,Low Loyalty,Discount-Only (Only Buy on Sale)
1402,23,Male,Indiana,59,1,Sandals,Footwear,M,Blue,Fall,3.5,No,2-Day Shipping,PayPal,Weekly,Yes,Yes,29.500000000000004,Low Loyalty,Discount-Only (Only Buy on Sale)
1403,62,Male,North Dakota,21,47,Sunglasses,Accessories,L,White,Summer,3.1,No,Express,PayPal,Monthly,Yes,Yes,34.66326530612245,Medium Loyalty,Mixed Behavior
1404,26,Male,Georgia,20,20,Backpack,Accessories,M,Peach,Spring,3.6,No,Store Pickup,Credit Card,Bi-Weekly,Yes,Yes,11.632653061224488,Low Loyalty,Discount-Only (Only Buy on Sale)
1405,36,Male,New Mexico,28,10,Jewelry,Accessories,M,Charcoal,Winter,3.5,No,Next Day Air,Debit Card,Weekly,Yes,Yes,19.510204081632654,Low Loyalty,Discount-Only (Only Buy on Sale)
1406,33,Male,New Hampshire,100,39,Socks,Clothing,M,Peach,Winter,2.7,No,Store Pickup,Credit Card,Monthly,Yes,Yes,69.26530612244899,High Loyalty,Valuable but Promo-Driven
1407,32,Male,Washington,46,15,Shirt,Clothing,L,Turquoise,Spring,3.6,No,Express,Debit Card,Monthly,Yes,Yes,27.57142857142857,Low Loyalty,Discount-Only (Only Buy on Sale)
1408,56,Male,Nevada,61,11,Handbag,Accessories,XL,Charcoal,Spring,4.5,No,Express,Credit Card,Annually,Yes,Yes,29.62244897959184,Low Loyalty,Discount-Only (Only Buy on Sale)
1409,58,Male,Maine,58,38,Blouse,Clothing,M,Yellow,Winter,4.1,No,Free Shipping,Venmo,Weekly,Yes,Yes,51.6530612244898,Medium Loyalty,Mixed Behavior
1410,34,Male,Idaho,50,41,Backpack,Accessories,M,Blue,Spring,4.2,No,Standard,Cash,Fortnightly,Yes,Yes,47.48979591836734,Medium Loyalty,Mixed Behavior
1411,61,Male,Tennessee,93,18,Hat,Accessories,M,Purple,Summer,4.0,No,Store Pickup,Debit Card,Annually,Yes,Yes,49.90816326530613,Medium Loyalty,Mixed Behavior
1412,48,Male,Louisiana,24,13,Skirt,Clothing,L,Green,Summer,2.8,No,Store Pickup,Venmo,Quarterly,Yes,Yes,9.346938775510205,Low Loyalty,Discount-Only (Only Buy on Sale)
1413,25,Male,Michigan,100,43,Shorts,Clothing,M,Charcoal,Summer,2.6,No,2-Day Shipping,Venmo,Annually,Yes,Yes,68.71428571428572,High Loyalty,Valuable but Promo-Driven
1414,51,Male,New Hampshire,79,12,Blouse,Clothing,S,Indigo,Fall,2.7,No,Store Pickup,Bank Transfer,Quarterly,Yes,Yes,36.234693877551024,Medium Loyalty,Mixed Behavior
1415,29,Male,Minnesota,51,3,Socks,Clothing,M,Black,Summer,4.5,No,Store Pickup,Credit Card,Bi-Weekly,Yes,Yes,16.72448979591837,Low Loyalty,Discount-Only (Only Buy on Sale)
1416,54,Male,Illinois,90,12,Belt,Accessories,M,Blue,Winter,3.7,No,Free Shipping,Credit Card,Every 3 Months,Yes,Yes,41.734693877551024,Medium Loyalty,Mixed Behavior
1417,48,Male,Idaho,56,46,Boots,Footwear,L,Silver,Summer,3.4,No,Free Shipping,Cash,Quarterly,Yes,Yes,45.55102040816327,Medium Loyalty,Mixed Behavior
1418,62,Male,Montana,25,21,Shorts,Clothing,S,Brown,Spring,4.6,No,Standard,Debit Card,Fortnightly,Yes,Yes,22.744897959183675,Low Loyalty,Discount-Only (Only Buy on Sale)
1419,18,Male,Alabama,75,23,Shirt,Clothing,M,Violet,Summer,4.1,No,2-Day Shipping,Venmo,Every 3 Months,Yes,Yes,40.96938775510204,Medium Loyalty,Mixed Behavior
1420,43,Male,Montana,75,4,Handbag,Accessories,M,Orange,Summer,2.6,No,Free Shipping,Debit Card,Quarterly,Yes,Yes,29.336734693877553,Low Loyalty,Discount-Only (Only Buy on Sale)
1421,22,Male,California,53,45,Jeans,Clothing,XL,Gray,Summer,4.6,No,Store Pickup,PayPal,Every 3 Months,Yes,Yes,43.43877551020408,Medium Loyalty,Mixed Behavior
1422,68,Male,Pennsylvania,100,24,Dress,Clothing,S,Gold,Spring,3.0,No,Standard,Bank Transfer,Fortnightly,Yes,Yes,62.081632653061234,High Loyalty,Valuable but Promo-Driven
1423,44,Male,Texas,27,3,Dress,Clothing,L,Charcoal,Fall,3.4,No,Free Shipping,PayPal,Bi-Weekly,Yes,Yes,4.724489795918369,Low Loyalty,Discount-Only (Only Buy on Sale)
1424,51,Male,Michigan,60,12,Sandals,Footwear,S,Black,Fall,3.5,No,Free Shipping,Venmo,Every 3 Months,Yes,Yes,26.73469387755102,Low Loyalty,Discount-Only (Only Buy on Sale)
1425,66,Male,Connecticut,23,34,Jacket,Outerwear,S,Indigo,Fall,3.5,No,Standard,Bank Transfer,Every 3 Months,Yes,Yes,21.70408163265306,Low Loyalty,Discount-Only (Only Buy on Sale)
1426,59,Male,Wyoming,40,39,Coat,Outerwear,S,White,Winter,3.7,No,Next Day Air,Credit Card,Annually,Yes,Yes,36.26530612244898,Medium Loyalty,Mixed Behavior
1427,60,Male,Michigan,38,35,Pants,Clothing,M,Yellow,Summer,4.8,No,Free Shipping,PayPal,Every 3 Months,Yes,Yes,29.816326530612248,Low Loyalty,Discount-Only (Only Buy on Sale)
1428,31,Male,South Dakota,90,8,Backpack,Accessories,S,Orange,Summer,4.9,No,Store Pickup,Credit Card,Annually,Yes,Yes,42.28571428571429,Medium Loyalty,Mixed Behavior
1429,20,Male,North Dakota,97,42,Blouse,Clothing,S,Green,Summer,4.9,No,Express,PayPal,Quarterly,Yes,Yes,63.602040816326536,High Loyalty,Valuable but Promo-Driven
1430,24,Male,Maryland,38,6,Skirt,Clothing,L,Gold,Fall,4.7,No,Standard,Credit Card,Every 3 Months,Yes,Yes,12.061224489795922,Low Loyalty,Discount-Only (Only Buy on Sale)
1431,48,Male,Michigan,30,3,Sandals,Footwear,S,Orange,Summer,4.9,No,Free Shipping,Credit Card,Fortnightly,Yes,Yes,14.224489795918368,Low Loyalty,Discount-Only (Only Buy on Sale)
1432,39,Male,South Dakota,88,29,Pants,Clothing,M,Cyan,Fall,2.9,No,Express,Venmo,Quarterly,Yes,Yes,51.142857142857146,Medium Loyalty,Mixed Behavior
1433,34,Male,Florida,33,32,Hat,Accessories,L,Black,Winter,4.4,No,Express,Debit Card,Quarterly,Yes,Yes,25.479591836734695,Low Loyalty,Discount-Only (Only Buy on Sale)
1434,70,Male,Minnesota,60,45,Hoodie,Clothing,L,Yellow,Winter,3.2,No,Next Day Air,Debit Card,Weekly,Yes,Yes,56.938775510204074,High Loyalty,Valuable but Promo-Driven
1435,59,Male,New York,64,21,Sweater,Clothing,L,Maroon,Summer,4.6,No,Free Shipping,Debit Card,Bi-Weekly,Yes,Yes,34.244897959183675,Medium Loyalty,Mixed Behavior
1436,45,Male,Oregon,95,41,Scarf,Accessories,XL,Black,Fall,4.0,No,Standard,Cash,Weekly,Yes,Yes,71.98979591836734,High Loyalty,Valuable but Promo-Driven
1437,35,Male,Minnesota,83,23,Sneakers,Footwear,M,Gray,Winter,3.7,No,Free Shipping,PayPal,Fortnightly,Yes,Yes,52.96938775510205,Medium Loyalty,Mixed Behavior
1438,69,Male,Montana,97,14,Boots,Footwear,XL,Orange,Winter,4.2,No,Free Shipping,Cash,Annually,Yes,Yes,49.4591836734694,Medium Loyalty,Mixed Behavior
1439,58,Male,Washington,38,24,Coat,Outerwear,M,Cyan,Spring,2.9,No,Standard,Debit Card,Monthly,Yes,Yes,29.081632653061227,Low Loyalty,Discount-Only (Only Buy on Sale)
1440,25,Male,New Mexico,48,25,Boots,Footwear,M,Magenta,Summer,4.8,No,Next Day Air,Cash,Fortnightly,Yes,Yes,36.69387755102041,Medium Loyalty,Mixed Behavior
1441,27,Male,Arizona,76,13,Sandals,Footwear,M,Pink,Spring,4.4,No,Standard,Venmo,Monthly,Yes,Yes,41.3469387755102,Medium Loyalty,Mixed Behavior
1442,34,Male,Nebraska,25,3,Pants,Clothing,S,Turquoise,Summer,3.4,No,Free Shipping,Venmo,Every 3 Months,Yes,Yes,3.724489795918368,Low Loyalty,Discount-Only (Only Buy on Sale)
1443,53,Male,Idaho,92,42,Hoodie,Clothing,S,Violet,Spring,2.8,No,2-Day Shipping,Credit Card,Annually,Yes,Yes,64.10204081632654,High Loyalty,Valuable but Promo-Driven
1444,58,Male,Idaho,47,2,Sandals,Footwear,L,Teal,Fall,4.2,No,Next Day Air,Cash,Monthly,Yes,Yes,20.112244897959183,Low Loyalty,Discount-Only (Only Buy on Sale)
1445,32,Male,Vermont,36,26,Sweater,Clothing,L,Pink,Fall,3.8,No,Express,Cash,Quarterly,Yes,Yes,23.30612244897959,Low Loyalty,Discount-Only (Only Buy on Sale)
1446,64,Male,Arkansas,51,24,Belt,Accessories,M,Gold,Fall,3.1,No,2-Day Shipping,Credit Card,Annually,Yes,Yes,32.581632653061234,Low Loyalty,Discount-Only (Only Buy on Sale)
1447,63,Male,Wyoming,35,6,Jeans,Clothing,XL,Red,Summer,3.2,No,Express,Credit Card,Quarterly,Yes,Yes,10.56122448979592,Low Loyalty,Discount-Only (Only Buy on Sale)
1448,23,Male,New Mexico,57,25,Hoodie,Clothing,S,Beige,Summer,3.0,No,Next Day Air,PayPal,Monthly,Yes,Yes,39.193877551020414,Medium Loyalty,Mixed Behavior
1449,64,Male,West Virginia,95,11,Boots,Footwear,M,Black,Summer,3.6,No,Free Shipping,Credit Card,Every 3 Months,Yes,Yes,43.62244897959184,Medium Loyalty,Mixed Behavior
1450,18,Male,New York,41,20,Socks,Clothing,L,Lavender,Winter,2.5,No,Store Pickup,Cash,Every 3 Months,Yes,Yes,22.13265306122449,Low Loyalty,Discount-Only (Only Buy on Sale)
1451,25,Male,Illinois,44,25,Dress,Clothing,S,Teal,Winter,3.4,No,Free Shipping,Cash,Quarterly,Yes,Yes,26.693877551020407,Low Loyalty,Discount-Only (Only Buy on Sale)
1452,54,Male,Utah,34,35,Jacket,Outerwear,M,Maroon,Fall,2.5,No,Next Day Air,PayPal,Quarterly,Yes,Yes,27.816326530612244,Low Loyalty,Discount-Only (Only Buy on Sale)
1453,60,Male,Colorado,25,11,Jacket,Outerwear,L,Blue,Spring,4.7,No,2-Day Shipping,Bank Transfer,Quarterly,Yes,Yes,8.622448979591836,Low Loyalty,Discount-Only (Only Buy on Sale)
1454,36,Male,Virginia,93,41,Boots,Footwear,S,Teal,Winter,3.2,No,2-Day Shipping,Bank Transfer,Fortnightly,Yes,Yes,68.98979591836736,High Loyalty,Valuable but Promo-Driven
1455,66,Male,Georgia,50,17,Sneakers,Footwear,L,Maroon,Winter,2.9,No,Free Shipping,Credit Card,Annually,Yes,Yes,27.79591836734694,Low Loyalty,Discount-Only (Only Buy on Sale)
1456,60,Male,Alabama,79,1,Pants,Clothing,L,Silver,Fall,4.9,No,Express,PayPal,Every 3 Months,Yes,Yes,29.500000000000004,Low Loyalty,Discount-Only (Only Buy on Sale)
1457,59,Male,Montana,100,30,Coat,Outerwear,S,Olive,Spring,2.7,No,Store Pickup,PayPal,Every 3 Months,Yes,Yes,57.75510204081633,High Loyalty,Valuable but Promo-Driven
1458,58,Male,Pennsylvania,57,47,Shirt,Clothing,S,Gray,Spring,4.7,No,Express,Venmo,Fortnightly,Yes,Yes,54.66326530612244,High Loyalty,Valuable but Promo-Driven
1459,35,Male,Missouri,28,34,Sweater,Clothing,M,Peach,Spring,2.9,No,2-Day Shipping,Venmo,Weekly,Yes,Yes,34.20408163265306,Medium Loyalty,Mixed Behavior
1460,20,Male,Maine,35,18,Shoes,Footwear,L,Yellow,Winter,4.8,No,Express,Venmo,Fortnightly,Yes,Yes,25.908163265306122,Low Loyalty,Discount-Only (Only Buy on Sale)
1461,70,Male,Pennsylvania,85,33,Boots,Footwear,L,Violet,Fall,4.6,No,Standard,Venmo,Bi-Weekly,Yes,Yes,52.09183673469388,Medium Loyalty,Mixed Behavior
1462,54,Male,Oregon,95,42,Sunglasses,Accessories,S,Red,Summer,5.0,No,2-Day Shipping,Venmo,Quarterly,Yes,Yes,62.60204081632652,High Loyalty,Valuable but Promo-Driven
1463,38,Male,Utah,90,2,Sneakers,Footwear,S,Charcoal,Summer,4.8,No,2-Day Shipping,Venmo,Quarterly,Yes,Yes,35.61224489795919,Medium Loyalty,Mixed Behavior
1464,54,Male,Oklahoma,49,1,Jewelry,Accessories,M,Beige,Summer,4.9,No,Store Pickup,Bank Transfer,Monthly,Yes,Yes,20.5,Low Loyalty,Discount-Only (Only Buy on Sale)
1465,33,Male,Montana,92,23,Belt,Accessories,M,Peach,Winter,4.6,No,2-Day Shipping,Bank Transfer,Quarterly,Yes,Yes,49.46938775510205,Medium Loyalty,Mixed Behavior
1466,46,Male,Nebraska,72,42,Gloves,Accessories,XL,Violet,Winter,3.9,No,Store Pickup,Cash,Bi-Weekly,Yes,Yes,51.10204081632652,Medium Loyalty,Mixed Behavior
1467,58,Male,Alabama,71,3,Shorts,Clothing,M,Green,Summer,4.5,No,Store Pickup,PayPal,Annually,Yes,Yes,29.724489795918373,Low Loyalty,Discount-Only (Only Buy on Sale)
1468,30,Male,Ohio,27,16,Jewelry,Accessories,XL,Olive,Winter,4.7,No,Store Pickup,Debit Card,Fortnightly,Yes,Yes,20.683673469387756,Low Loyalty,Discount-Only (Only Buy on Sale)
1469,42,Male,Arkansas,39,46,Gloves,Accessories,S,Silver,Fall,3.9,No,Express,Cash,Fortnightly,Yes,Yes,45.05102040816327,Medium Loyalty,Mixed Behavior
1470,28,Male,Mississippi,98,31,Jewelry,Accessories,M,Purple,Winter,4.4,No,Standard,PayPal,Every 3 Months,Yes,Yes,57.36734693877551,High Loyalty,Valuable but Promo-Driven
1471,43,Male,California,27,15,Sandals,Footwear,M,Silver,Spring,3.9,No,Next Day Air,Cash,Every 3 Months,Yes,Yes,12.07142857142857,Low Loyalty,Discount-Only (Only Buy on Sale)
1472,31,Male,Alaska,71,48,Jewelry,Accessories,S,Gray,Spring,2.8,No,2-Day Shipping,Venmo,Every 3 Months,Yes,Yes,54.275510204081634,High Loyalty,Valuable but Promo-Driven
1473,39,Male,Indiana,24,11,Hat,Accessories,L,Turquoise,Spring,3.5,No,Store Pickup,Cash,Weekly,Yes,Yes,18.122448979591837,Low Loyalty,Discount-Only (Only Buy on Sale)
1474,69,Male,Wisconsin,63,20,Shorts,Clothing,M,Violet,Fall,4.3,No,Express,Credit Card,Every 3 Months,Yes,Yes,33.132653061224495,Low Loyalty,Discount-Only (Only Buy on Sale)
1475,31,Male,New Jersey,72,6,Sweater,Clothing,S,Pink,Fall,3.9,No,Next Day Air,Credit Card,Monthly,Yes,Yes,35.06122448979592,Medium Loyalty,Mixed Behavior
1476,44,Male,Rhode Island,61,24,Blouse,Clothing,M,Teal,Spring,4.0,No,Express,Cash,Monthly,Yes,Yes,40.58163265306123,Medium Loyalty,Mixed Behavior
1477,39,Male,Wyoming,56,18,Hat,Accessories,M,Magenta,Fall,4.1,No,Next Day Air,Credit Card,Monthly,Yes,Yes,34.40816326530612,Medium Loyalty,Mixed Behavior
1478,24,Male,Oregon,32,1,Belt,Accessories,XL,Silver,Summer,4.3,No,Standard,PayPal,Every 3 Months,Yes,Yes,6.000000000000001,Low Loyalty,Discount-Only (Only Buy on Sale)
1479,28,Male,Washington,23,13,Gloves,Accessories,M,Blue,Summer,4.2,No,Free Shipping,Venmo,Bi-Weekly,Yes,Yes,8.846938775510205,Low Loyalty,Discount-Only (Only Buy on Sale)
1480,48,Male,Washington,100,2,Coat,Outerwear,L,Black,Spring,4.0,No,Standard,Bank Transfer,Weekly,Yes,Yes,50.612244897959194,Medium Loyalty,Mixed Behavior
1481,39,Male,New Hampshire,74,26,Jewelry,Accessories,M,Gold,Fall,3.6,No,Express,Cash,Quarterly,Yes,Yes,42.306122448979586,Medium Loyalty,Mixed Behavior
1482,64,Male,Maryland,33,31,Skirt,Clothing,S,Gray,Spring,3.3,No,Standard,PayPal,Quarterly,Yes,Yes,24.86734693877551,Low Loyalty,Discount-Only (Only Buy on Sale)
1483,28,Male,Wisconsin,67,43,Gloves,Accessories,S,Magenta,Spring,4.1,No,2-Day Shipping,Bank Transfer,Weekly,Yes,Yes,59.21428571428571,High Loyalty,Valuable but Promo-Driven
1484,39,Male,Massachusetts,61,12,Jewelry,Accessories,S,Yellow,Summer,4.7,No,Next Day Air,Debit Card,Bi-Weekly,Yes,Yes,27.234693877551024,Low Loyalty,Discount-Only (Only Buy on Sale)
1485,49,Male,Nebraska,46,22,Shorts,Clothing,M,Teal,Summer,4.4,No,Store Pickup,Venmo,Every 3 Months,Yes,Yes,25.857142857142858,Low Loyalty,Discount-Only (Only Buy on Sale)
1486,22,Male,Nebraska,56,3,Gloves,Accessories,L,Red,Spring,3.4,No,Standard,Cash,Fortnightly,Yes,Yes,27.224489795918373,Low Loyalty,Discount-Only (Only Buy on Sale)
1487,25,Male,Idaho,73,23,Sneakers,Footwear,S,Yellow,Spring,5.0,No,Free Shipping,Venmo,Every 3 Months,Yes,Yes,39.96938775510205,Medium Loyalty,Mixed Behavior
1488,40,Male,Arizona,44,26,Skirt,Clothing,L,Black,Summer,4.6,No,Store Pickup,PayPal,Annually,Yes,Yes,30.30612244897959,Low Loyalty,Discount-Only (Only Buy on Sale)
1489,23,Male,Hawaii,44,37,Hat,Accessories,L,Pink,Winter,4.0,No,Standard,Credit Card,Weekly,Yes,Yes,44.04081632653061,Medium Loyalty,Mixed Behavior
1490,24,Male,Missouri,26,42,Jewelry,Accessories,XL,Magenta,Summer,4.1,No,Next Day Air,Venmo,Quarterly,Yes,Yes,28.10204081632653,Low Loyalty,Discount-Only (Only Buy on Sale)
1491,66,Male,Louisiana,52,15,Sneakers,Footwear,L,Olive,Spring,4.9,No,Express,Venmo,Bi-Weekly,Yes,Yes,24.571428571428573,Low Loyalty,Discount-Only (Only Buy on Sale)
1492,27,Male,Arkansas,54,10,Shirt,Clothing,S,Black,Summer,2.7,No,Free Shipping,Bank Transfer,Quarterly,Yes,Yes,22.510204081632658,Low Loyalty,Discount-Only (Only Buy on Sale)
1493,62,Male,North Carolina,38,3,Jacket,Outerwear,M,Maroon,Summer,4.5,No,Free Shipping,Venmo,Quarterly,Yes,Yes,10.224489795918371,Low Loyalty,Discount-Only (Only Buy on Sale)
1494,70,Male,North Dakota,44,44,Belt,Accessories,S,Gold,Fall,2.7,No,Standard,Credit Card,Quarterly,Yes,Yes,38.326530612244895,Medium Loyalty,Mixed Behavior
1495,43,Male,Montana,76,23,T-shirt,Clothing,M,Gray,Spring,3.0,No,Next Day Air,Bank Transfer,Fortnightly,Yes,Yes,49.46938775510204,Medium Loyalty,Mixed Behavior
1496,45,Male,Rhode Island,23,6,Jewelry,Accessories,M,Brown,Winter,4.5,No,Next Day Air,PayPal,Weekly,Yes,Yes,14.56122448979592,Low Loyalty,Discount-Only (Only Buy on Sale)
1497,63,Male,Idaho,98,9,T-shirt,Clothing,M,Purple,Winter,5.0,No,Standard,Venmo,Bi-Weekly,Yes,Yes,43.89795918367347,Medium Loyalty,Mixed Behavior
1498,69,Male,Michigan,33,16,Jacket,Outerwear,S,Magenta,Spring,3.8,No,2-Day Shipping,Debit Card,Every 3 Months,Yes,Yes,15.683673469387754,Low Loyalty,Discount-Only (Only Buy on Sale)
1499,59,Male,Illinois,32,46,Sweater,Clothing,M,Teal,Summer,3.1,No,Standard,Venmo,Fortnightly,Yes,Yes,41.55102040816326,Medium Loyalty,Mixed Behavior
1500,19,Male,Georgia,85,24,Boots,Footwear,S,Olive,Fall,3.4,No,Free Shipping,Credit Card,Every 3 Months,Yes,Yes,46.58163265306122,Medium Loyalty,Mixed Behavior
1501,63,Male,Alabama,69,22,Jeans,Clothing,L,Maroon,Summer,4.8,No,Next Day Air,Debit Card,Monthly,Yes,Yes,43.357142857142854,Medium Loyalty,Mixed Behavior
1502,37,Male,Alaska,55,13,Jeans,Clothing,XL,Silver,Spring,2.7,No,Standard,Debit Card,Every 3 Months,Yes,Yes,24.846938775510203,Low Loyalty,Discount-Only (Only Buy on Sale)
1503,37,Male,Massachusetts,66,20,Pants,Clothing,M,Black,Summer,3.2,No,Store Pickup,Cash,Fortnightly,Yes,Yes,42.632653061224495,Medium Loyalty,Mixed Behavior
1504,50,Male,Michigan,30,46,Jacket,Outerwear,M,Maroon,Fall,3.9,No,2-Day Shipping,Cash,Quarterly,Yes,Yes,32.55102040816326,Low Loyalty,Discount-Only (Only Buy on Sale)
1505,60,Male,Alaska,80,10,Jacket,Outerwear,M,Teal,Winter,4.2,No,Next Day Air,Bank Transfer,Monthly,Yes,Yes,41.51020408163266,Medium Loyalty,Mixed Behavior
1506,46,Male,North Dakota,20,39,Belt,Accessories,M,Teal,Summer,3.0,No,Express,Cash,Monthly,Yes,Yes,29.265306122448976,Low Loyalty,Discount-Only (Only Buy on Sale)
1507,35,Male,South Carolina,30,44,Shirt,Clothing,L,Beige,Fall,3.0,No,2-Day Shipping,PayPal,Quarterly,Yes,Yes,31.32653061224489,Low Loyalty,Discount-Only (Only Buy on Sale)
1508,66,Male,Pennsylvania,86,7,Dress,Clothing,S,Maroon,Winter,3.7,No,2-Day Shipping,Venmo,Annually,Yes,Yes,39.6734693877551,Medium Loyalty,Mixed Behavior
1509,35,Male,Colorado,84,3,Blouse,Clothing,L,Beige,Spring,4.4,No,Store Pickup,Cash,Every 3 Months,Yes,Yes,33.22448979591837,Low Loyalty,Discount-Only (Only Buy on Sale)
1510,20,Male,New Hampshire,54,44,Dress,Clothing,XL,White,Summer,4.6,No,Free Shipping,Debit Card,Annually,Yes,Yes,46.326530612244895,Medium Loyalty,Mixed Behavior
1511,55,Male,Maryland,30,31,Blouse,Clothing,XL,Gray,Fall,3.0,No,Free Shipping,Venmo,Annually,Yes,Yes,26.367346938775505,Low Loyalty,Discount-Only (Only Buy on Sale)
1512,34,Male,Georgia,91,48,Dress,Clothing,M,Violet,Winter,3.6,No,Express,Credit Card,Weekly,Yes,Yes,74.27551020408161,High Loyalty,Valuable but Promo-Driven
1513,60,Male,Wisconsin,23,18,Sneakers,Footwear,L,Silver,Winter,3.9,No,Standard,PayPal,Bi-Weekly,Yes,Yes,11.908163265306122,Low Loyalty,Discount-Only (Only Buy on Sale)
1514,22,Male,Texas,35,27,Socks,Clothing,M,Red,Spring,4.1,No,Free Shipping,Cash,Monthly,Yes,Yes,29.418367346938773,Low Loyalty,Discount-Only (Only Buy on Sale)
1515,26,Male,Utah,90,1,Shoes,Footwear,L,Brown,Winter,3.9,No,2-Day Shipping,Venmo,Weekly,Yes,Yes,45.00000000000001,Medium Loyalty,Mixed Behavior
1516,39,Male,Indiana,93,34,Jeans,Clothing,S,Turquoise,Fall,3.9,No,2-Day Shipping,Cash,Weekly,Yes,Yes,66.70408163265306,High Loyalty,Valuable but Promo-Driven
1517,20,Male,Nevada,68,5,Jeans,Clothing,L,Indigo,Winter,4.5,No,Express,Bank Transfer,Bi-Weekly,Yes,Yes,26.44897959183674,Low Loyalty,Discount-Only (Only Buy on Sale)
1518,57,Male,New Hampshire,41,12,Gloves,Accessories,M,Violet,Spring,3.4,No,Standard,Cash,Quarterly,Yes,Yes,17.234693877551024,Low Loyalty,Discount-Only (Only Buy on Sale)
1519,68,Male,New York,73,14,Belt,Accessories,M,Yellow,Winter,4.1,No,Next Day Air,Venmo,Fortnightly,Yes,Yes,42.4591836734694,Medium Loyalty,Mixed Behavior
1520,50,Male,Texas,73,40,Sunglasses,Accessories,L,Cyan,Fall,4.9,No,Next Day Air,PayPal,Weekly,Yes,Yes,60.37755102040816,High Loyalty,Valuable but Promo-Driven
1521,21,Male,Iowa,66,39,Hat,Accessories,M,Brown,Summer,4.4,No,2-Day Shipping,Cash,Quarterly,Yes,Yes,46.265306122448976,Medium Loyalty,Mixed Behavior
1522,29,Male,Washington,59,50,Backpack,Accessories,M,White,Summer,2.7,No,2-Day Shipping,Bank Transfer,Weekly,Yes,Yes,59.5,High Loyalty,Valuable but Promo-Driven
1523,38,Male,Tennessee,72,5,Shorts,Clothing,L,Yellow,Spring,4.8,No,Free Shipping,Debit Card,Monthly,Yes,Yes,34.44897959183674,Medium Loyalty,Mixed Behavior
1524,54,Male,Georgia,88,35,Socks,Clothing,M,White,Summer,3.3,No,2-Day Shipping,Debit Card,Annually,Yes,Yes,57.81632653061225,High Loyalty,Valuable but Promo-Driven
1525,22,Male,Massachusetts,76,6,Socks,Clothing,L,Pink,Summer,4.4,No,Free Shipping,Cash,Bi-Weekly,Yes,Yes,31.06122448979592,Low Loyalty,Discount-Only (Only Buy on Sale)
1526,29,Male,Oregon,31,22,Belt,Accessories,M,Indigo,Winter,4.6,No,2-Day Shipping,Cash,Fortnightly,Yes,Yes,26.357142857142858,Low Loyalty,Discount-Only (Only Buy on Sale)
1527,41,Male,Oklahoma,22,27,Jacket,Outerwear,L,White,Summer,3.1,No,Next Day Air,PayPal,Monthly,Yes,Yes,22.918367346938773,Low Loyalty,Discount-Only (Only Buy on Sale)
1528,26,Male,Wisconsin,75,33,Hat,Accessories,L,Red,Fall,4.5,No,2-Day Shipping,Debit Card,Fortnightly,Yes,Yes,55.091836734693885,High Loyalty,Valuable but Promo-Driven
1529,69,Male,Oregon,75,47,T-shirt,Clothing,S,Red,Spring,4.0,No,Store Pickup,Venmo,Bi-Weekly,Yes,Yes,55.66326530612245,High Loyalty,Valuable but Promo-Driven
1530,20,Male,Georgia,63,48,Backpack,Accessories,M,Lavender,Winter,3.1,No,Free Shipping,Credit Card,Bi-Weekly,Yes,Yes,50.27551020408163,Medium Loyalty,Mixed Behavior
1531,59,Male,New Mexico,21,22,Coat,Outerwear,M,Teal,Spring,3.9,No,Next Day Air,Bank Transfer,Quarterly,Yes,Yes,13.357142857142854,Low Loyalty,Discount-Only (Only Buy on Sale)
1532,63,Male,Mississippi,83,8,Backpack,Accessories,S,Violet,Spring,4.5,No,Next Day Air,PayPal,Bi-Weekly,Yes,Yes,35.78571428571429,Medium Loyalty,Mixed Behavior
1533,68,Male,Wisconsin,46,5,Jacket,Outerwear,S,Silver,Winter,4.4,No,Next Day Air,PayPal,Every 3 Months,Yes,Yes,15.448979591836737,Low Loyalty,Discount-Only (Only Buy on Sale)
1534,50,Male,New Hampshire,59,16,Shoes,Footwear,M,Gold,Summer,3.6,No,2-Day Shipping,Bank Transfer,Quarterly,Yes,Yes,28.683673469387756,Low Loyalty,Discount-Only (Only Buy on Sale)
1535,55,Male,Wyoming,66,26,Blouse,Clothing,M,Green,Summer,3.4,No,Free Shipping,Venmo,Fortnightly,Yes,Yes,46.3061224489796,Medium Loyalty,Mixed Behavior
1536,36,Male,West Virginia,74,8,Sandals,Footwear,S,Turquoise,Fall,4.0,No,2-Day Shipping,Venmo,Monthly,Yes,Yes,37.28571428571429,Medium Loyalty,Mixed Behavior
1537,18,Male,Michigan,82,17,Sunglasses,Accessories,M,Indigo,Summer,2.6,No,Store Pickup,Cash,Quarterly,Yes,Yes,40.79591836734694,Medium Loyalty,Mixed Behavior
1538,68,Male,Alaska,89,50,Shoes,Footwear,L,Black,Spring,3.2,No,Next Day Air,Venmo,Annually,Yes,Yes,67.5,High Loyalty,Valuable but Promo-Driven
1539,56,Male,Illinois,65,22,Dress,Clothing,L,Charcoal,Fall,3.2,No,Standard,Venmo,Bi-Weekly,Yes,Yes,35.357142857142854,Medium Loyalty,Mixed Behavior
1540,32,Male,Hawaii,55,19,Belt,Accessories,M,Turquoise,Spring,5.0,No,2-Day Shipping,Cash,Every 3 Months,Yes,Yes,28.52040816326531,Low Loyalty,Discount-Only (Only Buy on Sale)
1541,28,Male,Colorado,95,14,Shorts,Clothing,M,Red,Winter,2.9,No,Next Day Air,Bank Transfer,Monthly,Yes,Yes,51.459183673469376,Medium Loyalty,Mixed Behavior
1542,24,Male,Illinois,77,35,Handbag,Accessories,S,Indigo,Winter,2.9,No,Store Pickup,Cash,Bi-Weekly,Yes,Yes,49.316326530612244,Medium Loyalty,Mixed Behavior
1543,59,Male,Hawaii,44,43,Blouse,Clothing,M,Maroon,Winter,3.5,No,Next Day Air,PayPal,Weekly,Yes,Yes,47.71428571428571,Medium Loyalty,Mixed Behavior
1544,56,Male,Wisconsin,89,24,Jeans,Clothing,M,Indigo,Fall,4.0,No,Standard,Venmo,Annually,Yes,Yes,51.58163265306123,Medium Loyalty,Mixed Behavior
1545,30,Male,Arkansas,24,17,Jewelry,Accessories,M,Maroon,Spring,3.9,No,Standard,Debit Card,Bi-Weekly,Yes,Yes,11.79591836734694,Low Loyalty,Discount-Only (Only Buy on Sale)
1546,48,Male,Delaware,43,49,Belt,Accessories,M,Black,Winter,4.9,No,Store Pickup,Bank Transfer,Annually,Yes,Yes,43.88775510204081,Medium Loyalty,Mixed Behavior
1547,60,Male,Oregon,51,17,Sneakers,Footwear,XL,Purple,Summer,3.8,No,Express,Bank Transfer,Annually,Yes,Yes,28.29591836734694,Low Loyalty,Discount-Only (Only Buy on Sale)
1548,46,Male,South Carolina,46,40,Hat,Accessories,L,Teal,Summer,3.5,No,Standard,Cash,Quarterly,Yes,Yes,36.87755102040816,Medium Loyalty,Mixed Behavior
1549,69,Male,Maryland,32,43,Dress,Clothing,M,Silver,Summer,3.7,No,Store Pickup,Bank Transfer,Weekly,Yes,Yes,41.714285714285715,Medium Loyalty,Mixed Behavior
1550,19,Male,Kansas,55,19,Sneakers,Footwear,M,Black,Spring,2.9,No,2-Day Shipping,Debit Card,Every 3 Months,Yes,Yes,28.52040816326531,Low Loyalty,Discount-Only (Only Buy on Sale)
1551,66,Male,Arkansas,26,40,Sunglasses,Accessories,S,Black,Summer,2.8,No,Free Shipping,Bank Transfer,Quarterly,Yes,Yes,26.87755102040816,Low Loyalty,Discount-Only (Only Buy on Sale)
1552,64,Male,Minnesota,29,13,Handbag,Accessories,M,Olive,Summer,3.7,No,2-Day Shipping,Credit Card,Monthly,Yes,Yes,17.846938775510203,Low Loyalty,Discount-Only (Only Buy on Sale)
1553,54,Male,New Mexico,49,20,Blouse,Clothing,L,Purple,Spring,3.0,No,Express,Credit Card,Monthly,Yes,Yes,32.13265306122449,Low Loyalty,Discount-Only (Only Buy on Sale)
1554,27,Male,Delaware,45,21,Blouse,Clothing,M,Indigo,Spring,4.8,No,Free Shipping,Debit Card,Quarterly,Yes,Yes,24.74489795918367,Low Loyalty,Discount-Only (Only Buy on Sale)
1555,64,Male,Utah,48,18,Shorts,Clothing,S,Lavender,Winter,2.7,No,Standard,Cash,Bi-Weekly,Yes,Yes,24.408163265306126,Low Loyalty,Discount-Only (Only Buy on Sale)
1556,43,Male,Ohio,47,44,Shorts,Clothing,S,Cyan,Winter,4.5,No,Free Shipping,Cash,Quarterly,Yes,Yes,39.826530612244895,Medium Loyalty,Mixed Behavior
1557,43,Male,Alabama,57,26,Hoodie,Clothing,M,Gold,Fall,2.7,No,Standard,Credit Card,Quarterly,Yes,Yes,33.80612244897959,Medium Loyalty,Mixed Behavior
1558,27,Male,South Dakota,34,34,Backpack,Accessories,L,Magenta,Fall,3.5,No,Next Day Air,PayPal,Quarterly,Yes,Yes,27.20408163265306,Low Loyalty,Discount-Only (Only Buy on Sale)
1559,35,Male,New Mexico,75,24,Sunglasses,Accessories,XL,Teal,Fall,3.5,No,Express,Credit Card,Every 3 Months,Yes,Yes,41.58163265306123,Medium Loyalty,Mixed Behavior
1560,43,Male,Oregon,94,23,Scarf,Accessories,L,Beige,Fall,4.5,No,Store Pickup,PayPal,Fortnightly,Yes,Yes,58.46938775510204,High Loyalty,Valuable but Promo-Driven
1561,57,Male,Oregon,84,3,Hat,Accessories,M,Teal,Winter,3.8,No,Free Shipping,Debit Card,Weekly,Yes,Yes,43.22448979591837,Medium Loyalty,Mixed Behavior
1562,50,Male,Mississippi,38,2,Scarf,Accessories,M,Indigo,Summer,3.8,No,Standard,Bank Transfer,Quarterly,Yes,Yes,9.612244897959187,Low Loyalty,Discount-Only (Only Buy on Sale)
1563,37,Male,Alabama,75,23,Scarf,Accessories,M,Purple,Winter,3.2,No,Next Day Air,Venmo,Bi-Weekly,Yes,Yes,40.96938775510204,Medium Loyalty,Mixed Behavior
1564,68,Male,Kansas,44,8,Pants,Clothing,M,Teal,Fall,4.3,No,Next Day Air,Cash,Weekly,Yes,Yes,26.285714285714292,Low Loyalty,Discount-Only (Only Buy on Sale)
1565,22,Male,California,33,30,Backpack,Accessories,XL,Turquoise,Summer,4.5,No,Next Day Air,Debit Card,Every 3 Months,Yes,Yes,24.255102040816322,Low Loyalty,Discount-Only (Only Buy on Sale)
1566,58,Male,Idaho,93,48,Sunglasses,Accessories,L,Peach,Fall,4.2,No,Free Shipping,PayPal,Annually,Yes,Yes,68.27551020408164,High Loyalty,Valuable but Promo-Driven
1567,48,Male,Wyoming,99,21,Sneakers,Footwear,S,Green,Winter,3.0,No,Free Shipping,Cash,Bi-Weekly,Yes,Yes,51.744897959183675,Medium Loyalty,Mixed Behavior
1568,30,Male,Minnesota,33,9,Backpack,Accessories,M,Turquoise,Spring,4.1,No,Standard,Cash,Monthly,Yes,Yes,17.39795918367347,Low Loyalty,Discount-Only (Only Buy on Sale)
1569,51,Male,Washington,76,8,Sneakers,Footwear,L,Yellow,Spring,4.6,No,Store Pickup,Debit Card,Monthly,Yes,Yes,38.28571428571429,Medium Loyalty,Mixed Behavior
1570,20,Male,Hawaii,63,29,Skirt,Clothing,M,Orange,Summer,2.9,No,Standard,Debit Card,Weekly,Yes,Yes,48.642857142857146,Medium Loyalty,Mixed Behavior
1571,30,Male,Missouri,41,3,Pants,Clothing,L,Brown,Winter,4.8,No,Next Day Air,Bank Transfer,Every 3 Months,Yes,Yes,11.724489795918371,Low Loyalty,Discount-Only (Only Buy on Sale)
1572,28,Male,Colorado,88,11,Jewelry,Accessories,L,Silver,Winter,4.5,No,Next Day Air,Bank Transfer,Fortnightly,Yes,Yes,48.122448979591844,Medium Loyalty,Mixed Behavior
1573,37,Male,Washington,92,16,Skirt,Clothing,L,White,Summer,3.4,No,2-Day Shipping,Debit Card,Monthly,Yes,Yes,51.18367346938777,Medium Loyalty,Mixed Behavior
1574,36,Male,North Dakota,31,25,T-shirt,Clothing,L,Indigo,Summer,4.3,No,2-Day Shipping,Debit Card,Weekly,Yes,Yes,30.19387755102041,Low Loyalty,Discount-Only (Only Buy on Sale)
1575,18,Male,Minnesota,25,32,Skirt,Clothing,S,Magenta,Spring,4.2,No,Free Shipping,PayPal,Bi-Weekly,Yes,Yes,21.47959183673469,Low Loyalty,Discount-Only (Only Buy on Sale)
1576,52,Male,California,28,28,Shirt,Clothing,M,Turquoise,Spring,3.6,No,Next Day Air,Cash,Fortnightly,Yes,Yes,28.530612244897956,Low Loyalty,Discount-Only (Only Buy on Sale)
1577,56,Male,Michigan,75,36,Dress,Clothing,M,White,Spring,3.7,No,2-Day Shipping,PayPal,Monthly,Yes,Yes,54.92857142857142,High Loyalty,Valuable but Promo-Driven
1578,68,Male,Delaware,34,7,Boots,Footwear,S,Olive,Spring,4.0,No,Standard,Venmo,Fortnightly,Yes,Yes,18.673469387755105,Low Loyalty,Discount-Only (Only Buy on Sale)
1579,62,Male,California,97,2,Pants,Clothing,S,Maroon,Winter,4.9,No,2-Day Shipping,PayPal,Quarterly,Yes,Yes,39.112244897959194,Medium Loyalty,Mixed Behavior
1580,35,Male,Oklahoma,80,6,Jacket,Outerwear,M,Violet,Summer,3.1,No,Free Shipping,Bank Transfer,Monthly,Yes,Yes,39.06122448979592,Medium Loyalty,Mixed Behavior
1581,65,Male,North Dakota,71,30,Sneakers,Footwear,L,Cyan,Summer,3.7,No,Standard,Cash,Annually,Yes,Yes,46.25510204081633,Medium Loyalty,Mixed Behavior
1582,69,Male,Ohio,77,46,Jewelry,Accessories,L,Teal,Fall,4.2,No,Free Shipping,Cash,Quarterly,Yes,Yes,56.05102040816327,High Loyalty,Valuable but Promo-Driven
1583,28,Male,Hawaii,41,39,Belt,Accessories,L,Red,Spring,2.5,No,Next Day Air,Cash,Monthly,Yes,Yes,39.765306122448976,Medium Loyalty,Mixed Behavior
1584,37,Male,Maryland,92,8,Scarf,Accessories,XL,Yellow,Summer,4.3,No,Next Day Air,Venmo,Annually,Yes,Yes,43.28571428571429,Medium Loyalty,Mixed Behavior
1585,41,Male,Hawaii,95,46,Blouse,Clothing,S,Silver,Spring,3.1,No,Store Pickup,Credit Card,Quarterly,Yes,Yes,65.05102040816327,High Loyalty,Valuable but Promo-Driven
1586,37,Male,Alabama,25,40,Sweater,Clothing,M,Charcoal,Fall,3.0,No,Next Day Air,Debit Card,Fortnightly,Yes,Yes,34.37755102040816,Medium Loyalty,Mixed Behavior
1587,25,Male,Oklahoma,77,21,Boots,Footwear,M,Purple,Fall,4.0,No,Express,Bank Transfer,Weekly,Yes,Yes,50.744897959183675,Medium Loyalty,Mixed Behavior
1588,41,Male,Alabama,99,33,Socks,Clothing,M,Beige,Summer,3.5,No,Free Shipping,Credit Card,Fortnightly,Yes,Yes,67.09183673469387,High Loyalty,Valuable but Promo-Driven
1589,48,Male,Vermont,24,3,Belt,Accessories,L,Cyan,Winter,3.2,No,Next Day Air,Venmo,Monthly,Yes,Yes,9.22448979591837,Low Loyalty,Discount-Only (Only Buy on Sale)
1590,42,Male,Ohio,72,48,Sneakers,Footwear,M,Silver,Summer,2.7,No,Store Pickup,Cash,Weekly,Yes,Yes,64.77551020408163,High Loyalty,Valuable but Promo-Driven
1591,54,Male,Wisconsin,80,8,Jeans,Clothing,S,Pink,Winter,3.0,No,Free Shipping,PayPal,Annually,Yes,Yes,37.28571428571429,Medium Loyalty,Mixed Behavior
1592,18,Male,South Dakota,100,24,Skirt,Clothing,L,Gold,Winter,2.9,No,Next Day Air,PayPal,Annually,Yes,Yes,57.081632653061234,High Loyalty,Valuable but Promo-Driven
1593,56,Male,Iowa,83,10,Shoes,Footwear,M,Cyan,Summer,3.3,No,Free Shipping,Bank Transfer,Every 3 Months,Yes,Yes,37.01020408163266,Medium Loyalty,Mixed Behavior
1594,61,Male,Maryland,95,25,Dress,Clothing,M,Black,Spring,4.9,No,2-Day Shipping,Bank Transfer,Monthly,Yes,Yes,58.193877551020414,High Loyalty,Valuable but Promo-Driven
1595,40,Male,Colorado,41,3,Handbag,Accessories,XL,Charcoal,Summer,3.7,No,Store Pickup,Cash,Fortnightly,Yes,Yes,19.724489795918373,Low Loyalty,Discount-Only (Only Buy on Sale)
1596,34,Male,Wisconsin,35,45,Backpack,Accessories,S,Magenta,Spring,3.5,No,Standard,Debit Card,Fortnightly,Yes,Yes,42.43877551020408,Medium Loyalty,Mixed Behavior
1597,42,Male,Mississippi,30,15,Jewelry,Accessories,S,Pink,Fall,4.7,No,Store Pickup,Debit Card,Monthly,Yes,Yes,19.571428571428566,Low Loyalty,Discount-Only (Only Buy on Sale)
1598,43,Male,Mississippi,21,34,Hat,Accessories,XL,Maroon,Winter,2.6,No,Store Pickup,Bank Transfer,Quarterly,Yes,Yes,20.70408163265306,Low Loyalty,Discount-Only (Only Buy on Sale)
1599,47,Male,California,85,21,Jewelry,Accessories,M,Teal,Fall,4.1,No,Express,Venmo,Bi-Weekly,Yes,Yes,44.744897959183675,Medium Loyalty,Mixed Behavior
1600,48,Male,Delaware,54,22,Shirt,Clothing,M,Orange,Winter,2.8,No,2-Day Shipping,Debit Card,Bi-Weekly,Yes,Yes,29.85714285714286,Low Loyalty,Discount-Only (Only Buy on Sale)
1601,20,Male,Montana,26,24,Boots,Footwear,S,Yellow,Spring,4.7,No,Next Day Air,PayPal,Weekly,Yes,Yes,27.081632653061227,Low Loyalty,Discount-Only (Only Buy on Sale)
1602,65,Male,Indiana,59,33,Shirt,Clothing,XL,Red,Spring,2.9,No,Store Pickup,Credit Card,Monthly,Yes,Yes,45.09183673469388,Medium Loyalty,Mixed Behavior
1603,54,Male,West Virginia,48,13,Sunglasses,Accessories,S,Charcoal,Winter,2.8,No,Free Shipping,Venmo,Fortnightly,Yes,Yes,29.34693877551021,Low Loyalty,Discount-Only (Only Buy on Sale)
1604,23,Male,Iowa,98,17,Shorts,Clothing,L,Black,Summer,4.3,No,Next Day Air,Debit Card,Bi-Weekly,Yes,Yes,48.79591836734695,Medium Loyalty,Mixed Behavior
1605,18,Male,Maine,92,25,Sweater,Clothing,M,White,Summer,4.8,No,2-Day Shipping,Credit Card,Every 3 Months,Yes,Yes,50.693877551020414,Medium Loyalty,Mixed Behavior
1606,70,Male,Connecticut,46,15,Belt,Accessories,M,Lavender,Winter,3.4,No,Next Day Air,Credit Card,Bi-Weekly,Yes,Yes,21.571428571428573,Low Loyalty,Discount-Only (Only Buy on Sale)
1607,55,Male,Kansas,21,4,T-shirt,Clothing,S,White,Spring,4.3,No,Standard,PayPal,Fortnightly,Yes,Yes,10.336734693877553,Low Loyalty,Discount-Only (Only Buy on Sale)
1608,49,Male,Vermont,72,43,Shorts,Clothing,S,Gray,Fall,2.7,No,Free Shipping,Debit Card,Quarterly,Yes,Yes,51.714285714285715,Medium Loyalty,Mixed Behavior
1609,26,Male,Nebraska,58,12,Sandals,Footwear,XL,Cyan,Fall,4.6,No,Next Day Air,Bank Transfer,Bi-Weekly,Yes,Yes,25.73469387755103,Low Loyalty,Discount-Only (Only Buy on Sale)
1610,33,Male,Nevada,93,3,Shirt,Clothing,S,Brown,Fall,4.1,No,Standard,Venmo,Monthly,Yes,Yes,43.72448979591837,Medium Loyalty,Mixed Behavior
1611,20,Male,Tennessee,31,1,Socks,Clothing,L,Purple,Spring,3.4,No,2-Day Shipping,PayPal,Annually,Yes,Yes,8.5,Low Loyalty,Discount-Only (Only Buy on Sale)
1612,41,Male,Arkansas,26,6,Pants,Clothing,L,Yellow,Winter,4.5,No,Next Day Air,Debit Card,Monthly,Yes,Yes,12.061224489795919,Low Loyalty,Discount-Only (Only Buy on Sale)
1613,18,Male,Wisconsin,68,26,Skirt,Clothing,M,Indigo,Summer,4.4,No,Standard,Venmo,Monthly,Yes,Yes,45.30612244897959,Medium Loyalty,Mixed Behavior
1614,26,Male,Illinois,31,6,Jewelry,Accessories,S,Black,Summer,4.0,No,Next Day Air,Credit Card,Fortnightly,Yes,Yes,16.56122448979592,Low Loyalty,Discount-Only (Only Buy on Sale)
1615,30,Male,Kansas,41,22,T-shirt,Clothing,S,Gray,Summer,3.4,No,Free Shipping,Cash,Bi-Weekly,Yes,Yes,23.357142857142858,Low Loyalty,Discount-Only (Only Buy on Sale)
1616,64,Male,New York,62,45,Jewelry,Accessories,M,Indigo,Fall,3.2,No,Standard,Cash,Bi-Weekly,Yes,Yes,47.93877551020408,Medium Loyalty,Mixed Behavior
1617,26,Male,Colorado,41,50,Hat,Accessories,M,Green,Spring,3.4,No,Standard,Cash,Quarterly,Yes,Yes,40.5,Medium Loyalty,Mixed Behavior
1618,43,Male,Wisconsin,64,50,Blouse,Clothing,M,Peach,Winter,4.3,No,Standard,Credit Card,Fortnightly,Yes,Yes,60.00000000000001,High Loyalty,Valuable but Promo-Driven
1619,63,Male,Michigan,72,39,Sandals,Footwear,L,Purple,Summer,5.0,No,Standard,Debit Card,Quarterly,Yes,Yes,49.265306122448976,Medium Loyalty,Mixed Behavior
1620,57,Male,Hawaii,78,50,Handbag,Accessories,L,Beige,Winter,3.5,No,Store Pickup,Venmo,Bi-Weekly,Yes,Yes,59.00000000000001,High Loyalty,Valuable but Promo-Driven
1621,25,Male,Virginia,47,27,Hat,Accessories,M,Charcoal,Winter,3.1,No,2-Day Shipping,PayPal,Every 3 Months,Yes,Yes,29.418367346938773,Low Loyalty,Discount-Only (Only Buy on Sale)
1622,68,Male,Ohio,46,38,Scarf,Accessories,L,Gray,Summer,3.9,No,2-Day Shipping,Debit Card,Fortnightly,Yes,Yes,43.6530612244898,Medium Loyalty,Mixed Behavior
1623,31,Male,Missouri,43,37,Shorts,Clothing,S,Brown,Winter,4.0,No,Store Pickup,Bank Transfer,Every 3 Months,Yes,Yes,33.54081632653061,Low Loyalty,Discount-Only (Only Buy on Sale)
1624,64,Male,Indiana,58,50,Backpack,Accessories,M,Cyan,Summer,3.5,No,Next Day Air,Debit Card,Annually,Yes,Yes,52.0,Medium Loyalty,Mixed Behavior
1625,38,Male,Florida,32,40,Sweater,Clothing,M,White,Winter,3.6,No,Free Shipping,PayPal,Every 3 Months,Yes,Yes,29.87755102040816,Low Loyalty,Discount-Only (Only Buy on Sale)
1626,34,Male,Minnesota,45,3,Skirt,Clothing,L,Beige,Winter,3.0,No,Next Day Air,PayPal,Bi-Weekly,Yes,Yes,13.724489795918368,Low Loyalty,Discount-Only (Only Buy on Sale)
1627,32,Male,Nevada,35,45,Sneakers,Footwear,L,Orange,Summer,2.6,No,Next Day Air,Credit Card,Bi-Weekly,Yes,Yes,34.43877551020408,Medium Loyalty,Mixed Behavior
1628,69,Male,Maine,21,8,Sunglasses,Accessories,M,Olive,Winter,2.9,No,Next Day Air,Credit Card,Annually,Yes,Yes,7.785714285714285,Low Loyalty,Discount-Only (Only Buy on Sale)
1629,45,Male,Massachusetts,64,7,Dress,Clothing,S,Teal,Winter,3.1,No,Next Day Air,Cash,Monthly,Yes,Yes,31.673469387755105,Low Loyalty,Discount-Only (Only Buy on Sale)
1630,35,Male,North Dakota,88,13,Blouse,Clothing,S,Silver,Spring,3.3,No,Next Day Air,Venmo,Quarterly,Yes,Yes,41.34693877551021,Medium Loyalty,Mixed Behavior
1631,63,Male,New Jersey,48,29,Shoes,Footwear,M,Gold,Summer,2.9,No,Store Pickup,Venmo,Every 3 Months,Yes,Yes,31.142857142857146,Low Loyalty,Discount-Only (Only Buy on Sale)
1632,65,Male,Indiana,36,7,Sweater,Clothing,L,Violet,Summer,3.9,No,2-Day Shipping,Bank Transfer,Fortnightly,Yes,Yes,19.673469387755105,Low Loyalty,Discount-Only (Only Buy on Sale)
1633,35,Male,Oregon,28,50,Gloves,Accessories,S,White,Summer,4.7,No,2-Day Shipping,Debit Card,Every 3 Months,Yes,Yes,34.0,Medium Loyalty,Mixed Behavior
1634,54,Male,North Dakota,80,33,Socks,Clothing,M,Peach,Spring,4.4,No,2-Day Shipping,Debit Card,Bi-Weekly,Yes,Yes,49.591836734693885,Medium Loyalty,Mixed Behavior
1635,28,Male,South Carolina,23,30,Coat,Outerwear,S,Orange,Summer,3.6,No,Store Pickup,Cash,Every 3 Months,Yes,Yes,19.255102040816325,Low Loyalty,Discount-Only (Only Buy on Sale)
1636,68,Male,North Carolina,24,40,Sunglasses,Accessories,L,Violet,Summer,3.2,No,Standard,Cash,Annually,Yes,Yes,28.877551020408166,Low Loyalty,Discount-Only (Only Buy on Sale)
1637,58,Male,North Dakota,22,49,Boots,Footwear,L,Green,Fall,4.0,No,Free Shipping,Cash,Fortnightly,Yes,Yes,38.38775510204081,Medium Loyalty,Mixed Behavior
1638,35,Male,Massachusetts,21,32,Dress,Clothing,M,Peach,Spring,3.5,No,Next Day Air,Venmo,Fortnightly,Yes,Yes,27.479591836734695,Low Loyalty,Discount-Only (Only Buy on Sale)
1639,68,Male,Tennessee,51,18,Jacket,Outerwear,M,Black,Spring,4.6,No,Free Shipping,Venmo,Weekly,Yes,Yes,35.90816326530613,Medium Loyalty,Mixed Behavior
1640,41,Male,Missouri,65,50,Gloves,Accessories,L,Blue,Summer,3.3,No,Free Shipping,PayPal,Annually,Yes,Yes,55.50000000000001,High Loyalty,Valuable but Promo-Driven
1641,65,Male,Tennessee,51,13,Scarf,Accessories,S,Magenta,Spring,4.0,No,2-Day Shipping,PayPal,Weekly,Yes,Yes,32.8469387755102,Low Loyalty,Discount-Only (Only Buy on Sale)
1642,50,Male,Colorado,32,1,Hoodie,Clothing,L,Violet,Summer,3.4,No,Free Shipping,Bank Transfer,Every 3 Months,Yes,Yes,6.000000000000001,Low Loyalty,Discount-Only (Only Buy on Sale)
1643,18,Male,Mississippi,70,16,Coat,Outerwear,M,Beige,Spring,4.2,No,Store Pickup,PayPal,Fortnightly,Yes,Yes,42.183673469387756,Medium Loyalty,Mixed Behavior
1644,38,Male,Ohio,77,6,Scarf,Accessories,L,Pink,Summer,3.9,No,2-Day Shipping,PayPal,Monthly,Yes,Yes,37.56122448979592,Medium Loyalty,Mixed Behavior
1645,68,Male,North Carolina,90,21,Coat,Outerwear,S,Beige,Summer,3.9,No,Next Day Air,Debit Card,Monthly,Yes,Yes,53.24489795918368,Medium Loyalty,Mixed Behavior
1646,53,Male,Ohio,36,36,Scarf,Accessories,L,Green,Summer,2.8,No,Standard,Venmo,Every 3 Months,Yes,Yes,29.428571428571427,Low Loyalty,Discount-Only (Only Buy on Sale)
1647,58,Male,Nebraska,77,20,Handbag,Accessories,S,Silver,Summer,3.7,No,Standard,Bank Transfer,Every 3 Months,Yes,Yes,40.13265306122449,Medium Loyalty,Mixed Behavior
1648,34,Male,Hawaii,78,8,Boots,Footwear,M,Purple,Summer,4.9,No,Store Pickup,Debit Card,Quarterly,Yes,Yes,33.28571428571429,Low Loyalty,Discount-Only (Only Buy on Sale)
1649,36,Male,Oklahoma,69,22,Pants,Clothing,M,Gray,Summer,2.6,No,Express,Credit Card,Monthly,Yes,Yes,43.357142857142854,Medium Loyalty,Mixed Behavior
1650,58,Male,Wisconsin,63,3,T-shirt,Clothing,M,White,Summer,4.9,No,Free Shipping,Credit Card,Quarterly,Yes,Yes,22.724489795918373,Low Loyalty,Discount-Only (Only Buy on Sale)
1651,60,Male,Arkansas,36,46,Scarf,Accessories,M,Silver,Winter,3.4,No,Next Day Air,Credit Card,Fortnightly,Yes,Yes,43.55102040816327,Medium Loyalty,Mixed Behavior
1652,59,Male,Texas,80,42,Coat,Outerwear,M,Blue,Winter,3.9,No,Standard,Debit Card,Monthly,Yes,Yes,61.10204081632653,High Loyalty,Valuable but Promo-Driven
1653,65,Male,New Mexico,35,1,Sweater,Clothing,M,Orange,Summer,4.0,No,Next Day Air,Bank Transfer,Fortnightly,Yes,Yes,15.500000000000004,Low Loyalty,Discount-Only (Only Buy on Sale)
1654,31,Male,Colorado,93,29,Belt,Accessories,L,Silver,Winter,3.0,No,2-Day Shipping,Debit Card,Bi-Weekly,Yes,Yes,53.642857142857146,High Loyalty,Valuable but Promo-Driven
1655,43,Male,Indiana,25,14,Belt,Accessories,L,Gray,Spring,2.6,No,Store Pickup,Credit Card,Quarterly,Yes,Yes,10.459183673469386,Low Loyalty,Discount-Only (Only Buy on Sale)
1656,37,Male,Arizona,81,4,Sweater,Clothing,L,Gold,Spring,3.2,No,Next Day Air,PayPal,Monthly,Yes,Yes,38.33673469387755,Medium Loyalty,Mixed Behavior
1657,21,Male,Indiana,42,41,Blouse,Clothing,L,Brown,Spring,2.6,No,2-Day Shipping,PayPal,Every 3 Months,Yes,Yes,35.48979591836734,Medium Loyalty,Mixed Behavior
1658,69,Male,Indiana,36,4,Skirt,Clothing,L,Turquoise,Spring,3.2,No,Store Pickup,Debit Card,Bi-Weekly,Yes,Yes,9.836734693877553,Low Loyalty,Discount-Only (Only Buy on Sale)
1659,32,Male,Alaska,66,47,Jewelry,Accessories,S,Pink,Spring,4.1,No,Store Pickup,Cash,Weekly,Yes,Yes,61.16326530612245,High Loyalty,Valuable but Promo-Driven
1660,53,Male,Utah,37,44,Gloves,Accessories,M,Black,Fall,3.9,No,Next Day Air,Venmo,Annually,Yes,Yes,37.82653061224489,Medium Loyalty,Mixed Behavior
1661,59,Male,Louisiana,45,37,T-shirt,Clothing,L,Yellow,Winter,4.1,No,Standard,Venmo,Monthly,Yes,Yes,40.54081632653061,Medium Loyalty,Mixed Behavior
1662,64,Male,Iowa,86,21,Gloves,Accessories,S,Beige,Summer,2.7,No,2-Day Shipping,Debit Card,Quarterly,Yes,Yes,45.244897959183675,Medium Loyalty,Mixed Behavior
1663,63,Male,New Mexico,24,46,Sunglasses,Accessories,M,Olive,Winter,4.6,No,Free Shipping,Debit Card,Fortnightly,Yes,Yes,37.55102040816327,Medium Loyalty,Mixed Behavior
1664,43,Male,Maine,22,1,Shirt,Clothing,XL,Gold,Summer,3.5,No,Standard,Cash,Bi-Weekly,Yes,Yes,1.0000000000000009,Low Loyalty,Discount-Only (Only Buy on Sale)
1665,19,Male,Minnesota,53,35,Handbag,Accessories,M,Purple,Spring,5.0,No,Next Day Air,PayPal,Weekly,Yes,Yes,47.316326530612244,Medium Loyalty,Mixed Behavior
1666,40,Male,New Mexico,41,49,Jacket,Outerwear,L,Pink,Fall,3.4,No,Next Day Air,Venmo,Monthly,Yes,Yes,45.88775510204081,Medium Loyalty,Mixed Behavior
1667,51,Male,Arkansas,64,47,Skirt,Clothing,M,Blue,Summer,3.1,No,Store Pickup,PayPal,Annually,Yes,Yes,53.163265306122454,Medium Loyalty,Mixed Behavior
1668,51,Male,Oklahoma,40,24,Handbag,Accessories,L,Brown,Winter,3.4,No,2-Day Shipping,Bank Transfer,Every 3 Months,Yes,Yes,24.081632653061224,Low Loyalty,Discount-Only (Only Buy on Sale)
1669,66,Male,Utah,33,28,Blouse,Clothing,L,Charcoal,Summer,4.0,No,Standard,Debit Card,Fortnightly,Yes,Yes,31.03061224489796,Low Loyalty,Discount-Only (Only Buy on Sale)
1670,42,Male,Wisconsin,59,22,T-shirt,Clothing,L,Maroon,Winter,2.7,No,Store Pickup,Bank Transfer,Quarterly,Yes,Yes,32.357142857142854,Low Loyalty,Discount-Only (Only Buy on Sale)
1671,22,Male,Utah,73,20,Pants,Clothing,L,Cyan,Fall,3.6,No,Free Shipping,Cash,Weekly,Yes,Yes,48.132653061224495,Medium Loyalty,Mixed Behavior
1672,31,Male,Utah,22,25,Hoodie,Clothing,M,Olive,Winter,4.0,No,Free Shipping,Bank Transfer,Weekly,Yes,Yes,25.693877551020407,Low Loyalty,Discount-Only (Only Buy on Sale)
1673,18,Male,South Carolina,73,15,Boots,Footwear,L,Gold,Fall,3.8,No,Free Shipping,Venmo,Quarterly,Yes,Yes,35.07142857142858,Medium Loyalty,Mixed Behavior
1674,21,Male,Hawaii,62,49,Blouse,Clothing,M,Violet,Fall,3.4,No,Next Day Air,Venmo,Bi-Weekly,Yes,Yes,50.38775510204081,Medium Loyalty,Mixed Behavior
1675,35,Male,Alaska,56,10,Coat,Outerwear,M,Peach,Winter,3.2,No,Free Shipping,Debit Card,Fortnightly,Yes,Yes,31.510204081632658,Low Loyalty,Discount-Only (Only Buy on Sale)
1676,35,Male,Colorado,90,21,Pants,Clothing,M,Beige,Spring,4.7,No,Next Day Air,Credit Card,Annually,Yes,Yes,50.244897959183675,Medium Loyalty,Mixed Behavior
1677,27,Male,West Virginia,44,34,Sunglasses,Accessories,M,Cyan,Winter,3.1,No,Next Day Air,Bank Transfer,Weekly,Yes,Yes,42.20408163265306,Medium Loyalty,Mixed Behavior
1678,65,Male,Oregon,35,41,Jeans,Clothing,L,Silver,Summer,3.3,No,Next Day Air,Debit Card,Weekly,No,No,41.98979591836734,Medium Loyalty,Mixed Behavior
1679,41,Male,Ohio,71,30,Pants,Clothing,S,Magenta,Summer,4.8,No,2-Day Shipping,Venmo,Fortnightly,No,No,51.25510204081634,Medium Loyalty,Mixed Behavior
1680,60,Male,Massachusetts,52,24,Dress,Clothing,S,Black,Fall,4.5,No,Next Day Air,Debit Card,Bi-Weekly,No,No,30.08163265306123,Low Loyalty,"At Risk (Low Value, No Discounts)"
1681,61,Male,Louisiana,37,6,Shoes,Footwear,M,Olive,Summer,3.4,No,Store Pickup,Credit Card,Annually,No,No,14.56122448979592,Low Loyalty,"At Risk (Low Value, No Discounts)"
1682,24,Male,Virginia,95,14,Sneakers,Footwear,L,Green,Winter,3.7,No,2-Day Shipping,Credit Card,Bi-Weekly,No,No,45.45918367346938,Medium Loyalty,Mixed Behavior
1683,65,Male,New York,97,37,Socks,Clothing,M,Yellow,Fall,4.9,No,2-Day Shipping,Credit Card,Bi-Weekly,No,No,60.54081632653061,High Loyalty,Genuinely Loyal (No Discounts Needed)
1684,23,Male,Arkansas,57,37,Coat,Outerwear,S,Lavender,Spring,3.5,No,Next Day Air,Venmo,Quarterly,No,No,40.54081632653062,Medium Loyalty,Mixed Behavior
1685,30,Male,New Mexico,93,28,Shirt,Clothing,M,Indigo,Spring,4.6,No,Standard,PayPal,Weekly,No,No,63.03061224489795,High Loyalty,Genuinely Loyal (No Discounts Needed)
1686,33,Male,Minnesota,48,43,Blouse,Clothing,M,Pink,Winter,4.6,No,Standard,PayPal,Bi-Weekly,No,No,39.714285714285715,Medium Loyalty,Mixed Behavior
1687,22,Male,Illinois,75,25,Gloves,Accessories,L,Red,Fall,4.2,No,Store Pickup,Cash,Annually,No,No,45.193877551020414,Medium Loyalty,Mixed Behavior
1688,67,Male,Georgia,70,4,Skirt,Clothing,S,Magenta,Winter,3.7,No,Free Shipping,PayPal,Annually,No,No,29.836734693877553,Low Loyalty,"At Risk (Low Value, No Discounts)"
1689,28,Male,Mississippi,26,13,Handbag,Accessories,S,Peach,Winter,3.0,No,Next Day Air,Venmo,Fortnightly,No,No,18.346938775510203,Low Loyalty,"At Risk (Low Value, No Discounts)"
1690,32,Male,North Carolina,73,32,Shirt,Clothing,L,Turquoise,Winter,4.6,No,Store Pickup,Bank Transfer,Monthly,No,No,51.4795918367347,Medium Loyalty,Mixed Behavior
1691,40,Male,Nevada,30,1,Coat,Outerwear,M,Black,Summer,3.2,No,Free Shipping,Cash,Annually,No,No,8.0,Low Loyalty,"At Risk (Low Value, No Discounts)"
1692,64,Male,Connecticut,61,4,Shoes,Footwear,L,Blue,Summer,3.5,No,Next Day Air,Cash,Annually,No,No,25.336734693877556,Low Loyalty,"At Risk (Low Value, No Discounts)"
1693,56,Male,Utah,75,33,Handbag,Accessories,M,Beige,Winter,2.6,No,Standard,Cash,Bi-Weekly,No,No,47.091836734693885,Medium Loyalty,Mixed Behavior
1694,63,Male,Tennessee,88,45,Jacket,Outerwear,XL,Olive,Fall,4.9,No,Standard,Bank Transfer,Fortnightly,No,No,68.93877551020408,High Loyalty,Genuinely Loyal (No Discounts Needed)
1695,20,Male,Mississippi,67,20,Shirt,Clothing,M,Turquoise,Summer,2.7,No,Express,Debit Card,Fortnightly,No,No,43.13265306122449,Medium Loyalty,Mixed Behavior
1696,54,Male,Nebraska,95,1,Hat,Accessories,S,Yellow,Fall,4.7,No,2-Day Shipping,PayPal,Fortnightly,No,No,45.5,Medium Loyalty,Mixed Behavior
1697,31,Male,West Virginia,69,7,Sunglasses,Accessories,S,Turquoise,Spring,4.0,No,Free Shipping,Credit Card,Bi-Weekly,No,No,28.1734693877551,Low Loyalty,"At Risk (Low Value, No Discounts)"
1698,36,Male,South Carolina,87,48,Shirt,Clothing,L,Lavender,Fall,3.5,No,Next Day Air,Credit Card,Every 3 Months,No,No,62.27551020408164,High Loyalty,Genuinely Loyal (No Discounts Needed)
1699,25,Male,Iowa,41,46,Belt,Accessories,XL,Turquoise,Winter,4.8,No,Standard,Bank Transfer,Quarterly,No,No,38.05102040816327,Medium Loyalty,Mixed Behavior
1700,20,Male,North Dakota,67,34,Sweater,Clothing,L,Teal,Spring,4.0,No,Free Shipping,Debit Card,Annually,No,No,46.70408163265306,Medium Loyalty,Mixed Behavior
1701,62,Male,West Virginia,70,36,Hoodie,Clothing,L,Black,Fall,4.1,No,Express,Bank Transfer,Monthly,No,No,52.42857142857142,Medium Loyalty,Mixed Behavior
1702,69,Male,Mississippi,41,44,Handbag,Accessories,XL,Blue,Winter,3.8,No,Next Day Air,Debit Card,Every 3 Months,No,No,36.826530612244895,Medium Loyalty,Mixed Behavior
1703,54,Male,Alabama,83,48,Jeans,Clothing,XL,Yellow,Summer,5.0,No,Express,Bank Transfer,Weekly,No,No,70.27551020408164,High Loyalty,Genuinely Loyal (No Discounts Needed)
1704,39,Male,California,22,12,Backpack,Accessories,M,Black,Spring,4.0,No,Next Day Air,Bank Transfer,Annually,No,No,10.734693877551022,Low Loyalty,"At Risk (Low Value, No Discounts)"
1705,56,Male,Idaho,20,19,Sneakers,Footwear,M,Lavender,Summer,3.9,No,Store Pickup,Cash,Every 3 Months,No,No,11.020408163265305,Low Loyalty,"At Risk (Low Value, No Discounts)"
1706,39,Male,South Dakota,29,49,Jewelry,Accessories,L,Cyan,Summer,3.4,No,2-Day Shipping,Venmo,Bi-Weekly,No,No,33.88775510204082,Medium Loyalty,Mixed Behavior
1707,37,Male,North Dakota,87,25,Sunglasses,Accessories,M,Brown,Spring,3.0,No,Standard,Venmo,Fortnightly,No,No,56.19387755102041,High Loyalty,Genuinely Loyal (No Discounts Needed)
1708,25,Male,Nevada,81,25,Shorts,Clothing,L,Maroon,Fall,4.9,No,2-Day Shipping,Cash,Bi-Weekly,No,No,45.19387755102041,Medium Loyalty,Mixed Behavior
1709,35,Male,Florida,58,1,Boots,Footwear,L,Cyan,Spring,3.2,No,Express,Credit Card,Quarterly,No,No,19.000000000000007,Low Loyalty,"At Risk (Low Value, No Discounts)"
1710,45,Male,Indiana,83,19,Skirt,Clothing,M,Pink,Winter,3.8,No,Standard,Bank Transfer,Annually,No,No,45.520408163265316,Medium Loyalty,Mixed Behavior
1711,19,Male,Arkansas,59,7,Pants,Clothing,XL,Orange,Fall,3.8,No,Store Pickup,Credit Card,Quarterly,No,No,23.173469387755105,Low Loyalty,"At Risk (Low Value, No Discounts)"
1712,21,Male,North Carolina,93,19,T-shirt,Clothing,M,Lavender,Spring,4.7,No,Express,Credit Card,Monthly,No,No,53.52040816326531,Medium Loyalty,Mixed Behavior
1713,65,Male,Illinois,87,9,T-shirt,Clothing,S,Beige,Fall,3.8,No,2-Day Shipping,Cash,Fortnightly,No,No,46.39795918367348,Medium Loyalty,Mixed Behavior
1714,49,Male,Missouri,22,37,Jacket,Outerwear,M,Pink,Winter,4.6,No,Free Shipping,PayPal,Quarterly,No,No,23.04081632653061,Low Loyalty,"At Risk (Low Value, No Discounts)"
1715,30,Male,South Dakota,71,15,Jeans,Clothing,S,Charcoal,Summer,4.4,No,Standard,Cash,Monthly,No,No,40.07142857142858,Medium Loyalty,Mixed Behavior
1716,23,Male,Idaho,69,30,Dress,Clothing,XL,Gray,Spring,3.4,No,2-Day Shipping,PayPal,Bi-Weekly,No,No,42.255102040816325,Medium Loyalty,Mixed Behavior
1717,69,Male,Connecticut,47,30,Blouse,Clothing,M,Cyan,Winter,4.7,No,Standard,Cash,Every 3 Months,No,No,31.255102040816325,Low Loyalty,"At Risk (Low Value, No Discounts)"
1718,29,Male,Hawaii,50,16,Hoodie,Clothing,L,Orange,Summer,2.9,No,Express,Debit Card,Bi-Weekly,No,No,24.183673469387756,Low Loyalty,"At Risk (Low Value, No Discounts)"
1719,54,Male,Maryland,96,14,T-shirt,Clothing,L,Pink,Winter,3.4,No,2-Day Shipping,PayPal,Every 3 Months,No,No,45.9591836734694,Medium Loyalty,Mixed Behavior
1720,45,Male,Maryland,39,8,Sweater,Clothing,M,White,Winter,3.2,No,Free Shipping,Venmo,Quarterly,No,No,13.785714285714286,Low Loyalty,"At Risk (Low Value, No Discounts)"
1721,25,Male,Massachusetts,84,40,Shorts,Clothing,S,Beige,Winter,2.8,No,Express,Debit Card,Bi-Weekly,No,No,55.87755102040817,High Loyalty,Genuinely Loyal (No Discounts Needed)
1722,34,Male,Delaware,28,24,Jewelry,Accessories,S,Magenta,Spring,4.3,No,Free Shipping,Credit Card,Monthly,No,No,24.081632653061224,Low Loyalty,"At Risk (Low Value, No Discounts)"
1723,46,Male,Massachusetts,51,14,T-shirt,Clothing,L,Violet,Summer,3.3,No,Standard,Cash,Fortnightly,No,No,31.459183673469393,Low Loyalty,"At Risk (Low Value, No Discounts)"
1724,70,Male,New York,20,39,Scarf,Accessories,XL,Gold,Spring,3.3,No,Standard,PayPal,Annually,No,No,26.265306122448973,Low Loyalty,"At Risk (Low Value, No Discounts)"
1725,42,Male,Delaware,72,21,Shoes,Footwear,S,Teal,Winter,3.3,No,Free Shipping,PayPal,Weekly,No,No,48.244897959183675,Medium Loyalty,Mixed Behavior
1726,45,Male,Massachusetts,33,32,Sunglasses,Accessories,M,Indigo,Spring,3.0,No,Next Day Air,Venmo,Quarterly,No,No,25.479591836734695,Low Loyalty,"At Risk (Low Value, No Discounts)"
1727,57,Male,Indiana,28,45,Coat,Outerwear,S,Olive,Summer,2.8,No,Express,Debit Card,Weekly,No,No,40.93877551020408,Medium Loyalty,Mixed Behavior
1728,49,Male,Virginia,53,19,Blouse,Clothing,S,Violet,Spring,4.0,No,Express,PayPal,Monthly,No,No,33.52040816326531,Low Loyalty,"At Risk (Low Value, No Discounts)"
1729,23,Male,Wyoming,48,1,Jeans,Clothing,L,Black,Fall,4.3,No,Express,Debit Card,Every 3 Months,No,No,14.000000000000004,Low Loyalty,"At Risk (Low Value, No Discounts)"
1730,47,Male,Illinois,21,12,Shorts,Clothing,M,Brown,Winter,3.8,No,Store Pickup,Venmo,Fortnightly,No,No,15.234693877551022,Low Loyalty,"At Risk (Low Value, No Discounts)"
1731,23,Male,Alabama,22,26,Shirt,Clothing,S,Silver,Fall,4.2,No,Free Shipping,Credit Card,Weekly,No,No,26.30612244897959,Low Loyalty,"At Risk (Low Value, No Discounts)"
1732,21,Male,Idaho,87,12,Backpack,Accessories,M,Gray,Fall,3.1,No,Next Day Air,Cash,Monthly,No,No,46.23469387755103,Medium Loyalty,Mixed Behavior
1733,45,Male,Rhode Island,50,36,Belt,Accessories,S,Charcoal,Winter,2.6,No,Free Shipping,Cash,Every 3 Months,No,No,36.42857142857142,Medium Loyalty,Mixed Behavior
1734,67,Male,New York,85,22,Blouse,Clothing,L,Black,Summer,3.4,No,Express,Credit Card,Annually,No,No,48.357142857142854,Medium Loyalty,Mixed Behavior
1735,31,Male,Missouri,98,16,Jeans,Clothing,L,Brown,Spring,3.1,No,Next Day Air,PayPal,Quarterly,No,No,48.18367346938776,Medium Loyalty,Mixed Behavior
1736,58,Male,Texas,34,31,Dress,Clothing,M,Purple,Winter,3.6,No,Express,Venmo,Annually,No,No,28.367346938775505,Low Loyalty,"At Risk (Low Value, No Discounts)"
1737,57,Male,Tennessee,61,43,Shorts,Clothing,M,Purple,Summer,2.6,No,2-Day Shipping,Cash,Quarterly,No,No,46.21428571428572,Medium Loyalty,Mixed Behavior
1738,42,Male,Ohio,98,50,Jewelry,Accessories,L,Gray,Summer,4.2,No,Store Pickup,Venmo,Bi-Weekly,No,No,69.0,High Loyalty,Genuinely Loyal (No Discounts Needed)
1739,60,Male,Tennessee,61,37,Handbag,Accessories,M,Green,Spring,2.9,No,2-Day Shipping,Credit Card,Weekly,No,No,52.54081632653062,Medium Loyalty,Mixed Behavior
1740,21,Male,Minnesota,98,23,Jewelry,Accessories,L,Silver,Winter,4.2,No,Express,Cash,Weekly,No,No,62.46938775510205,High Loyalty,Genuinely Loyal (No Discounts Needed)
1741,69,Male,Wisconsin,21,10,Pants,Clothing,L,Charcoal,Fall,3.3,No,Next Day Air,Bank Transfer,Every 3 Months,No,No,6.0102040816326525,Low Loyalty,"At Risk (Low Value, No Discounts)"
1742,41,Male,Delaware,51,20,Pants,Clothing,XL,Teal,Winter,3.6,No,Next Day Air,Bank Transfer,Monthly,No,No,33.13265306122449,Low Loyalty,"At Risk (Low Value, No Discounts)"
1743,51,Male,Kansas,80,18,Sandals,Footwear,XL,White,Spring,4.3,No,Express,Venmo,Every 3 Months,No,No,40.40816326530612,Medium Loyalty,Mixed Behavior
1744,23,Male,Missouri,72,3,Skirt,Clothing,XL,Brown,Winter,3.3,No,Standard,Bank Transfer,Weekly,No,No,37.22448979591837,Medium Loyalty,Mixed Behavior
1745,57,Male,Michigan,63,23,Sunglasses,Accessories,L,Teal,Winter,3.0,No,Standard,PayPal,Weekly,No,No,44.96938775510204,Medium Loyalty,Mixed Behavior
1746,40,Male,West Virginia,27,27,Skirt,Clothing,L,Red,Winter,3.6,No,Store Pickup,Cash,Weekly,No,No,29.418367346938773,Low Loyalty,"At Risk (Low Value, No Discounts)"
1747,65,Male,Alabama,44,44,Handbag,Accessories,L,Brown,Summer,3.1,No,Store Pickup,Bank Transfer,Fortnightly,No,No,46.326530612244895,Medium Loyalty,Mixed Behavior
1748,61,Male,New Hampshire,23,41,Coat,Outerwear,M,Yellow,Winter,2.9,No,Express,Venmo,Quarterly,No,No,25.989795918367342,Low Loyalty,"At Risk (Low Value, No Discounts)"
1749,34,Male,Montana,93,41,Skirt,Clothing,L,Teal,Winter,3.9,No,2-Day Shipping,Bank Transfer,Annually,No,No,63.989795918367356,High Loyalty,Genuinely Loyal (No Discounts Needed)
1750,43,Male,Wyoming,70,36,Hoodie,Clothing,L,Pink,Fall,3.2,No,2-Day Shipping,Debit Card,Every 3 Months,No,No,46.42857142857142,Medium Loyalty,Mixed Behavior
1751,31,Male,Missouri,85,38,Sunglasses,Accessories,M,White,Fall,3.1,No,Express,Venmo,Every 3 Months,No,No,55.1530612244898,High Loyalty,Genuinely Loyal (No Discounts Needed)
1752,57,Male,Ohio,40,34,Sweater,Clothing,M,Silver,Winter,3.2,No,2-Day Shipping,Cash,Annually,No,No,33.20408163265306,Low Loyalty,"At Risk (Low Value, No Discounts)"
1753,34,Male,South Dakota,29,14,Boots,Footwear,L,Blue,Winter,3.3,No,Store Pickup,Venmo,Quarterly,No,No,12.459183673469386,Low Loyalty,"At Risk (Low Value, No Discounts)"
1754,25,Male,Colorado,27,23,Skirt,Clothing,L,Black,Fall,4.8,No,Next Day Air,Credit Card,Fortnightly,No,No,24.96938775510204,Low Loyalty,"At Risk (Low Value, No Discounts)"
1755,66,Male,Massachusetts,93,18,Dress,Clothing,S,Beige,Fall,3.8,No,2-Day Shipping,Credit Card,Fortnightly,No,No,54.90816326530612,High Loyalty,Genuinely Loyal (No Discounts Needed)
1756,56,Male,Delaware,20,45,Belt,Accessories,XL,Charcoal,Spring,4.6,No,Next Day Air,Cash,Monthly,No,No,32.938775510204074,Low Loyalty,"At Risk (Low Value, No Discounts)"
1757,49,Male,New Hampshire,55,14,Jewelry,Accessories,S,Cyan,Fall,2.8,No,Free Shipping,Bank Transfer,Weekly,No,No,35.45918367346938,Medium Loyalty,Mixed Behavior
1758,19,Male,Michigan,94,48,Dress,Clothing,L,Yellow,Fall,3.6,No,Standard,Debit Card,Annually,No,No,68.77551020408164,High Loyalty,Genuinely Loyal (No Discounts Needed)
1759,27,Male,Pennsylvania,56,17,Hat,Accessories,M,Silver,Winter,4.3,No,Free Shipping,Venmo,Bi-Weekly,No,No,27.795918367346946,Low Loyalty,"At Risk (Low Value, No Discounts)"
1760,68,Male,Louisiana,58,1,Sweater,Clothing,L,Green,Spring,4.0,No,Next Day Air,PayPal,Weekly,No,No,29.000000000000004,Low Loyalty,"At Risk (Low Value, No Discounts)"
1761,20,Male,Minnesota,44,39,Skirt,Clothing,XL,Peach,Spring,3.5,No,Standard,PayPal,Weekly,No,No,45.265306122448976,Medium Loyalty,Mixed Behavior
1762,21,Male,Hawaii,95,24,Hoodie,Clothing,S,Green,Fall,4.9,No,2-Day Shipping,Cash,Weekly,No,No,61.58163265306123,High Loyalty,Genuinely Loyal (No Discounts Needed)
1763,36,Male,Idaho,42,41,Sandals,Footwear,M,Brown,Summer,3.1,No,Express,Bank Transfer,Fortnightly,No,No,43.48979591836735,Medium Loyalty,Mixed Behavior
1764,37,Male,Vermont,93,28,Jewelry,Accessories,M,Lavender,Winter,3.9,No,Store Pickup,PayPal,Annually,No,No,56.03061224489796,High Loyalty,Genuinely Loyal (No Discounts Needed)
1765,61,Male,Delaware,56,34,Dress,Clothing,M,Charcoal,Summer,3.0,No,Store Pickup,Venmo,Quarterly,No,No,38.204081632653065,Medium Loyalty,Mixed Behavior
1766,68,Male,New Mexico,88,41,Hoodie,Clothing,M,Orange,Spring,4.1,No,2-Day Shipping,Venmo,Quarterly,No,No,58.48979591836735,High Loyalty,Genuinely Loyal (No Discounts Needed)
1767,60,Male,Alaska,54,27,Sweater,Clothing,S,Cyan,Winter,4.3,No,2-Day Shipping,Cash,Bi-Weekly,No,No,32.91836734693877,Low Loyalty,"At Risk (Low Value, No Discounts)"
1768,69,Male,Minnesota,89,46,Jewelry,Accessories,L,Lavender,Fall,3.8,No,2-Day Shipping,Debit Card,Fortnightly,No,No,70.05102040816327,High Loyalty,Genuinely Loyal (No Discounts Needed)
1769,25,Male,Nebraska,45,2,Sandals,Footwear,M,Indigo,Summer,3.9,No,2-Day Shipping,PayPal,Every 3 Months,No,No,13.112244897959183,Low Loyalty,"At Risk (Low Value, No Discounts)"
1770,32,Male,Alaska,75,45,Socks,Clothing,L,Brown,Winter,4.3,No,Free Shipping,Cash,Monthly,No,No,60.43877551020409,High Loyalty,Genuinely Loyal (No Discounts Needed)
1771,53,Male,Michigan,22,34,Backpack,Accessories,M,Pink,Fall,4.3,No,Express,Bank Transfer,Weekly,No,No,31.204081632653057,Low Loyalty,"At Risk (Low Value, No Discounts)"
1772,46,Male,Indiana,82,9,Shirt,Clothing,XL,Turquoise,Fall,4.7,No,Store Pickup,Credit Card,Annually,No,No,38.89795918367347,Medium Loyalty,Mixed Behavior
1773,58,Male,Hawaii,34,1,Shoes,Footwear,M,Gold,Summer,3.1,No,2-Day Shipping,Bank Transfer,Annually,No,No,10.000000000000002,Low Loyalty,"At Risk (Low Value, No Discounts)"
1774,21,Male,West Virginia,92,17,Coat,Outerwear,M,Blue,Summer,2.7,No,Free Shipping,PayPal,Annually,No,No,48.79591836734695,Medium Loyalty,Mixed Behavior
1775,46,Male,New York,78,6,Sweater,Clothing,M,Lavender,Spring,3.7,No,Express,PayPal,Weekly,No,No,42.061224489795926,Medium Loyalty,Mixed Behavior
1776,18,Male,Iowa,47,12,Jacket,Outerwear,M,Violet,Spring,3.3,No,2-Day Shipping,Cash,Bi-Weekly,No,No,20.23469387755102,Low Loyalty,"At Risk (Low Value, No Discounts)"
1777,56,Male,Arizona,64,10,Jacket,Outerwear,L,Cyan,Summer,3.4,No,Free Shipping,Venmo,Every 3 Months,No,No,27.510204081632654,Low Loyalty,"At Risk (Low Value, No Discounts)"
1778,18,Male,Minnesota,44,4,Sneakers,Footwear,L,Purple,Winter,4.7,No,Free Shipping,Cash,Fortnightly,No,No,21.836734693877556,Low Loyalty,"At Risk (Low Value, No Discounts)"
1779,49,Male,Texas,94,8,Belt,Accessories,M,Red,Winter,4.9,No,Store Pickup,Debit Card,Bi-Weekly,No,No,41.28571428571429,Medium Loyalty,Mixed Behavior
1780,29,Male,Virginia,62,41,Scarf,Accessories,M,Charcoal,Winter,4.3,No,Free Shipping,Venmo,Weekly,No,No,55.48979591836735,High Loyalty,Genuinely Loyal (No Discounts Needed)
1781,67,Male,North Dakota,81,49,Jewelry,Accessories,S,Gray,Summer,4.2,No,Next Day Air,Credit Card,Weekly,No,No,69.8877551020408,High Loyalty,Genuinely Loyal (No Discounts Needed)
1782,31,Male,Iowa,33,49,T-shirt,Clothing,M,Pink,Fall,3.7,No,Express,Bank Transfer,Quarterly,No,No,35.88775510204081,Medium Loyalty,Mixed Behavior
1783,52,Male,Utah,88,40,Pants,Clothing,M,Lavender,Fall,2.7,No,Next Day Air,Bank Transfer,Fortnightly,No,No,65.87755102040818,High Loyalty,Genuinely Loyal (No Discounts Needed)
1784,42,Male,Ohio,49,30,Handbag,Accessories,L,Lavender,Winter,3.3,No,Free Shipping,Credit Card,Monthly,No,No,38.255102040816325,Medium Loyalty,Mixed Behavior
1785,32,Male,Louisiana,31,4,Backpack,Accessories,L,Yellow,Summer,4.8,No,Standard,Debit Card,Quarterly,No,No,7.336734693877552,Low Loyalty,"At Risk (Low Value, No Discounts)"
1786,47,Male,Iowa,29,22,Gloves,Accessories,S,Peach,Fall,4.1,No,Next Day Air,Venmo,Monthly,No,No,23.357142857142854,Low Loyalty,"At Risk (Low Value, No Discounts)"
1787,45,Male,Maryland,34,22,Jacket,Outerwear,M,Brown,Spring,4.6,No,2-Day Shipping,Venmo,Monthly,No,No,25.857142857142858,Low Loyalty,"At Risk (Low Value, No Discounts)"
1788,20,Male,Montana,38,10,Sweater,Clothing,L,Gold,Fall,4.9,No,2-Day Shipping,Bank Transfer,Quarterly,No,No,14.510204081632654,Low Loyalty,"At Risk (Low Value, No Discounts)"
1789,66,Male,Illinois,41,23,Blouse,Clothing,L,Pink,Summer,3.1,No,Store Pickup,Cash,Bi-Weekly,No,No,23.96938775510204,Low Loyalty,"At Risk (Low Value, No Discounts)"
1790,52,Male,Arizona,34,43,Blouse,Clothing,L,Peach,Spring,3.0,No,2-Day Shipping,Debit Card,Quarterly,No,No,32.714285714285715,Low Loyalty,"At Risk (Low Value, No Discounts)"
1791,50,Male,North Carolina,26,31,Gloves,Accessories,S,Violet,Summer,3.7,No,Store Pickup,PayPal,Bi-Weekly,No,No,21.367346938775505,Low Loyalty,"At Risk (Low Value, No Discounts)"
1792,62,Male,Montana,98,38,Jeans,Clothing,S,Purple,Winter,4.0,No,Store Pickup,Cash,Annually,No,No,64.6530612244898,High Loyalty,Genuinely Loyal (No Discounts Needed)
1793,38,Male,Iowa,59,22,Sneakers,Footwear,M,Peach,Fall,3.0,No,Express,Debit Card,Every 3 Months,No,No,32.357142857142854,Low Loyalty,"At Risk (Low Value, No Discounts)"
1794,65,Male,Iowa,92,45,Hat,Accessories,S,White,Fall,3.8,No,Store Pickup,Cash,Every 3 Months,No,No,62.93877551020408,High Loyalty,Genuinely Loyal (No Discounts Needed)
1795,60,Male,Ohio,40,21,Backpack,Accessories,L,Indigo,Spring,3.7,No,Express,Debit Card,Fortnightly,No,No,30.244897959183675,Low Loyalty,"At Risk (Low Value, No Discounts)"
1796,68,Male,Wisconsin,20,9,Jeans,Clothing,S,Violet,Fall,4.0,No,2-Day Shipping,Debit Card,Fortnightly,No,No,12.897959183673471,Low Loyalty,"At Risk (Low Value, No Discounts)"
1797,62,Male,South Carolina,35,34,Skirt,Clothing,S,Brown,Spring,3.1,No,Store Pickup,Venmo,Weekly,No,No,37.704081632653065,Medium Loyalty,Mixed Behavior
1798,62,Male,Oregon,35,26,Belt,Accessories,L,Maroon,Spring,3.9,No,2-Day Shipping,Venmo,Weekly,No,No,32.80612244897959,Low Loyalty,"At Risk (Low Value, No Discounts)"
1799,40,Male,North Dakota,82,1,Dress,Clothing,L,Magenta,Winter,3.7,No,Express,Cash,Weekly,No,No,41.0,Medium Loyalty,Mixed Behavior
1800,32,Male,California,48,47,Hoodie,Clothing,M,Charcoal,Fall,3.9,No,Express,Venmo,Weekly,No,No,52.163265306122454,Medium Loyalty,Mixed Behavior
1801,22,Male,Mississippi,58,30,Coat,Outerwear,XL,Indigo,Winter,2.7,No,Express,Credit Card,Weekly,No,No,46.75510204081633,Medium Loyalty,Mixed Behavior
1802,33,Male,New Jersey,57,48,Sweater,Clothing,M,Turquoise,Spring,3.9,No,Express,Debit Card,Fortnightly,No,No,55.275510204081634,High Loyalty,Genuinely Loyal (No Discounts Needed)
1803,57,Male,Rhode Island,96,31,Shorts,Clothing,L,Turquoise,Winter,2.6,No,Store Pickup,Venmo,Bi-Weekly,No,No,56.36734693877552,High Loyalty,Genuinely Loyal (No Discounts Needed)
1804,60,Male,New Hampshire,97,33,Sneakers,Footwear,S,Gray,Summer,3.5,No,Free Shipping,Venmo,Fortnightly,No,No,66.09183673469387,High Loyalty,Genuinely Loyal (No Discounts Needed)
1805,30,Male,Louisiana,42,39,Sweater,Clothing,L,Peach,Winter,4.4,No,Next Day Air,Credit Card,Weekly,No,No,44.265306122448976,Medium Loyalty,Mixed Behavior
1806,41,Male,Arizona,62,46,T-shirt,Clothing,L,Gold,Spring,4.9,No,Store Pickup,Debit Card,Weekly,No,No,58.55102040816327,High Loyalty,Genuinely Loyal (No Discounts Needed)
1807,58,Male,Rhode Island,67,24,Handbag,Accessories,M,Green,Fall,3.9,No,Standard,Venmo,Annually,No,No,40.58163265306123,Medium Loyalty,Mixed Behavior
1808,34,Male,Vermont,46,37,Sneakers,Footwear,L,Gold,Summer,3.5,No,Standard,Venmo,Fortnightly,No,No,43.04081632653061,Medium Loyalty,Mixed Behavior
1809,67,Male,Tennessee,71,7,Jacket,Outerwear,M,Lavender,Spring,4.3,No,Next Day Air,Debit Card,Monthly,No,No,35.173469387755105,Medium Loyalty,Mixed Behavior
1810,58,Male,Alaska,99,6,Backpack,Accessories,S,Blue,Fall,3.4,No,Free Shipping,Debit Card,Fortnightly,No,No,50.56122448979592,Medium Loyalty,Mixed Behavior
1811,41,Male,Maryland,28,16,Jeans,Clothing,M,Magenta,Fall,2.7,No,Standard,Cash,Bi-Weekly,No,No,13.183673469387754,Low Loyalty,"At Risk (Low Value, No Discounts)"
1812,42,Male,Wisconsin,77,33,Belt,Accessories,L,Blue,Summer,3.6,No,Standard,Bank Transfer,Annually,No,No,51.091836734693885,Medium Loyalty,Mixed Behavior
1813,50,Male,Nevada,63,18,Boots,Footwear,S,Blue,Summer,4.9,No,Express,PayPal,Bi-Weekly,No,No,31.90816326530613,Low Loyalty,"At Risk (Low Value, No Discounts)"
1814,40,Male,Illinois,62,24,Shorts,Clothing,M,Olive,Spring,3.5,No,Free Shipping,PayPal,Weekly,No,No,45.08163265306122,Medium Loyalty,Mixed Behavior
1815,32,Male,Montana,92,24,Jeans,Clothing,M,White,Summer,3.8,No,Free Shipping,Cash,Quarterly,No,No,50.081632653061234,Medium Loyalty,Mixed Behavior
1816,51,Male,New Mexico,72,48,Shoes,Footwear,L,White,Winter,4.5,No,2-Day Shipping,Credit Card,Every 3 Months,No,No,54.77551020408163,High Loyalty,Genuinely Loyal (No Discounts Needed)
1817,26,Male,Virginia,79,4,Hat,Accessories,M,Purple,Summer,4.0,No,Express,Cash,Weekly,No,No,41.33673469387755,Medium Loyalty,Mixed Behavior
1818,32,Male,Delaware,27,20,T-shirt,Clothing,M,White,Summer,4.7,No,Free Shipping,Cash,Weekly,No,No,25.132653061224485,Low Loyalty,"At Risk (Low Value, No Discounts)"
1819,58,Male,North Carolina,39,47,Sunglasses,Accessories,M,White,Fall,3.8,No,Express,Debit Card,Every 3 Months,No,No,37.663265306122454,Medium Loyalty,Mixed Behavior
1820,51,Male,Nevada,86,50,Socks,Clothing,S,Peach,Spring,4.5,No,Next Day Air,Cash,Quarterly,No,No,63.0,High Loyalty,Genuinely Loyal (No Discounts Needed)
1821,19,Male,Washington,94,31,Shirt,Clothing,XL,Gold,Fall,5.0,No,Express,PayPal,Monthly,No,No,61.367346938775505,High Loyalty,Genuinely Loyal (No Discounts Needed)
1822,57,Male,Maine,53,29,Shorts,Clothing,M,Teal,Spring,2.8,No,Express,PayPal,Quarterly,No,No,33.64285714285714,Low Loyalty,"At Risk (Low Value, No Discounts)"
1823,66,Male,Connecticut,85,4,Shirt,Clothing,S,Cyan,Summer,4.4,No,Standard,Cash,Annually,No,No,37.336734693877546,Medium Loyalty,Mixed Behavior
1824,62,Male,Louisiana,50,40,Socks,Clothing,L,Pink,Fall,4.7,No,Free Shipping,Bank Transfer,Bi-Weekly,No,No,38.87755102040816,Medium Loyalty,Mixed Behavior
1825,58,Male,Illinois,47,31,Pants,Clothing,XL,Magenta,Winter,3.8,No,Express,Cash,Monthly,No,No,37.86734693877551,Medium Loyalty,Mixed Behavior
1826,23,Male,South Dakota,75,41,Boots,Footwear,M,Pink,Winter,4.9,No,Next Day Air,Credit Card,Weekly,No,No,61.98979591836734,High Loyalty,Genuinely Loyal (No Discounts Needed)
1827,45,Male,Indiana,60,44,T-shirt,Clothing,M,Turquoise,Winter,4.2,No,Express,Debit Card,Annually,No,No,49.32653061224489,Medium Loyalty,Mixed Behavior
1828,20,Male,Vermont,36,31,T-shirt,Clothing,S,Pink,Spring,4.9,No,2-Day Shipping,Bank Transfer,Weekly,No,No,36.367346938775505,Medium Loyalty,Mixed Behavior
1829,33,Male,New Hampshire,80,45,Coat,Outerwear,L,Gray,Spring,3.9,No,Express,Cash,Every 3 Months,No,No,56.938775510204074,High Loyalty,Genuinely Loyal (No Discounts Needed)
1830,30,Male,Oregon,96,50,Hat,Accessories,M,White,Spring,4.9,No,2-Day Shipping,Credit Card,Quarterly,No,No,68.00000000000001,High Loyalty,Genuinely Loyal (No Discounts Needed)
1831,50,Male,Kansas,80,7,Sunglasses,Accessories,M,Blue,Winter,4.8,No,Express,Venmo,Annually,No,No,36.673469387755105,Medium Loyalty,Mixed Behavior
1832,62,Male,Maine,71,5,Blouse,Clothing,M,Cyan,Summer,3.3,No,Free Shipping,Bank Transfer,Every 3 Months,No,No,27.948979591836743,Low Loyalty,"At Risk (Low Value, No Discounts)"
1833,69,Male,Louisiana,29,48,Jewelry,Accessories,M,Blue,Fall,4.6,No,Free Shipping,Cash,Monthly,No,No,39.275510204081634,Medium Loyalty,Mixed Behavior
1834,34,Male,Louisiana,53,19,Jewelry,Accessories,M,Yellow,Spring,4.5,No,2-Day Shipping,PayPal,Fortnightly,No,No,35.52040816326531,Medium Loyalty,Mixed Behavior
1835,49,Male,Indiana,35,39,Skirt,Clothing,M,Charcoal,Summer,4.1,No,2-Day Shipping,Venmo,Fortnightly,No,No,38.765306122448976,Medium Loyalty,Mixed Behavior
1836,65,Male,Kentucky,75,45,Scarf,Accessories,M,Lavender,Fall,3.2,No,2-Day Shipping,Credit Card,Quarterly,No,No,54.43877551020408,High Loyalty,Genuinely Loyal (No Discounts Needed)
1837,66,Male,South Carolina,52,35,Pants,Clothing,M,Teal,Fall,4.2,No,2-Day Shipping,Credit Card,Monthly,No,No,42.816326530612244,Medium Loyalty,Mixed Behavior
1838,41,Male,Montana,77,8,Hat,Accessories,M,Beige,Winter,4.8,No,Free Shipping,Venmo,Monthly,No,No,38.78571428571429,Medium Loyalty,Mixed Behavior
1839,37,Male,Vermont,24,11,Gloves,Accessories,L,Blue,Fall,4.1,No,Next Day Air,Credit Card,Quarterly,No,No,8.122448979591837,Low Loyalty,"At Risk (Low Value, No Discounts)"
1840,32,Male,Mississippi,78,32,Shirt,Clothing,XL,Purple,Winter,3.7,No,Store Pickup,Cash,Annually,No,No,50.97959183673469,Medium Loyalty,Mixed Behavior
1841,42,Male,Wyoming,98,46,Sandals,Footwear,M,Gold,Winter,2.6,No,Store Pickup,Bank Transfer,Every 3 Months,No,No,66.55102040816328,High Loyalty,Genuinely Loyal (No Discounts Needed)
1842,31,Male,Vermont,57,7,Socks,Clothing,L,Blue,Winter,3.0,No,Standard,PayPal,Every 3 Months,No,No,22.173469387755105,Low Loyalty,"At Risk (Low Value, No Discounts)"
1843,61,Male,Alabama,78,1,Handbag,Accessories,M,Black,Summer,4.4,No,Express,Debit Card,Annually,No,No,32.00000000000001,Low Loyalty,"At Risk (Low Value, No Discounts)"
1844,36,Male,Kentucky,76,32,Jacket,Outerwear,M,Charcoal,Fall,4.7,No,Next Day Air,Credit Card,Monthly,No,No,52.979591836734684,Medium Loyalty,Mixed Behavior
1845,60,Male,South Dakota,26,31,Shorts,Clothing,M,Purple,Spring,2.7,No,2-Day Shipping,Credit Card,Annually,No,No,24.367346938775505,Low Loyalty,"At Risk (Low Value, No Discounts)"
1846,51,Male,Delaware,78,39,Sandals,Footwear,M,Orange,Winter,2.8,No,2-Day Shipping,Bank Transfer,Quarterly,No,No,52.265306122448976,Medium Loyalty,Mixed Behavior
1847,68,Male,Wisconsin,53,9,Scarf,Accessories,M,Yellow,Summer,2.9,No,Standard,Venmo,Quarterly,No,No,21.397959183673475,Low Loyalty,"At Risk (Low Value, No Discounts)"
1848,46,Male,Arizona,100,49,Sandals,Footwear,XL,Cyan,Summer,4.4,No,Free Shipping,Credit Card,Weekly,No,No,79.38775510204081,High Loyalty,Genuinely Loyal (No Discounts Needed)
1849,19,Male,Maine,73,34,Jeans,Clothing,XL,Yellow,Winter,2.7,No,Express,Cash,Every 3 Months,No,No,46.704081632653065,Medium Loyalty,Mixed Behavior
1850,30,Male,New Mexico,40,35,Skirt,Clothing,M,Maroon,Winter,4.5,No,Store Pickup,Bank Transfer,Monthly,No,No,36.816326530612244,Medium Loyalty,Mixed Behavior
1851,51,Male,Wyoming,76,50,Gloves,Accessories,S,Black,Winter,2.8,No,Store Pickup,Debit Card,Weekly,No,No,68.0,High Loyalty,Genuinely Loyal (No Discounts Needed)
1852,28,Male,Delaware,80,4,Skirt,Clothing,S,Lavender,Fall,3.1,No,Free Shipping,Bank Transfer,Fortnightly,No,No,39.83673469387756,Medium Loyalty,Mixed Behavior
1853,41,Male,Pennsylvania,80,32,Sweater,Clothing,XL,Violet,Winter,3.8,No,Store Pickup,Cash,Weekly,No,No,58.97959183673469,High Loyalty,Genuinely Loyal (No Discounts Needed)
1854,29,Male,North Dakota,67,11,Blouse,Clothing,XL,Olive,Spring,2.9,No,Express,PayPal,Fortnightly,No,No,37.62244897959184,Medium Loyalty,Mixed Behavior
1855,25,Male,Kentucky,61,49,Sweater,Clothing,M,Teal,Spring,3.8,No,Express,Credit Card,Annually,No,No,52.88775510204082,Medium Loyalty,Mixed Behavior
1856,60,Male,Rhode Island,76,9,Shirt,Clothing,XL,Teal,Spring,4.7,No,Standard,Cash,Annually,No,No,35.897959183673464,Medium Loyalty,Mixed Behavior
1857,63,Male,Arizona,55,30,Jewelry,Accessories,XL,Beige,Summer,3.2,No,Free Shipping,PayPal,Bi-Weekly,No,No,35.255102040816325,Medium Loyalty,Mixed Behavior
1858,51,Male,Colorado,85,33,T-shirt,Clothing,L,Maroon,Summer,4.0,No,Next Day Air,Cash,Monthly,No,No,58.09183673469387,High Loyalty,Genuinely Loyal (No Discounts Needed)
1859,22,Male,Maine,69,8,Scarf,Accessories,S,Peach,Spring,4.9,No,2-Day Shipping,Debit Card,Annually,No,No,31.785714285714285,Low Loyalty,"At Risk (Low Value, No Discounts)"
1860,54,Male,New Jersey,26,29,Belt,Accessories,L,Beige,Summer,3.7,No,Store Pickup,Debit Card,Fortnightly,No,No,28.142857142857142,Low Loyalty,"At Risk (Low Value, No Discounts)"
1861,18,Male,Kansas,64,4,T-shirt,Clothing,M,Silver,Summer,4.8,No,Next Day Air,Credit Card,Monthly,No,No,29.836734693877553,Low Loyalty,"At Risk (Low Value, No Discounts)"
1862,29,Male,South Dakota,60,19,Sneakers,Footwear,S,Peach,Fall,3.6,No,Standard,Debit Card,Monthly,No,No,37.02040816326531,Medium Loyalty,Mixed Behavior
1863,59,Male,New Hampshire,36,10,Gloves,Accessories,M,Turquoise,Winter,4.6,No,Express,PayPal,Fortnightly,No,No,21.510204081632654,Low Loyalty,"At Risk (Low Value, No Discounts)"
1864,25,Male,Connecticut,21,39,Sandals,Footwear,L,Orange,Spring,4.3,No,2-Day Shipping,Debit Card,Monthly,No,No,29.765306122448976,Low Loyalty,"At Risk (Low Value, No Discounts)"
1865,19,Male,Wyoming,72,21,Backpack,Accessories,S,Cyan,Fall,3.2,No,2-Day Shipping,Venmo,Quarterly,No,No,38.244897959183675,Medium Loyalty,Mixed Behavior
1866,56,Male,Missouri,62,12,Pants,Clothing,S,Silver,Summer,3.8,No,Store Pickup,Bank Transfer,Monthly,No,No,33.73469387755102,Low Loyalty,"At Risk (Low Value, No Discounts)"
1867,31,Male,Alaska,44,9,T-shirt,Clothing,XL,Gold,Winter,4.2,No,Standard,Credit Card,Fortnightly,No,No,24.897959183673475,Low Loyalty,"At Risk (Low Value, No Discounts)"
1868,45,Male,Delaware,52,20,Skirt,Clothing,M,Brown,Fall,3.4,No,2-Day Shipping,Venmo,Quarterly,No,No,27.632653061224488,Low Loyalty,"At Risk (Low Value, No Discounts)"
1869,23,Male,Indiana,58,44,Gloves,Accessories,M,Silver,Spring,4.7,No,Next Day Air,Cash,Fortnightly,No,No,53.3265306122449,Medium Loyalty,Mixed Behavior
1870,18,Male,West Virginia,77,16,Blouse,Clothing,S,Beige,Spring,3.9,No,2-Day Shipping,Debit Card,Every 3 Months,No,No,37.683673469387756,Medium Loyalty,Mixed Behavior
1871,43,Male,Wyoming,99,27,Blouse,Clothing,L,Violet,Spring,4.3,No,Store Pickup,Debit Card,Fortnightly,No,No,63.41836734693877,High Loyalty,Genuinely Loyal (No Discounts Needed)
1872,56,Male,Illinois,96,14,Jeans,Clothing,XL,Violet,Fall,2.7,No,Standard,Cash,Every 3 Months,No,No,45.9591836734694,Medium Loyalty,Mixed Behavior
1873,43,Male,Alaska,64,24,T-shirt,Clothing,M,Lavender,Summer,4.6,No,Standard,Credit Card,Monthly,No,No,42.08163265306123,Medium Loyalty,Mixed Behavior
1874,64,Male,Wisconsin,44,49,Sweater,Clothing,XL,Red,Fall,2.9,No,Express,Bank Transfer,Weekly,No,No,51.38775510204081,Medium Loyalty,Mixed Behavior
1875,67,Male,Indiana,33,14,Pants,Clothing,L,Purple,Fall,3.6,No,Free Shipping,Cash,Weekly,No,No,24.45918367346939,Low Loyalty,"At Risk (Low Value, No Discounts)"
1876,63,Male,Tennessee,71,6,Boots,Footwear,M,Brown,Winter,3.9,No,Next Day Air,Credit Card,Quarterly,No,No,28.561224489795922,Low Loyalty,"At Risk (Low Value, No Discounts)"
1877,54,Male,Illinois,36,20,Skirt,Clothing,M,Gray,Fall,2.6,No,Standard,Venmo,Quarterly,No,No,19.632653061224488,Low Loyalty,"At Risk (Low Value, No Discounts)"
1878,69,Male,Pennsylvania,62,3,Gloves,Accessories,L,Pink,Fall,3.6,No,Express,Credit Card,Annually,No,No,25.22448979591837,Low Loyalty,"At Risk (Low Value, No Discounts)"
1879,34,Male,Oklahoma,29,5,Socks,Clothing,L,Magenta,Summer,3.4,No,Store Pickup,Credit Card,Monthly,No,No,12.948979591836734,Low Loyalty,"At Risk (Low Value, No Discounts)"
1880,56,Male,Tennessee,33,46,T-shirt,Clothing,L,Charcoal,Spring,3.5,No,Express,Cash,Bi-Weekly,No,No,34.05102040816326,Medium Loyalty,Mixed Behavior
1881,34,Male,New Jersey,33,8,Blouse,Clothing,L,Yellow,Fall,3.1,No,2-Day Shipping,Debit Card,Monthly,No,No,16.78571428571429,Low Loyalty,"At Risk (Low Value, No Discounts)"
1882,58,Male,New Jersey,41,13,Blouse,Clothing,M,Red,Winter,4.3,No,Standard,Cash,Bi-Weekly,No,No,17.846938775510207,Low Loyalty,"At Risk (Low Value, No Discounts)"
1883,44,Male,Tennessee,54,25,Scarf,Accessories,L,Blue,Winter,5.0,No,Store Pickup,Bank Transfer,Quarterly,No,No,31.69387755102041,Low Loyalty,"At Risk (Low Value, No Discounts)"
1884,25,Male,Georgia,58,39,Backpack,Accessories,M,Cyan,Spring,4.9,No,Store Pickup,Debit Card,Fortnightly,No,No,50.26530612244898,Medium Loyalty,Mixed Behavior
1885,27,Male,Arizona,30,15,Shorts,Clothing,S,Pink,Summer,4.3,No,Next Day Air,Bank Transfer,Bi-Weekly,No,No,13.571428571428568,Low Loyalty,"At Risk (Low Value, No Discounts)"
1886,26,Male,Nevada,53,35,Jewelry,Accessories,S,Maroon,Winter,4.4,No,Standard,Cash,Monthly,No,No,43.316326530612244,Medium Loyalty,Mixed Behavior
1887,18,Male,Arkansas,91,46,Gloves,Accessories,L,Beige,Spring,4.4,No,Next Day Air,Cash,Bi-Weekly,No,No,63.05102040816326,High Loyalty,Genuinely Loyal (No Discounts Needed)
1888,64,Male,North Dakota,44,3,Hoodie,Clothing,XL,Gold,Fall,3.5,No,Express,PayPal,Monthly,No,No,19.22448979591837,Low Loyalty,"At Risk (Low Value, No Discounts)"
1889,62,Male,South Dakota,89,48,Hoodie,Clothing,XL,Turquoise,Winter,3.4,No,Free Shipping,Credit Card,Weekly,No,No,73.27551020408163,High Loyalty,Genuinely Loyal (No Discounts Needed)
1890,59,Male,North Carolina,57,27,Skirt,Clothing,L,Peach,Spring,2.5,No,Next Day Air,Bank Transfer,Weekly,No,No,44.41836734693877,Medium Loyalty,Mixed Behavior
1891,36,Male,Hawaii,57,5,Sunglasses,Accessories,M,Lavender,Spring,3.4,No,Store Pickup,Credit Card,Weekly,No,No,30.948979591836732,Low Loyalty,"At Risk (Low Value, No Discounts)"
1892,69,Male,New Hampshire,74,48,Jewelry,Accessories,M,Gray,Summer,2.6,No,Next Day Air,Debit Card,Quarterly,No,No,55.77551020408163,High Loyalty,Genuinely Loyal (No Discounts Needed)
1893,39,Male,California,30,12,Jacket,Outerwear,M,Blue,Fall,4.6,No,2-Day Shipping,Venmo,Weekly,No,No,21.73469387755102,Low Loyalty,"At Risk (Low Value, No Discounts)"
1894,28,Male,Delaware,20,10,Dress,Clothing,L,Red,Summer,3.7,No,Express,PayPal,Fortnightly,No,No,13.510204081632654,Low Loyalty,"At Risk (Low Value, No Discounts)"
1895,42,Male,Arizona,90,48,Hoodie,Clothing,M,Purple,Fall,2.5,No,Free Shipping,Debit Card,Bi-Weekly,No,No,63.775510204081634,High Loyalty,Genuinely Loyal (No Discounts Needed)
1896,31,Male,Washington,61,3,Jeans,Clothing,L,Indigo,Fall,4.5,No,Express,Debit Card,Monthly,No,No,27.724489795918373,Low Loyalty,"At Risk (Low Value, No Discounts)"
1897,57,Male,Nevada,51,19,Sandals,Footwear,M,Gold,Fall,2.9,No,Standard,Venmo,Monthly,No,No,32.52040816326531,Low Loyalty,"At Risk (Low Value, No Discounts)"
1898,53,Male,Alaska,97,11,Sunglasses,Accessories,L,Teal,Winter,2.9,No,Free Shipping,Debit Card,Fortnightly,No,No,52.62244897959185,Medium Loyalty,Mixed Behavior
1899,59,Male,Texas,97,25,Pants,Clothing,L,Magenta,Fall,3.5,No,Next Day Air,Venmo,Monthly,No,No,59.193877551020414,High Loyalty,Genuinely Loyal (No Discounts Needed)
1900,32,Male,New York,40,42,Shorts,Clothing,L,Maroon,Winter,4.2,No,Store Pickup,PayPal,Weekly,No,No,45.10204081632653,Medium Loyalty,Mixed Behavior
1901,65,Male,Iowa,85,34,Jewelry,Accessories,S,Blue,Summer,3.3,No,Free Shipping,Cash,Quarterly,No,No,52.70408163265306,Medium Loyalty,Mixed Behavior
1902,56,Male,Arizona,76,50,Socks,Clothing,S,Beige,Winter,3.9,No,Store Pickup,Cash,Quarterly,No,No,58.00000000000001,High Loyalty,Genuinely Loyal (No Discounts Needed)
1903,31,Male,New Mexico,22,21,Sandals,Footwear,S,Olive,Spring,5.0,No,Store Pickup,Venmo,Monthly,No,No,19.24489795918367,Low Loyalty,"At Risk (Low Value, No Discounts)"
1904,59,Male,North Carolina,63,37,Pants,Clothing,M,Gold,Summer,3.3,No,Standard,Bank Transfer,Weekly,No,No,53.54081632653062,High Loyalty,Genuinely Loyal (No Discounts Needed)
1905,22,Male,Nevada,71,46,T-shirt,Clothing,S,Silver,Spring,4.2,No,Free Shipping,Cash,Monthly,No,No,59.05102040816328,High Loyalty,Genuinely Loyal (No Discounts Needed)
1906,47,Male,Idaho,35,14,Boots,Footwear,M,Teal,Summer,4.9,No,2-Day Shipping,Bank Transfer,Fortnightly,No,No,23.45918367346939,Low Loyalty,"At Risk (Low Value, No Discounts)"
1907,23,Male,Vermont,30,24,Backpack,Accessories,M,Green,Spring,4.6,No,2-Day Shipping,PayPal,Fortnightly,No,No,27.081632653061227,Low Loyalty,"At Risk (Low Value, No Discounts)"
1908,69,Male,New Mexico,74,36,Skirt,Clothing,L,Orange,Fall,4.8,No,Store Pickup,Credit Card,Every 3 Months,No,No,48.42857142857142,Medium Loyalty,Mixed Behavior
1909,18,Male,Georgia,71,19,Scarf,Accessories,XL,Charcoal,Winter,2.7,No,Next Day Air,Debit Card,Bi-Weekly,No,No,36.52040816326531,Medium Loyalty,Mixed Behavior
1910,50,Male,Kentucky,84,12,Sweater,Clothing,S,Black,Spring,4.3,No,Store Pickup,Credit Card,Monthly,No,No,44.73469387755103,Medium Loyalty,Mixed Behavior
1911,29,Male,New York,38,13,Sandals,Footwear,S,Yellow,Fall,3.8,No,Express,Debit Card,Quarterly,No,No,16.346938775510207,Low Loyalty,"At Risk (Low Value, No Discounts)"
1912,65,Male,Arizona,81,32,Jewelry,Accessories,M,Gray,Spring,4.9,No,Express,Debit Card,Bi-Weekly,No,No,49.47959183673469,Medium Loyalty,Mixed Behavior
1913,29,Male,Colorado,56,5,Sweater,Clothing,S,Charcoal,Winter,3.4,No,2-Day Shipping,Credit Card,Bi-Weekly,No,No,20.44897959183674,Low Loyalty,"At Risk (Low Value, No Discounts)"
1914,49,Male,Kentucky,48,29,Skirt,Clothing,M,Peach,Winter,3.6,No,Express,Cash,Annually,No,No,34.14285714285714,Medium Loyalty,Mixed Behavior
1915,28,Male,Alaska,97,40,Shorts,Clothing,L,Green,Fall,3.4,No,Standard,Credit Card,Fortnightly,No,No,70.37755102040816,High Loyalty,Genuinely Loyal (No Discounts Needed)
1916,51,Male,Alabama,74,44,Backpack,Accessories,M,Magenta,Fall,4.7,No,2-Day Shipping,Cash,Weekly,No,No,63.326530612244895,High Loyalty,Genuinely Loyal (No Discounts Needed)
1917,26,Male,Connecticut,50,3,Hoodie,Clothing,S,Beige,Winter,3.0,No,Next Day Air,Debit Card,Bi-Weekly,No,No,16.22448979591837,Low Loyalty,"At Risk (Low Value, No Discounts)"
1918,38,Male,Hawaii,71,35,Skirt,Clothing,L,Black,Winter,3.4,No,Free Shipping,PayPal,Bi-Weekly,No,No,46.31632653061225,Medium Loyalty,Mixed Behavior
1919,35,Male,Idaho,33,33,Skirt,Clothing,S,Purple,Summer,4.6,No,Standard,Debit Card,Monthly,No,No,32.09183673469388,Low Loyalty,"At Risk (Low Value, No Discounts)"
1920,34,Male,Virginia,56,20,Backpack,Accessories,M,Olive,Summer,3.1,No,Express,PayPal,Bi-Weekly,No,No,29.632653061224488,Low Loyalty,"At Risk (Low Value, No Discounts)"
1921,51,Male,Connecticut,84,40,Blouse,Clothing,M,Purple,Spring,2.8,No,Standard,Cash,Every 3 Months,No,No,55.87755102040817,High Loyalty,Genuinely Loyal (No Discounts Needed)
1922,47,Male,Michigan,36,13,Shirt,Clothing,M,Green,Fall,3.5,No,Store Pickup,Venmo,Annually,No,No,18.346938775510203,Low Loyalty,"At Risk (Low Value, No Discounts)"
1923,18,Male,Kentucky,63,9,Gloves,Accessories,S,Peach,Summer,4.6,No,Standard,PayPal,Monthly,No,No,32.39795918367348,Low Loyalty,"At Risk (Low Value, No Discounts)"
1924,64,Male,Nebraska,36,7,Sandals,Footwear,XL,Blue,Summer,4.3,No,Standard,Cash,Annually,No,No,14.673469387755103,Low Loyalty,"At Risk (Low Value, No Discounts)"
1925,30,Male,Michigan,63,42,Jacket,Outerwear,M,Gray,Fall,4.8,No,Free Shipping,PayPal,Quarterly,No,No,46.60204081632653,Medium Loyalty,Mixed Behavior
1926,59,Male,Utah,32,44,Sneakers,Footwear,L,Black,Winter,2.9,No,Express,Credit Card,Fortnightly,No,No,40.326530612244895,Medium Loyalty,Mixed Behavior
1927,66,Male,New Mexico,93,6,Backpack,Accessories,M,Silver,Spring,3.0,No,Express,PayPal,Annually,No,No,42.561224489795926,Medium Loyalty,Mixed Behavior
1928,40,Male,Florida,29,8,Pants,Clothing,M,Pink,Summer,2.9,No,Standard,Cash,Every 3 Months,No,No,8.785714285714286,Low Loyalty,"At Risk (Low Value, No Discounts)"
1929,25,Male,Mississippi,92,10,Sunglasses,Accessories,S,Lavender,Summer,3.7,No,Standard,PayPal,Weekly,No,No,51.51020408163266,Medium Loyalty,Mixed Behavior
1930,59,Male,Hawaii,33,46,Jeans,Clothing,L,Brown,Fall,4.7,No,Standard,Venmo,Quarterly,No,No,34.05102040816326,Medium Loyalty,Mixed Behavior
1931,66,Male,North Carolina,52,26,Pants,Clothing,L,Turquoise,Spring,3.5,No,Store Pickup,Cash,Weekly,No,No,41.306122448979586,Medium Loyalty,Mixed Behavior
1932,54,Male,Illinois,42,6,Jewelry,Accessories,S,Olive,Spring,2.7,No,Store Pickup,Debit Card,Every 3 Months,No,No,14.06122448979592,Low Loyalty,"At Risk (Low Value, No Discounts)"
1933,42,Male,Maryland,36,47,Hoodie,Clothing,M,White,Spring,5.0,No,Free Shipping,Credit Card,Every 3 Months,No,No,36.16326530612245,Medium Loyalty,Mixed Behavior
1934,48,Male,Montana,67,28,Sandals,Footwear,L,Violet,Summer,4.1,No,Next Day Air,Venmo,Annually,No,No,43.03061224489796,Medium Loyalty,Mixed Behavior
1935,34,Male,Michigan,43,23,Jacket,Outerwear,L,Gold,Winter,2.7,No,Free Shipping,Bank Transfer,Annually,No,No,27.969387755102037,Low Loyalty,"At Risk (Low Value, No Discounts)"
1936,19,Male,North Carolina,68,45,Blouse,Clothing,XL,Violet,Spring,4.8,No,Free Shipping,Cash,Fortnightly,No,No,58.93877551020408,High Loyalty,Genuinely Loyal (No Discounts Needed)
1937,70,Male,Minnesota,60,44,Jewelry,Accessories,S,Teal,Summer,4.3,No,2-Day Shipping,PayPal,Every 3 Months,No,No,46.326530612244895,Medium Loyalty,Mixed Behavior
1938,43,Male,Delaware,53,11,Socks,Clothing,M,Olive,Summer,4.5,No,2-Day Shipping,Bank Transfer,Monthly,No,No,28.62244897959184,Low Loyalty,"At Risk (Low Value, No Discounts)"
1939,46,Male,Kentucky,23,39,Jeans,Clothing,L,Blue,Spring,3.8,No,Standard,Debit Card,Bi-Weekly,No,No,24.765306122448976,Low Loyalty,"At Risk (Low Value, No Discounts)"
1940,66,Male,Ohio,57,20,Gloves,Accessories,L,Magenta,Winter,3.7,No,Store Pickup,PayPal,Every 3 Months,No,No,30.13265306122449,Low Loyalty,"At Risk (Low Value, No Discounts)"
1941,50,Male,Alaska,89,48,Hat,Accessories,L,Gray,Fall,3.9,No,2-Day Shipping,PayPal,Fortnightly,No,No,71.27551020408163,High Loyalty,Genuinely Loyal (No Discounts Needed)
1942,55,Male,Vermont,99,46,Shoes,Footwear,XL,Peach,Winter,3.3,No,Standard,Credit Card,Quarterly,No,No,67.05102040816327,High Loyalty,Genuinely Loyal (No Discounts Needed)
1943,63,Male,Alabama,28,22,Pants,Clothing,M,Cyan,Fall,3.4,No,Express,PayPal,Monthly,No,No,22.857142857142854,Low Loyalty,"At Risk (Low Value, No Discounts)"
1944,32,Male,Wisconsin,53,45,Socks,Clothing,L,Violet,Summer,3.8,No,Next Day Air,Cash,Annually,No,No,46.43877551020408,Medium Loyalty,Mixed Behavior
1945,30,Male,Arkansas,45,49,Hoodie,Clothing,M,Gold,Winter,2.7,No,Free Shipping,Cash,Every 3 Months,No,No,41.88775510204081,Medium Loyalty,Mixed Behavior
1946,35,Male,Georgia,38,9,Hoodie,Clothing,M,Gold,Winter,2.9,No,2-Day Shipping,Credit Card,Every 3 Months,No,No,13.897959183673473,Low Loyalty,"At Risk (Low Value, No Discounts)"
1947,59,Male,Louisiana,49,41,Pants,Clothing,M,White,Summer,4.5,No,Standard,Credit Card,Quarterly,No,No,38.98979591836734,Medium Loyalty,Mixed Behavior
1948,59,Male,New York,32,2,Shirt,Clothing,M,Gray,Summer,2.6,No,Store Pickup,PayPal,Monthly,No,No,12.612244897959185,Low Loyalty,"At Risk (Low Value, No Discounts)"
1949,54,Male,Connecticut,37,39,T-shirt,Clothing,L,Brown,Winter,3.1,No,Next Day Air,PayPal,Bi-Weekly,No,No,31.765306122448976,Low Loyalty,"At Risk (Low Value, No Discounts)"
1950,63,Male,Nebraska,80,12,Dress,Clothing,L,Gray,Winter,4.7,No,Store Pickup,PayPal,Quarterly,No,No,36.73469387755103,Medium Loyalty,Mixed Behavior
1951,43,Male,Arkansas,78,26,Backpack,Accessories,L,Blue,Summer,4.6,No,Free Shipping,PayPal,Every 3 Months,No,No,44.30612244897959,Medium Loyalty,Mixed Behavior
1952,33,Male,Connecticut,53,32,Gloves,Accessories,L,Gold,Summer,2.7,No,Next Day Air,Bank Transfer,Bi-Weekly,No,No,35.47959183673469,Medium Loyalty,Mixed Behavior
1953,57,Male,Maryland,82,50,Shoes,Footwear,L,Yellow,Summer,4.6,No,2-Day Shipping,Cash,Bi-Weekly,No,No,61.00000000000001,High Loyalty,Genuinely Loyal (No Discounts Needed)
1954,25,Male,Colorado,33,3,Skirt,Clothing,XL,Green,Spring,4.8,No,Standard,PayPal,Fortnightly,No,No,15.72448979591837,Low Loyalty,"At Risk (Low Value, No Discounts)"
1955,26,Male,Colorado,77,3,Gloves,Accessories,M,Pink,Winter,4.2,No,Free Shipping,Venmo,Quarterly,No,No,29.72448979591837,Low Loyalty,"At Risk (Low Value, No Discounts)"
1956,50,Male,Maine,56,37,Hoodie,Clothing,M,Pink,Winter,4.9,No,Express,Cash,Monthly,No,No,46.04081632653062,Medium Loyalty,Mixed Behavior
1957,70,Male,Oklahoma,37,20,Socks,Clothing,M,Pink,Winter,4.9,No,Express,Credit Card,Fortnightly,No,No,28.132653061224488,Low Loyalty,"At Risk (Low Value, No Discounts)"
1958,68,Male,South Carolina,54,26,Gloves,Accessories,M,Cyan,Spring,4.5,No,Store Pickup,Cash,Bi-Weekly,No,No,32.30612244897959,Low Loyalty,"At Risk (Low Value, No Discounts)"
1959,39,Male,Nevada,67,47,Shorts,Clothing,M,Gray,Winter,2.7,No,Store Pickup,Cash,Quarterly,No,No,51.663265306122454,Medium Loyalty,Mixed Behavior
1960,46,Male,Colorado,90,7,Shoes,Footwear,M,White,Fall,3.1,No,Store Pickup,Credit Card,Every 3 Months,No,No,38.673469387755105,Medium Loyalty,Mixed Behavior
1961,57,Male,Massachusetts,72,40,Jeans,Clothing,L,Red,Summer,3.3,No,2-Day Shipping,Credit Card,Annually,No,No,52.87755102040816,Medium Loyalty,Mixed Behavior
1962,47,Male,Nevada,59,45,Boots,Footwear,L,Black,Summer,2.6,No,Free Shipping,Debit Card,Quarterly,No,No,46.43877551020408,Medium Loyalty,Mixed Behavior
1963,40,Male,Iowa,45,20,Hat,Accessories,M,Silver,Fall,4.4,No,Standard,PayPal,Fortnightly,No,No,32.132653061224495,Low Loyalty,"At Risk (Low Value, No Discounts)"
1964,52,Male,Michigan,30,11,Shorts,Clothing,L,Pink,Spring,3.9,No,Standard,Credit Card,Weekly,No,No,21.122448979591837,Low Loyalty,"At Risk (Low Value, No Discounts)"
1965,40,Male,West Virginia,51,50,Pants,Clothing,S,Cyan,Summer,4.6,No,Express,Debit Card,Monthly,No,No,51.5,Medium Loyalty,Mixed Behavior
1966,67,Male,Indiana,90,25,Sweater,Clothing,M,White,Fall,4.9,No,Express,Debit Card,Quarterly,No,No,49.69387755102041,Medium Loyalty,Mixed Behavior
1967,67,Male,Indiana,95,5,Jacket,Outerwear,XL,Purple,Winter,3.7,No,Express,Credit Card,Fortnightly,No,No,47.94897959183674,Medium Loyalty,Mixed Behavior
1968,37,Male,Georgia,81,4,Dress,Clothing,L,Yellow,Fall,3.7,No,Standard,Venmo,Annually,No,No,35.336734693877546,Medium Loyalty,Mixed Behavior
1969,67,Male,Minnesota,70,25,Shirt,Clothing,S,Blue,Spring,4.2,No,Standard,Credit Card,Weekly,No,No,49.69387755102041,Medium Loyalty,Mixed Behavior
1970,64,Male,Louisiana,32,11,Dress,Clothing,S,Cyan,Winter,3.5,No,Next Day Air,Bank Transfer,Fortnightly,No,No,20.12244897959184,Low Loyalty,"At Risk (Low Value, No Discounts)"
1971,28,Male,Maryland,94,4,Belt,Accessories,M,Indigo,Spring,2.9,No,Next Day Air,Credit Card,Bi-Weekly,No,No,38.83673469387755,Medium Loyalty,Mixed Behavior
1972,54,Male,Pennsylvania,29,1,Hat,Accessories,XL,Indigo,Spring,3.4,No,Next Day Air,Venmo,Monthly,No,No,10.500000000000002,Low Loyalty,"At Risk (Low Value, No Discounts)"
1973,54,Male,Louisiana,31,48,Backpack,Accessories,M,Silver,Summer,3.3,No,Express,PayPal,Every 3 Months,No,No,34.27551020408163,Medium Loyalty,Mixed Behavior
1974,24,Male,Maryland,20,9,Skirt,Clothing,XL,Red,Fall,4.5,No,Standard,Venmo,Every 3 Months,No,No,4.8979591836734695,Low Loyalty,"At Risk (Low Value, No Discounts)"
1975,27,Male,Tennessee,44,2,Gloves,Accessories,M,Peach,Winter,4.6,No,2-Day Shipping,PayPal,Fortnightly,No,No,20.612244897959187,Low Loyalty,"At Risk (Low Value, No Discounts)"
1976,53,Male,Illinois,77,4,Jacket,Outerwear,L,Turquoise,Fall,2.9,No,Express,Cash,Quarterly,No,No,30.336734693877553,Low Loyalty,"At Risk (Low Value, No Discounts)"
1977,32,Male,Wyoming,51,43,Handbag,Accessories,M,Pink,Spring,3.2,No,Next Day Air,PayPal,Fortnightly,No,No,49.214285714285715,Medium Loyalty,Mixed Behavior
1978,24,Male,Florida,49,32,Sandals,Footwear,M,Teal,Summer,2.6,No,Free Shipping,Bank Transfer,Annually,No,No,36.47959183673469,Medium Loyalty,Mixed Behavior
1979,45,Male,Massachusetts,78,1,Sunglasses,Accessories,L,Magenta,Spring,3.8,No,Store Pickup,Cash,Quarterly,No,No,29.000000000000004,Low Loyalty,"At Risk (Low Value, No Discounts)"
1980,49,Male,Tennessee,98,38,Jeans,Clothing,L,Blue,Spring,2.8,No,Store Pickup,Debit Card,Fortnightly,No,No,69.6530612244898,High Loyalty,Genuinely Loyal (No Discounts Needed)
1981,51,Male,Iowa,94,25,Sandals,Footwear,M,Green,Winter,4.4,No,Store Pickup,PayPal,Fortnightly,No,No,59.69387755102042,High Loyalty,Genuinely Loyal (No Discounts Needed)
1982,69,Male,Michigan,91,42,Shoes,Footwear,L,Violet,Summer,4.7,No,Express,PayPal,Quarterly,No,No,60.60204081632652,High Loyalty,Genuinely Loyal (No Discounts Needed)
1983,41,Male,Kansas,77,32,Sunglasses,Accessories,M,Turquoise,Summer,2.7,No,2-Day Shipping,PayPal,Monthly,No,No,53.4795918367347,Medium Loyalty,Mixed Behavior
1984,59,Male,Georgia,97,21,Scarf,Accessories,M,Pink,Summer,2.6,No,Next Day Air,Debit Card,Quarterly,No,No,50.744897959183675,Medium Loyalty,Mixed Behavior
1985,26,Male,West Virginia,58,26,Skirt,Clothing,M,Black,Summer,3.4,No,2-Day Shipping,PayPal,Fortnightly,No,No,42.30612244897959,Medium Loyalty,Mixed Behavior
1986,23,Male,Tennessee,97,6,Gloves,Accessories,M,Gold,Spring,3.9,No,2-Day Shipping,Credit Card,Fortnightly,No,No,49.561224489795926,Medium Loyalty,Mixed Behavior
1987,62,Male,Arkansas,48,14,Coat,Outerwear,L,Green,Summer,3.4,No,2-Day Shipping,Venmo,Quarterly,No,No,21.95918367346939,Low Loyalty,"At Risk (Low Value, No Discounts)"
1988,69,Male,Vermont,23,4,Belt,Accessories,XL,White,Summer,3.4,No,Express,Cash,Quarterly,No,No,3.336734693877552,Low Loyalty,"At Risk (Low Value, No Discounts)"
1989,46,Male,Virginia,79,26,Pants,Clothing,M,Gold,Winter,3.9,No,Free Shipping,Bank Transfer,Weekly,No,No,54.806122448979586,High Loyalty,Genuinely Loyal (No Discounts Needed)
1990,35,Male,Maryland,42,39,Jewelry,Accessories,S,Charcoal,Spring,4.0,No,Express,PayPal,Bi-Weekly,No,No,34.265306122448976,Medium Loyalty,Mixed Behavior
1991,32,Male,Connecticut,95,15,Backpack,Accessories,L,White,Spring,3.4,No,2-Day Shipping,PayPal,Annually,No,No,49.07142857142857,Medium Loyalty,Mixed Behavior
1992,46,Male,Missouri,29,1,Sneakers,Footwear,M,Brown,Summer,3.7,No,Next Day Air,Venmo,Every 3 Months,No,No,4.500000000000002,Low Loyalty,"At Risk (Low Value, No Discounts)"
1993,33,Male,New Jersey,98,28,Hoodie,Clothing,L,Gold,Winter,4.9,No,2-Day Shipping,Venmo,Monthly,No,No,61.53061224489797,High Loyalty,Genuinely Loyal (No Discounts Needed)
1994,32,Male,Arkansas,96,17,Blouse,Clothing,S,Purple,Spring,5.0,No,Express,Cash,Weekly,No,No,57.79591836734696,High Loyalty,Genuinely Loyal (No Discounts Needed)
1995,33,Male,Nevada,66,24,Sunglasses,Accessories,M,Brown,Fall,2.9,No,Next Day Air,Credit Card,Weekly,No,No,47.08163265306122,Medium Loyalty,Mixed Behavior
1996,67,Male,Missouri,80,29,Boots,Footwear,S,Teal,Spring,3.0,No,Standard,Debit Card,Quarterly,No,No,47.14285714285714,Medium Loyalty,Mixed Behavior
1997,67,Male,South Dakota,27,18,Sneakers,Footwear,L,Indigo,Summer,3.3,No,Next Day Air,Cash,Every 3 Months,No,No,13.908163265306122,Low Loyalty,"At Risk (Low Value, No Discounts)"
1998,42,Male,Connecticut,25,10,Backpack,Accessories,M,Purple,Fall,4.7,No,Express,Debit Card,Bi-Weekly,No,No,8.010204081632653,Low Loyalty,"At Risk (Low Value, No Discounts)"
1999,20,Male,Vermont,45,19,Pants,Clothing,M,Orange,Fall,3.4,No,2-Day Shipping,Cash,Quarterly,No,No,23.520408163265305,Low Loyalty,"At Risk (Low Value, No Discounts)"
2000,39,Male,Tennessee,89,26,Socks,Clothing,L,Indigo,Winter,4.6,No,2-Day Shipping,Debit Card,Monthly,No,No,55.8061224489796,High Loyalty,Genuinely Loyal (No Discounts Needed)
2001,26,Male,California,27,25,Belt,Accessories,M,Lavender,Winter,3.6,No,2-Day Shipping,Cash,Bi-Weekly,No,No,18.193877551020407,Low Loyalty,"At Risk (Low Value, No Discounts)"
2002,51,Male,Wyoming,90,2,Sunglasses,Accessories,S,Purple,Winter,2.6,No,Free Shipping,Debit Card,Fortnightly,No,No,43.612244897959194,Medium Loyalty,Mixed Behavior
2003,31,Male,New York,65,19,Shirt,Clothing,M,Red,Summer,2.7,No,Express,PayPal,Every 3 Months,No,No,33.5204081632653,Low Loyalty,"At Risk (Low Value, No Discounts)"
2004,68,Male,Maine,72,32,Sneakers,Footwear,S,Blue,Spring,3.1,No,Express,Cash,Quarterly,No,No,44.97959183673469,Medium Loyalty,Mixed Behavior
2005,44,Male,Georgia,70,13,Shoes,Footwear,L,Blue,Fall,3.2,No,2-Day Shipping,Cash,Bi-Weekly,No,No,32.3469387755102,Low Loyalty,"At Risk (Low Value, No Discounts)"
2006,18,Male,Tennessee,82,30,Sandals,Footwear,M,Cyan,Winter,3.4,No,Store Pickup,PayPal,Fortnightly,No,No,56.75510204081633,High Loyalty,Genuinely Loyal (No Discounts Needed)
2007,58,Male,New Mexico,97,2,Scarf,Accessories,S,Pink,Fall,4.4,No,Express,Credit Card,Annually,No,No,42.112244897959194,Medium Loyalty,Mixed Behavior
2008,26,Male,Virginia,25,8,Shirt,Clothing,M,Silver,Summer,3.2,No,2-Day Shipping,PayPal,Quarterly,No,No,6.785714285714286,Low Loyalty,"At Risk (Low Value, No Discounts)"
2009,57,Male,Florida,48,27,Skirt,Clothing,M,Gray,Spring,2.5,No,Free Shipping,PayPal,Every 3 Months,No,No,29.91836734693878,Low Loyalty,"At Risk (Low Value, No Discounts)"
2010,37,Male,Alabama,99,26,Boots,Footwear,M,Indigo,Summer,3.8,No,Next Day Air,Venmo,Bi-Weekly,No,No,54.806122448979586,High Loyalty,Genuinely Loyal (No Discounts Needed)
2011,24,Male,Texas,21,3,Sweater,Clothing,M,Maroon,Summer,4.4,No,2-Day Shipping,Debit Card,Bi-Weekly,No,No,1.7244897959183678,Low Loyalty,"At Risk (Low Value, No Discounts)"
2012,57,Male,West Virginia,94,4,Sandals,Footwear,M,Beige,Spring,3.7,No,Express,Bank Transfer,Monthly,No,No,44.83673469387755,Medium Loyalty,Mixed Behavior
2013,48,Male,Nevada,53,5,Jeans,Clothing,L,Green,Fall,3.2,No,Store Pickup,Cash,Fortnightly,No,No,26.948979591836743,Low Loyalty,"At Risk (Low Value, No Discounts)"
2014,39,Male,Virginia,70,25,Backpack,Accessories,M,Peach,Winter,4.9,No,Standard,Debit Card,Quarterly,No,No,39.69387755102041,Medium Loyalty,Mixed Behavior
2015,51,Male,Wisconsin,26,47,Skirt,Clothing,L,Black,Summer,3.9,No,Standard,PayPal,Bi-Weekly,No,No,31.16326530612245,Low Loyalty,"At Risk (Low Value, No Discounts)"
2016,57,Male,Virginia,82,8,Belt,Accessories,S,Pink,Summer,4.5,No,Next Day Air,Credit Card,Fortnightly,No,No,43.28571428571429,Medium Loyalty,Mixed Behavior
2017,53,Male,Maine,47,20,Shoes,Footwear,S,Violet,Winter,3.4,No,Standard,Debit Card,Fortnightly,No,No,33.13265306122449,Low Loyalty,"At Risk (Low Value, No Discounts)"
2018,70,Male,Massachusetts,32,42,Socks,Clothing,S,Green,Winter,4.1,No,Next Day Air,Bank Transfer,Every 3 Months,No,No,31.102040816326525,Low Loyalty,"At Risk (Low Value, No Discounts)"
2019,60,Male,Arkansas,97,20,Backpack,Accessories,S,Gold,Fall,4.5,No,Store Pickup,Bank Transfer,Weekly,No,No,60.132653061224495,High Loyalty,Genuinely Loyal (No Discounts Needed)
2020,31,Male,Idaho,68,23,Shirt,Clothing,S,Red,Winter,4.7,No,Store Pickup,Cash,Fortnightly,No,No,45.46938775510205,Medium Loyalty,Mixed Behavior
2021,41,Male,Pennsylvania,23,26,Sweater,Clothing,M,Beige,Winter,4.8,No,Next Day Air,Cash,Quarterly,No,No,16.80612244897959,Low Loyalty,"At Risk (Low Value, No Discounts)"
2022,62,Male,Maine,33,48,Handbag,Accessories,M,Green,Winter,4.4,No,Standard,Venmo,Quarterly,No,No,35.27551020408163,Medium Loyalty,Mixed Behavior
2023,59,Male,Alabama,38,16,Jewelry,Accessories,S,Black,Winter,4.0,No,Store Pickup,Cash,Bi-Weekly,No,No,18.183673469387756,Low Loyalty,"At Risk (Low Value, No Discounts)"
2024,46,Male,Idaho,68,28,Socks,Clothing,S,Teal,Winter,4.1,No,Store Pickup,Cash,Bi-Weekly,No,No,40.53061224489796,Medium Loyalty,Mixed Behavior
2025,62,Male,Arkansas,23,39,Socks,Clothing,L,Silver,Fall,3.7,No,Express,PayPal,Weekly,No,No,34.76530612244898,Medium Loyalty,Mixed Behavior
2026,42,Male,Delaware,29,43,Shirt,Clothing,M,Turquoise,Summer,3.0,No,Express,Debit Card,Fortnightly,No,No,38.214285714285715,Medium Loyalty,Mixed Behavior
2027,37,Male,Maine,35,45,Scarf,Accessories,M,Orange,Winter,3.6,No,Express,Bank Transfer,Every 3 Months,No,No,34.43877551020408,Medium Loyalty,Mixed Behavior
2028,50,Male,Nebraska,73,50,Shoes,Footwear,S,Gold,Fall,4.8,No,Standard,Credit Card,Every 3 Months,No,No,56.50000000000001,High Loyalty,Genuinely Loyal (No Discounts Needed)
2029,29,Male,Ohio,84,10,Shoes,Footwear,XL,Purple,Fall,3.7,No,2-Day Shipping,Venmo,Bi-Weekly,No,No,37.51020408163266,Medium Loyalty,Mixed Behavior
2030,25,Male,Montana,23,40,Scarf,Accessories,M,Pink,Spring,4.6,No,Next Day Air,PayPal,Quarterly,No,No,25.377551020408163,Low Loyalty,"At Risk (Low Value, No Discounts)"
2031,66,Male,New Mexico,67,38,Sunglasses,Accessories,S,Green,Summer,2.8,No,Standard,Credit Card,Monthly,No,No,52.1530612244898,Medium Loyalty,Mixed Behavior
2032,21,Male,North Carolina,51,2,Socks,Clothing,L,Charcoal,Spring,4.0,No,Standard,Credit Card,Monthly,No,No,22.112244897959187,Low Loyalty,"At Risk (Low Value, No Discounts)"
2033,46,Male,South Carolina,36,13,Blouse,Clothing,M,Maroon,Winter,4.2,No,Next Day Air,Cash,Annually,No,No,18.346938775510203,Low Loyalty,"At Risk (Low Value, No Discounts)"
2034,57,Male,Illinois,55,33,Jeans,Clothing,L,Olive,Summer,3.6,No,Express,Venmo,Annually,No,No,40.09183673469388,Medium Loyalty,Mixed Behavior
2035,61,Male,Alabama,30,27,Shorts,Clothing,M,Peach,Spring,2.9,No,Store Pickup,PayPal,Monthly,No,No,26.91836734693877,Low Loyalty,"At Risk (Low Value, No Discounts)"
2036,53,Male,Oklahoma,70,43,T-shirt,Clothing,S,Yellow,Summer,4.1,No,Express,Bank Transfer,Weekly,No,No,60.71428571428571,High Loyalty,Genuinely Loyal (No Discounts Needed)
2037,37,Male,Minnesota,63,46,Blouse,Clothing,S,Lavender,Winter,3.1,No,Next Day Air,Cash,Weekly,No,No,59.05102040816327,High Loyalty,Genuinely Loyal (No Discounts Needed)
2038,39,Male,Illinois,87,7,Belt,Accessories,S,Green,Summer,4.3,No,Express,Venmo,Bi-Weekly,No,No,37.17346938775511,Medium Loyalty,Mixed Behavior
2039,53,Male,Arkansas,70,35,Blouse,Clothing,L,Orange,Spring,4.4,No,Next Day Air,Credit Card,Fortnightly,No,No,53.81632653061224,High Loyalty,Genuinely Loyal (No Discounts Needed)
2040,35,Male,Minnesota,51,31,T-shirt,Clothing,M,Olive,Spring,3.1,No,Next Day Air,Debit Card,Bi-Weekly,No,No,33.86734693877551,Medium Loyalty,Mixed Behavior
2041,69,Male,South Carolina,25,42,Jewelry,Accessories,XL,Gray,Spring,2.9,No,Free Shipping,Venmo,Quarterly,No,No,27.60204081632653,Low Loyalty,"At Risk (Low Value, No Discounts)"
2042,66,Male,New York,32,14,Jacket,Outerwear,S,Lavender,Winter,3.2,No,Next Day Air,PayPal,Bi-Weekly,No,No,13.959183673469388,Low Loyalty,"At Risk (Low Value, No Discounts)"
2043,19,Male,Alabama,52,35,Shoes,Footwear,M,Red,Spring,4.0,No,2-Day Shipping,Venmo,Monthly,No,No,42.816326530612244,Medium Loyalty,Mixed Behavior
2044,47,Male,New York,33,49,Gloves,Accessories,M,Charcoal,Summer,2.7,No,Standard,PayPal,Weekly,No,No,45.88775510204081,Medium Loyalty,Mixed Behavior
2045,49,Male,Missouri,68,17,Jeans,Clothing,L,Orange,Spring,3.0,No,Free Shipping,PayPal,Fortnightly,No,No,41.79591836734694,Medium Loyalty,Mixed Behavior
2046,31,Male,Georgia,20,26,Jewelry,Accessories,M,Red,Fall,4.4,No,Express,PayPal,Quarterly,No,No,15.30612244897959,Low Loyalty,"At Risk (Low Value, No Discounts)"
2047,39,Male,Oklahoma,32,30,Pants,Clothing,M,Maroon,Winter,2.8,No,Free Shipping,Cash,Every 3 Months,No,No,23.755102040816322,Low Loyalty,"At Risk (Low Value, No Discounts)"
2048,58,Male,Connecticut,82,32,Jewelry,Accessories,M,Silver,Summer,3.1,No,Store Pickup,Cash,Annually,No,No,52.9795918367347,Medium Loyalty,Mixed Behavior
2049,45,Male,Michigan,64,35,Sneakers,Footwear,XL,Pink,Winter,3.9,No,Express,Bank Transfer,Quarterly,No,No,42.816326530612244,Medium Loyalty,Mixed Behavior
2050,68,Male,Rhode Island,24,15,Boots,Footwear,L,Blue,Fall,2.7,No,Standard,Venmo,Annually,No,No,13.571428571428571,Low Loyalty,"At Risk (Low Value, No Discounts)"
2051,35,Male,Mississippi,96,10,Hat,Accessories,M,Teal,Summer,3.4,No,Store Pickup,Debit Card,Annually,No,No,46.510204081632665,Medium Loyalty,Mixed Behavior
2052,65,Male,Massachusetts,94,14,T-shirt,Clothing,L,Black,Spring,3.8,No,Free Shipping,Credit Card,Monthly,No,No,50.95918367346939,Medium Loyalty,Mixed Behavior
2053,45,Male,New Hampshire,48,30,Backpack,Accessories,M,Gray,Winter,3.7,No,2-Day Shipping,Bank Transfer,Annually,No,No,34.75510204081633,Medium Loyalty,Mixed Behavior
2054,19,Male,Wyoming,60,16,Sunglasses,Accessories,S,Purple,Spring,4.5,No,2-Day Shipping,Credit Card,Fortnightly,No,No,37.183673469387756,Medium Loyalty,Mixed Behavior
2055,65,Male,New Jersey,56,14,Sweater,Clothing,XL,Gold,Spring,2.9,No,Express,PayPal,Annually,No,No,28.95918367346939,Low Loyalty,"At Risk (Low Value, No Discounts)"
2056,28,Male,Texas,33,28,Handbag,Accessories,M,Silver,Fall,3.4,No,2-Day Shipping,Bank Transfer,Weekly,No,No,33.03061224489796,Low Loyalty,"At Risk (Low Value, No Discounts)"
2057,55,Male,Minnesota,46,29,Backpack,Accessories,L,Blue,Spring,4.4,No,2-Day Shipping,PayPal,Monthly,No,No,36.142857142857146,Medium Loyalty,Mixed Behavior
2058,66,Male,South Dakota,37,5,Socks,Clothing,L,Yellow,Spring,4.2,No,Standard,PayPal,Every 3 Months,No,No,10.948979591836737,Low Loyalty,"At Risk (Low Value, No Discounts)"
2059,29,Male,Washington,98,17,Shirt,Clothing,M,Brown,Winter,3.3,No,Store Pickup,Bank Transfer,Quarterly,No,No,48.79591836734695,Medium Loyalty,Mixed Behavior
2060,56,Male,California,50,50,Shorts,Clothing,XL,Beige,Spring,3.7,No,Express,PayPal,Weekly,No,No,55.00000000000001,High Loyalty,Genuinely Loyal (No Discounts Needed)
2061,21,Male,Wisconsin,63,23,Belt,Accessories,M,Blue,Fall,3.2,No,Next Day Air,Bank Transfer,Quarterly,No,No,34.96938775510204,Medium Loyalty,Mixed Behavior
2062,32,Male,Michigan,70,22,Sweater,Clothing,S,Magenta,Summer,2.6,No,Store Pickup,Debit Card,Annually,No,No,40.85714285714286,Medium Loyalty,Mixed Behavior
2063,54,Male,South Carolina,63,15,Coat,Outerwear,L,Silver,Fall,2.8,No,Standard,Cash,Quarterly,No,No,30.07142857142857,Low Loyalty,"At Risk (Low Value, No Discounts)"
2064,61,Male,Indiana,86,32,Shorts,Clothing,M,Cyan,Fall,2.9,No,Standard,Cash,Monthly,No,No,57.97959183673469,High Loyalty,Genuinely Loyal (No Discounts Needed)
2065,31,Male,Arkansas,99,5,Shoes,Footwear,M,Green,Summer,4.0,No,2-Day Shipping,Bank Transfer,Monthly,No,No,47.94897959183674,Medium Loyalty,Mixed Behavior
2066,27,Male,Oregon,40,6,Sneakers,Footwear,M,Blue,Spring,2.9,No,Free Shipping,Bank Transfer,Bi-Weekly,No,No,13.061224489795919,Low Loyalty,"At Risk (Low Value, No Discounts)"
2067,64,Male,Illinois,92,44,Sneakers,Footwear,M,Olive,Fall,4.7,No,Store Pickup,Debit Card,Fortnightly,No,No,70.3265306122449,High Loyalty,Genuinely Loyal (No Discounts Needed)
2068,60,Male,Maryland,21,23,Pants,Clothing,XL,Beige,Fall,3.1,No,2-Day Shipping,Cash,Fortnightly,No,No,21.96938775510204,Low Loyalty,"At Risk (Low Value, No Discounts)"
2069,70,Male,Vermont,81,44,Jewelry,Accessories,XL,Black,Summer,3.9,No,Store Pickup,Venmo,Monthly,No,No,62.8265306122449,High Loyalty,Genuinely Loyal (No Discounts Needed)
2070,36,Male,Texas,82,3,T-shirt,Clothing,M,Indigo,Fall,3.4,No,Free Shipping,Debit Card,Quarterly,No,No,32.22448979591837,Low Loyalty,"At Risk (Low Value, No Discounts)"
2071,56,Male,Nebraska,88,14,Jewelry,Accessories,XL,Red,Spring,3.1,No,Express,Cash,Monthly,No,No,47.95918367346939,Medium Loyalty,Mixed Behavior
2072,69,Male,South Carolina,100,37,Jacket,Outerwear,S,Yellow,Fall,4.8,No,Store Pickup,PayPal,Quarterly,No,No,62.04081632653061,High Loyalty,Genuinely Loyal (No Discounts Needed)
2073,39,Male,Massachusetts,66,22,Backpack,Accessories,M,Beige,Winter,3.9,No,Next Day Air,Bank Transfer,Weekly,No,No,45.857142857142854,Medium Loyalty,Mixed Behavior
2074,38,Male,Texas,25,2,Belt,Accessories,S,Green,Winter,3.5,No,Next Day Air,PayPal,Every 3 Months,No,No,3.112244897959184,Low Loyalty,"At Risk (Low Value, No Discounts)"
2075,36,Male,Florida,53,44,Scarf,Accessories,M,White,Summer,3.1,No,Free Shipping,Debit Card,Fortnightly,No,No,50.826530612244895,Medium Loyalty,Mixed Behavior
2076,46,Male,South Carolina,28,49,Sweater,Clothing,S,Turquoise,Fall,4.7,No,Express,Debit Card,Monthly,No,No,39.38775510204081,Medium Loyalty,Mixed Behavior
2077,59,Male,Florida,23,22,Gloves,Accessories,S,Indigo,Fall,4.6,No,Free Shipping,Debit Card,Bi-Weekly,No,No,14.357142857142854,Low Loyalty,"At Risk (Low Value, No Discounts)"
2078,64,Male,Nebraska,34,26,Scarf,Accessories,L,Orange,Fall,3.3,No,Free Shipping,Bank Transfer,Annually,No,No,25.306122448979597,Low Loyalty,"At Risk (Low Value, No Discounts)"
2079,49,Male,Hawaii,42,40,Dress,Clothing,M,Blue,Spring,3.2,No,Next Day Air,Debit Card,Weekly,No,No,44.877551020408156,Medium Loyalty,Mixed Behavior
2080,32,Male,Montana,24,16,Jeans,Clothing,L,Violet,Summer,3.1,No,Next Day Air,PayPal,Quarterly,No,No,11.183673469387754,Low Loyalty,"At Risk (Low Value, No Discounts)"
2081,29,Male,South Dakota,47,17,Sunglasses,Accessories,S,Gray,Fall,3.5,No,Free Shipping,Debit Card,Bi-Weekly,No,No,23.29591836734694,Low Loyalty,"At Risk (Low Value, No Discounts)"
2082,24,Male,Alabama,78,48,Coat,Outerwear,S,Cyan,Spring,4.3,No,Standard,Bank Transfer,Bi-Weekly,No,No,57.77551020408163,High Loyalty,Genuinely Loyal (No Discounts Needed)
2083,41,Male,Arkansas,89,28,Jeans,Clothing,M,Yellow,Summer,2.9,No,Free Shipping,Venmo,Every 3 Months,No,No,51.03061224489795,Medium Loyalty,Mixed Behavior
2084,41,Male,Mississippi,59,26,Scarf,Accessories,L,Orange,Fall,2.7,No,Store Pickup,Credit Card,Fortnightly,No,No,42.80612244897959,Medium Loyalty,Mixed Behavior
2085,32,Male,Vermont,94,43,Blouse,Clothing,S,Brown,Summer,4.0,No,Standard,Bank Transfer,Quarterly,No,No,62.71428571428572,High Loyalty,Genuinely Loyal (No Discounts Needed)
2086,69,Male,New York,49,38,Jeans,Clothing,M,Teal,Fall,4.6,No,Free Shipping,Debit Card,Weekly,No,No,47.15306122448979,Medium Loyalty,Mixed Behavior
2087,65,Male,North Dakota,89,36,Dress,Clothing,L,Beige,Summer,4.7,No,2-Day Shipping,Cash,Every 3 Months,No,No,55.92857142857143,High Loyalty,Genuinely Loyal (No Discounts Needed)
2088,54,Male,Wisconsin,91,1,Hat,Accessories,M,Blue,Summer,4.7,No,Standard,Credit Card,Weekly,No,No,45.49999999999999,Medium Loyalty,Mixed Behavior
2089,39,Male,California,89,49,Sandals,Footwear,L,Orange,Spring,4.0,No,Standard,Debit Card,Annually,No,No,66.88775510204081,High Loyalty,Genuinely Loyal (No Discounts Needed)
2090,37,Male,Maryland,57,41,Jacket,Outerwear,L,Gold,Spring,3.6,No,Free Shipping,Credit Card,Every 3 Months,No,No,42.98979591836735,Medium Loyalty,Mixed Behavior
2091,51,Male,Massachusetts,71,21,Socks,Clothing,S,Teal,Winter,3.4,No,Free Shipping,Debit Card,Monthly,No,No,43.744897959183675,Medium Loyalty,Mixed Behavior
2092,26,Male,Washington,97,24,Jeans,Clothing,XL,Beige,Fall,3.0,No,Next Day Air,Bank Transfer,Quarterly,No,No,52.58163265306123,Medium Loyalty,Mixed Behavior
2093,42,Male,Minnesota,45,27,Sandals,Footwear,M,Silver,Fall,2.6,No,Next Day Air,Bank Transfer,Weekly,No,No,38.41836734693877,Medium Loyalty,Mixed Behavior
2094,21,Male,Washington,91,4,Dress,Clothing,M,Maroon,Spring,4.2,No,Store Pickup,Debit Card,Annually,No,No,40.33673469387755,Medium Loyalty,Mixed Behavior
2095,53,Male,South Carolina,25,19,Socks,Clothing,M,Indigo,Spring,3.4,No,Standard,Venmo,Annually,No,No,16.520408163265305,Low Loyalty,"At Risk (Low Value, No Discounts)"
2096,36,Male,New Mexico,63,1,Hoodie,Clothing,M,Gray,Fall,4.0,No,Store Pickup,Bank Transfer,Fortnightly,No,No,29.500000000000004,Low Loyalty,"At Risk (Low Value, No Discounts)"
2097,21,Male,North Carolina,52,27,Dress,Clothing,L,Blue,Summer,4.7,No,Free Shipping,Debit Card,Annually,No,No,34.91836734693877,Medium Loyalty,Mixed Behavior
2098,33,Male,Iowa,43,5,Sneakers,Footwear,S,Cyan,Winter,3.9,No,Next Day Air,Credit Card,Weekly,No,No,23.948979591836732,Low Loyalty,"At Risk (Low Value, No Discounts)"
2099,49,Male,Louisiana,28,20,T-shirt,Clothing,M,White,Summer,3.3,No,2-Day Shipping,Venmo,Quarterly,No,No,15.632653061224488,Low Loyalty,"At Risk (Low Value, No Discounts)"
2100,31,Male,Oklahoma,78,50,T-shirt,Clothing,L,Green,Summer,2.9,No,Express,PayPal,Annually,No,No,62.000000000000014,High Loyalty,Genuinely Loyal (No Discounts Needed)
2101,68,Male,Michigan,31,36,Sweater,Clothing,M,Silver,Spring,4.4,No,Free Shipping,Cash,Fortnightly,No,No,34.92857142857142,Medium Loyalty,Mixed Behavior
2102,49,Male,Oregon,23,12,Shirt,Clothing,M,Blue,Winter,3.6,No,Next Day Air,Bank Transfer,Bi-Weekly,No,No,8.234693877551022,Low Loyalty,"At Risk (Low Value, No Discounts)"
2103,23,Male,Idaho,25,23,Hat,Accessories,M,Brown,Spring,4.5,No,Store Pickup,Cash,Monthly,No,No,21.969387755102037,Low Loyalty,"At Risk (Low Value, No Discounts)"
2104,30,Male,Indiana,86,21,Pants,Clothing,S,Red,Summer,3.7,No,Store Pickup,Venmo,Weekly,No,No,55.24489795918367,High Loyalty,Genuinely Loyal (No Discounts Needed)
2105,53,Male,New Mexico,88,47,Shoes,Footwear,M,Gold,Spring,2.8,No,Free Shipping,Venmo,Weekly,No,No,72.16326530612245,High Loyalty,Genuinely Loyal (No Discounts Needed)
2106,65,Male,South Carolina,35,38,Gloves,Accessories,M,Silver,Spring,4.5,No,Free Shipping,Venmo,Bi-Weekly,No,No,30.153061224489797,Low Loyalty,"At Risk (Low Value, No Discounts)"
2107,60,Male,Vermont,34,40,Jewelry,Accessories,M,Gray,Fall,4.4,No,Standard,Credit Card,Every 3 Months,No,No,30.877551020408163,Low Loyalty,"At Risk (Low Value, No Discounts)"
2108,46,Male,Delaware,75,35,Pants,Clothing,M,Black,Winter,3.3,No,Standard,PayPal,Quarterly,No,No,48.316326530612244,Medium Loyalty,Mixed Behavior
2109,54,Male,North Dakota,46,4,Hoodie,Clothing,XL,Beige,Winter,4.2,No,Express,Credit Card,Quarterly,No,No,14.836734693877554,Low Loyalty,"At Risk (Low Value, No Discounts)"
2110,59,Male,California,31,28,Jewelry,Accessories,L,Peach,Fall,2.7,No,Free Shipping,Venmo,Every 3 Months,No,No,22.030612244897956,Low Loyalty,"At Risk (Low Value, No Discounts)"
2111,52,Male,Montana,93,36,Socks,Clothing,L,Cyan,Spring,3.9,No,Store Pickup,Debit Card,Every 3 Months,No,No,57.92857142857143,High Loyalty,Genuinely Loyal (No Discounts Needed)
2112,41,Male,Missouri,85,15,Sunglasses,Accessories,XL,Pink,Spring,2.6,No,Free Shipping,Bank Transfer,Annually,No,No,44.07142857142857,Medium Loyalty,Mixed Behavior
2113,43,Male,Tennessee,68,7,Belt,Accessories,M,Lavender,Fall,4.5,No,2-Day Shipping,Cash,Fortnightly,No,No,35.673469387755105,Medium Loyalty,Mixed Behavior
2114,63,Male,Virginia,40,29,Dress,Clothing,M,Brown,Spring,2.7,No,Store Pickup,PayPal,Every 3 Months,No,No,27.142857142857142,Low Loyalty,"At Risk (Low Value, No Discounts)"
2115,37,Male,Vermont,51,12,Shirt,Clothing,M,Magenta,Winter,2.9,No,Standard,Debit Card,Annually,No,No,25.234693877551024,Low Loyalty,"At Risk (Low Value, No Discounts)"
2116,44,Male,Rhode Island,85,16,Scarf,Accessories,M,Violet,Winter,3.4,No,Store Pickup,Bank Transfer,Bi-Weekly,No,No,41.683673469387756,Medium Loyalty,Mixed Behavior
2117,67,Male,Kansas,23,50,Jacket,Outerwear,M,Teal,Summer,2.9,No,Express,Debit Card,Bi-Weekly,No,No,31.5,Low Loyalty,"At Risk (Low Value, No Discounts)"
2118,27,Male,Colorado,28,11,Dress,Clothing,L,Brown,Summer,3.8,No,Free Shipping,Debit Card,Annually,No,No,13.122448979591839,Low Loyalty,"At Risk (Low Value, No Discounts)"
2119,60,Male,Georgia,44,28,Socks,Clothing,M,Olive,Fall,4.2,No,2-Day Shipping,Debit Card,Quarterly,No,No,28.530612244897956,Low Loyalty,"At Risk (Low Value, No Discounts)"
2120,58,Male,Nebraska,57,36,Jewelry,Accessories,M,Indigo,Spring,3.5,No,Store Pickup,Venmo,Bi-Weekly,No,No,39.92857142857142,Medium Loyalty,Mixed Behavior
2121,53,Male,Missouri,98,38,Scarf,Accessories,S,Red,Fall,3.1,No,Next Day Air,PayPal,Quarterly,No,No,61.653061224489804,High Loyalty,Genuinely Loyal (No Discounts Needed)
2122,43,Male,Alaska,68,32,Backpack,Accessories,M,Olive,Winter,3.5,No,2-Day Shipping,Bank Transfer,Monthly,No,No,48.9795918367347,Medium Loyalty,Mixed Behavior
2123,32,Male,Virginia,36,42,Jacket,Outerwear,L,Teal,Fall,4.0,No,Express,Debit Card,Weekly,No,No,43.10204081632653,Medium Loyalty,Mixed Behavior
2124,54,Male,Nebraska,71,22,Coat,Outerwear,L,Cyan,Spring,3.7,No,Express,Debit Card,Bi-Weekly,No,No,38.357142857142854,Medium Loyalty,Mixed Behavior
2125,47,Male,Rhode Island,60,22,Skirt,Clothing,M,Teal,Fall,4.2,No,Next Day Air,Venmo,Quarterly,No,No,32.857142857142854,Low Loyalty,"At Risk (Low Value, No Discounts)"
2126,57,Male,New Hampshire,87,31,Coat,Outerwear,M,Beige,Fall,4.8,No,Store Pickup,PayPal,Quarterly,No,No,51.86734693877552,Medium Loyalty,Mixed Behavior
2127,63,Male,Alabama,38,28,Shoes,Footwear,XL,Magenta,Winter,4.1,No,Express,Credit Card,Monthly,No,No,31.53061224489796,Low Loyalty,"At Risk (Low Value, No Discounts)"
2128,70,Male,North Carolina,45,40,Boots,Footwear,M,Indigo,Spring,4.5,No,2-Day Shipping,Debit Card,Weekly,No,No,46.377551020408156,Medium Loyalty,Mixed Behavior
2129,62,Male,New Mexico,47,21,Coat,Outerwear,L,Cyan,Fall,2.7,No,2-Day Shipping,PayPal,Weekly,No,No,35.744897959183675,Medium Loyalty,Mixed Behavior
2130,40,Male,Minnesota,57,12,Skirt,Clothing,L,Orange,Fall,2.8,No,Store Pickup,PayPal,Every 3 Months,No,No,25.234693877551024,Low Loyalty,"At Risk (Low Value, No Discounts)"
2131,25,Male,Arizona,68,33,Backpack,Accessories,L,Violet,Summer,3.7,No,Free Shipping,Credit Card,Annually,No,No,46.59183673469388,Medium Loyalty,Mixed Behavior
2132,19,Male,Montana,52,9,Shorts,Clothing,M,Red,Fall,3.6,No,Express,Bank Transfer,Fortnightly,No,No,28.89795918367347,Low Loyalty,"At Risk (Low Value, No Discounts)"
2133,25,Male,Vermont,87,15,Skirt,Clothing,M,Magenta,Fall,4.7,No,2-Day Shipping,Debit Card,Weekly,No,No,52.07142857142858,Medium Loyalty,Mixed Behavior
2134,21,Male,Maine,34,13,Hat,Accessories,M,Olive,Summer,3.8,No,Standard,Bank Transfer,Annually,No,No,17.346938775510203,Low Loyalty,"At Risk (Low Value, No Discounts)"
2135,55,Male,Virginia,41,35,Sandals,Footwear,XL,Maroon,Winter,2.9,No,Standard,Credit Card,Fortnightly,No,No,39.31632653061225,Medium Loyalty,Mixed Behavior
2136,34,Male,California,94,1,Sunglasses,Accessories,S,Yellow,Winter,4.6,No,Next Day Air,Debit Card,Every 3 Months,No,No,37.00000000000001,Medium Loyalty,Mixed Behavior
2137,47,Male,New York,93,25,Sunglasses,Accessories,M,Red,Summer,2.8,No,Standard,Bank Transfer,Fortnightly,No,No,59.193877551020414,High Loyalty,Genuinely Loyal (No Discounts Needed)
2138,27,Male,Indiana,51,20,Socks,Clothing,XL,Purple,Winter,4.6,No,2-Day Shipping,Credit Card,Every 3 Months,No,No,27.132653061224488,Low Loyalty,"At Risk (Low Value, No Discounts)"
2139,67,Male,Mississippi,42,36,Sweater,Clothing,M,Teal,Fall,2.8,No,Next Day Air,Venmo,Quarterly,No,No,32.42857142857143,Low Loyalty,"At Risk (Low Value, No Discounts)"
2140,40,Male,New York,95,33,Boots,Footwear,M,Red,Winter,3.0,No,Free Shipping,Cash,Weekly,No,No,67.09183673469387,High Loyalty,Genuinely Loyal (No Discounts Needed)
2141,53,Male,New Mexico,90,36,Handbag,Accessories,M,Brown,Fall,3.7,No,Standard,Cash,Fortnightly,No,No,64.42857142857143,High Loyalty,Genuinely Loyal (No Discounts Needed)
2142,24,Male,Kentucky,98,32,Dress,Clothing,M,Peach,Winter,4.1,No,2-Day Shipping,PayPal,Annually,No,No,60.979591836734706,High Loyalty,Genuinely Loyal (No Discounts Needed)
2143,47,Male,North Dakota,39,21,Hat,Accessories,M,Maroon,Winter,4.3,No,Next Day Air,Venmo,Quarterly,No,No,21.744897959183675,Low Loyalty,"At Risk (Low Value, No Discounts)"
2144,53,Male,Arkansas,66,48,Sandals,Footwear,L,Red,Fall,3.8,No,Next Day Air,Venmo,Bi-Weekly,No,No,51.775510204081634,Medium Loyalty,Mixed Behavior
2145,47,Male,Maryland,23,25,Shoes,Footwear,L,Orange,Winter,3.7,No,Free Shipping,PayPal,Quarterly,No,No,16.193877551020407,Low Loyalty,"At Risk (Low Value, No Discounts)"
2146,38,Male,Connecticut,73,32,Skirt,Clothing,S,White,Winter,4.8,No,Standard,PayPal,Annually,No,No,48.479591836734706,Medium Loyalty,Mixed Behavior
2147,48,Male,Utah,23,45,Sunglasses,Accessories,XL,White,Summer,4.6,No,Standard,PayPal,Every 3 Months,No,No,28.438775510204078,Low Loyalty,"At Risk (Low Value, No Discounts)"
2148,47,Male,Missouri,43,4,Skirt,Clothing,S,Charcoal,Fall,4.8,No,Standard,Cash,Fortnightly,No,No,21.336734693877553,Low Loyalty,"At Risk (Low Value, No Discounts)"
2149,19,Male,Nebraska,45,19,T-shirt,Clothing,XL,Turquoise,Winter,4.6,No,2-Day Shipping,PayPal,Bi-Weekly,No,No,23.520408163265305,Low Loyalty,"At Risk (Low Value, No Discounts)"
2150,38,Male,Hawaii,21,1,Sandals,Footwear,L,Orange,Winter,4.0,No,Standard,Bank Transfer,Weekly,No,No,10.500000000000002,Low Loyalty,"At Risk (Low Value, No Discounts)"
2151,57,Male,Illinois,40,12,Shirt,Clothing,M,Orange,Spring,2.6,No,2-Day Shipping,Cash,Weekly,No,No,26.73469387755102,Low Loyalty,"At Risk (Low Value, No Discounts)"
2152,70,Male,Vermont,58,18,Jeans,Clothing,L,Brown,Fall,2.6,No,2-Day Shipping,Venmo,Monthly,No,No,35.40816326530612,Medium Loyalty,Mixed Behavior
2153,38,Male,New Jersey,48,43,Shorts,Clothing,L,Magenta,Summer,4.5,No,Next Day Air,Bank Transfer,Bi-Weekly,No,No,39.714285714285715,Medium Loyalty,Mixed Behavior
2154,35,Male,Kentucky,94,31,Shirt,Clothing,M,Violet,Fall,4.2,No,Free Shipping,PayPal,Annually,No,No,58.36734693877551,High Loyalty,Genuinely Loyal (No Discounts Needed)
2155,46,Male,Wyoming,74,33,Scarf,Accessories,M,Violet,Spring,3.4,No,Store Pickup,Cash,Every 3 Months,No,No,46.59183673469388,Medium Loyalty,Mixed Behavior
2156,32,Male,Hawaii,51,46,Handbag,Accessories,L,Yellow,Fall,3.7,No,Store Pickup,PayPal,Monthly,No,No,49.05102040816327,Medium Loyalty,Mixed Behavior
2157,38,Male,Missouri,83,41,Skirt,Clothing,M,Maroon,Winter,3.6,No,Next Day Air,Debit Card,Bi-Weekly,No,No,55.98979591836735,High Loyalty,Genuinely Loyal (No Discounts Needed)
2158,41,Male,Mississippi,68,41,Handbag,Accessories,L,Turquoise,Winter,4.0,No,Next Day Air,Venmo,Fortnightly,No,No,56.489795918367356,High Loyalty,Genuinely Loyal (No Discounts Needed)
2159,19,Male,Massachusetts,84,9,Gloves,Accessories,XL,Olive,Spring,4.6,No,Standard,Bank Transfer,Fortnightly,No,No,44.89795918367348,Medium Loyalty,Mixed Behavior
2160,18,Male,Louisiana,58,34,Shirt,Clothing,M,Peach,Fall,3.0,No,Free Shipping,Cash,Annually,No,No,42.204081632653065,Medium Loyalty,Mixed Behavior
2161,45,Male,West Virginia,92,21,Blouse,Clothing,L,Charcoal,Winter,3.3,No,Express,PayPal,Annually,No,No,51.244897959183675,Medium Loyalty,Mixed Behavior
2162,23,Male,Washington,69,5,Dress,Clothing,S,Peach,Summer,3.8,No,Express,Debit Card,Fortnightly,No,No,34.94897959183674,Medium Loyalty,Mixed Behavior
2163,60,Male,Oregon,48,32,Shorts,Clothing,S,Black,Summer,2.7,No,Free Shipping,PayPal,Weekly,No,No,42.9795918367347,Medium Loyalty,Mixed Behavior
2164,52,Male,New York,60,44,Shoes,Footwear,L,Gray,Spring,4.5,No,Express,Bank Transfer,Monthly,No,No,52.326530612244895,Medium Loyalty,Mixed Behavior
2165,42,Male,Iowa,20,46,Sandals,Footwear,S,Olive,Winter,4.8,No,Next Day Air,PayPal,Bi-Weekly,No,No,27.55102040816326,Low Loyalty,"At Risk (Low Value, No Discounts)"
2166,29,Male,Idaho,55,42,Pants,Clothing,M,Turquoise,Summer,4.2,No,Express,Credit Card,Every 3 Months,No,No,42.60204081632652,Medium Loyalty,Mixed Behavior
2167,31,Male,New Jersey,88,50,Jacket,Outerwear,S,Purple,Spring,3.5,No,Express,Credit Card,Bi-Weekly,No,No,64.00000000000001,High Loyalty,Genuinely Loyal (No Discounts Needed)
2168,30,Male,Ohio,48,33,Skirt,Clothing,L,Green,Winter,4.9,No,Standard,Venmo,Fortnightly,No,No,41.591836734693885,Medium Loyalty,Mixed Behavior
2169,23,Male,Connecticut,74,32,Handbag,Accessories,M,Beige,Spring,4.1,No,Next Day Air,Cash,Quarterly,No,No,45.97959183673469,Medium Loyalty,Mixed Behavior
2170,31,Male,Florida,42,32,Coat,Outerwear,M,Brown,Fall,2.9,No,Next Day Air,Bank Transfer,Bi-Weekly,No,No,29.97959183673469,Low Loyalty,"At Risk (Low Value, No Discounts)"
2171,40,Male,South Carolina,32,37,Sweater,Clothing,M,Turquoise,Fall,4.0,No,Next Day Air,Venmo,Every 3 Months,No,No,28.04081632653061,Low Loyalty,"At Risk (Low Value, No Discounts)"
2172,39,Male,Missouri,98,9,Shorts,Clothing,M,Yellow,Summer,4.6,No,Store Pickup,Cash,Fortnightly,No,No,51.89795918367348,Medium Loyalty,Mixed Behavior
2173,28,Male,Rhode Island,89,6,Skirt,Clothing,S,Lavender,Fall,2.8,No,Store Pickup,PayPal,Fortnightly,No,No,45.56122448979592,Medium Loyalty,Mixed Behavior
2174,23,Male,Delaware,97,36,Gloves,Accessories,S,Cyan,Summer,5.0,No,2-Day Shipping,Venmo,Quarterly,No,No,59.92857142857143,High Loyalty,Genuinely Loyal (No Discounts Needed)
2175,42,Male,Colorado,49,1,Backpack,Accessories,S,Olive,Spring,2.9,No,Store Pickup,Cash,Annually,No,No,17.5,Low Loyalty,"At Risk (Low Value, No Discounts)"
2176,68,Male,Nebraska,50,48,Dress,Clothing,M,Silver,Spring,3.3,No,Free Shipping,Credit Card,Fortnightly,No,No,51.775510204081634,Medium Loyalty,Mixed Behavior
2177,24,Male,Vermont,91,44,Belt,Accessories,S,Red,Winter,3.4,No,2-Day Shipping,Debit Card,Quarterly,No,No,61.82653061224489,High Loyalty,Genuinely Loyal (No Discounts Needed)
2178,24,Male,Montana,93,9,Gloves,Accessories,XL,Green,Winter,3.0,No,Express,PayPal,Bi-Weekly,No,No,41.39795918367347,Medium Loyalty,Mixed Behavior
2179,21,Male,Florida,98,32,Jewelry,Accessories,M,Gold,Summer,4.7,No,Standard,Venmo,Annually,No,No,60.979591836734706,High Loyalty,Genuinely Loyal (No Discounts Needed)
2180,49,Male,Delaware,82,14,Socks,Clothing,L,Lavender,Fall,2.9,No,Next Day Air,PayPal,Monthly,No,No,44.95918367346939,Medium Loyalty,Mixed Behavior
2181,41,Male,Connecticut,37,43,Coat,Outerwear,M,Yellow,Summer,4.1,No,Store Pickup,Cash,Quarterly,No,No,34.214285714285715,Medium Loyalty,Mixed Behavior
2182,22,Male,Hawaii,63,32,Handbag,Accessories,M,Black,Fall,3.2,No,Free Shipping,Bank Transfer,Bi-Weekly,No,No,40.4795918367347,Medium Loyalty,Mixed Behavior
2183,42,Male,New Mexico,99,26,Blouse,Clothing,M,Maroon,Winter,2.7,No,Store Pickup,Venmo,Bi-Weekly,No,No,54.806122448979586,High Loyalty,Genuinely Loyal (No Discounts Needed)
2184,30,Male,Kansas,37,2,Shorts,Clothing,M,Maroon,Spring,4.7,No,Store Pickup,Cash,Monthly,No,No,15.112244897959187,Low Loyalty,"At Risk (Low Value, No Discounts)"
2185,38,Male,Nevada,34,16,Shoes,Footwear,S,Gold,Spring,3.2,No,Free Shipping,PayPal,Every 3 Months,No,No,16.183673469387756,Low Loyalty,"At Risk (Low Value, No Discounts)"
2186,40,Male,North Carolina,32,50,Shorts,Clothing,M,Violet,Winter,2.5,No,Express,Debit Card,Every 3 Months,No,No,36.0,Medium Loyalty,Mixed Behavior
2187,55,Male,New Mexico,23,6,Sandals,Footwear,XL,Teal,Winter,4.3,No,Next Day Air,PayPal,Every 3 Months,No,No,4.5612244897959195,Low Loyalty,"At Risk (Low Value, No Discounts)"
2188,37,Male,Idaho,78,20,Blouse,Clothing,M,Violet,Spring,4.4,No,Free Shipping,PayPal,Annually,No,No,43.63265306122449,Medium Loyalty,Mixed Behavior
2189,41,Male,California,54,9,Coat,Outerwear,M,Brown,Winter,4.7,No,Next Day Air,Credit Card,Weekly,No,No,31.897959183673475,Low Loyalty,"At Risk (Low Value, No Discounts)"
2190,38,Male,Wisconsin,94,47,Blouse,Clothing,XL,Brown,Fall,4.0,No,Express,Credit Card,Bi-Weekly,No,No,65.16326530612245,High Loyalty,Genuinely Loyal (No Discounts Needed)
2191,42,Male,Alaska,75,33,Belt,Accessories,S,Maroon,Spring,4.6,No,Express,Credit Card,Annually,No,No,50.091836734693885,Medium Loyalty,Mixed Behavior
2192,26,Male,Pennsylvania,69,46,Blouse,Clothing,S,Maroon,Summer,3.8,No,Next Day Air,Cash,Bi-Weekly,No,No,52.05102040816326,Medium Loyalty,Mixed Behavior
2193,41,Male,Virginia,35,9,Scarf,Accessories,L,Yellow,Winter,3.2,No,Next Day Air,Credit Card,Monthly,No,No,18.39795918367347,Low Loyalty,"At Risk (Low Value, No Discounts)"
2194,27,Male,California,78,8,Shirt,Clothing,L,Turquoise,Spring,5.0,No,Express,PayPal,Monthly,No,No,39.28571428571429,Medium Loyalty,Mixed Behavior
2195,61,Male,Kentucky,29,48,Socks,Clothing,M,Silver,Summer,3.5,No,Standard,Bank Transfer,Quarterly,No,No,33.275510204081634,Low Loyalty,"At Risk (Low Value, No Discounts)"
2196,58,Male,New York,62,2,Jeans,Clothing,M,Brown,Fall,3.7,No,Next Day Air,Cash,Monthly,No,No,27.612244897959183,Low Loyalty,"At Risk (Low Value, No Discounts)"
2197,25,Male,Vermont,58,31,Dress,Clothing,M,Gray,Spring,4.8,No,Next Day Air,PayPal,Weekly,No,No,47.36734693877551,Medium Loyalty,Mixed Behavior
2198,33,Male,Pennsylvania,88,40,Boots,Footwear,M,Indigo,Summer,3.7,No,2-Day Shipping,Venmo,Monthly,No,No,63.87755102040818,High Loyalty,Genuinely Loyal (No Discounts Needed)
2199,57,Male,New York,80,35,Scarf,Accessories,L,Turquoise,Summer,3.5,No,Free Shipping,Venmo,Monthly,No,No,56.81632653061224,High Loyalty,Genuinely Loyal (No Discounts Needed)
2200,39,Male,North Carolina,47,40,Scarf,Accessories,M,Maroon,Summer,4.9,No,Store Pickup,Debit Card,Monthly,No,No,43.37755102040816,Medium Loyalty,Mixed Behavior
2201,60,Male,Wyoming,51,27,Gloves,Accessories,L,Charcoal,Summer,4.7,No,Next Day Air,Debit Card,Every 3 Months,No,No,31.418367346938776,Low Loyalty,"At Risk (Low Value, No Discounts)"
2202,39,Male,Ohio,25,10,Pants,Clothing,L,Peach,Spring,4.9,No,2-Day Shipping,Venmo,Annually,No,No,11.010204081632653,Low Loyalty,"At Risk (Low Value, No Discounts)"
2203,42,Male,Alabama,36,23,Dress,Clothing,M,Red,Summer,4.3,No,Next Day Air,Credit Card,Weekly,No,No,31.46938775510204,Low Loyalty,"At Risk (Low Value, No Discounts)"
2204,53,Male,Rhode Island,79,32,Dress,Clothing,M,Indigo,Winter,3.1,No,Free Shipping,Cash,Quarterly,No,No,48.47959183673469,Medium Loyalty,Mixed Behavior
2205,20,Male,Oregon,41,6,Jeans,Clothing,S,Lavender,Winter,3.4,No,2-Day Shipping,Debit Card,Monthly,No,No,19.561224489795922,Low Loyalty,"At Risk (Low Value, No Discounts)"
2206,46,Male,North Dakota,68,27,Sweater,Clothing,XL,Red,Fall,2.7,No,Express,PayPal,Weekly,No,No,49.91836734693877,Medium Loyalty,Mixed Behavior
2207,46,Male,Illinois,51,25,Sandals,Footwear,L,Green,Spring,2.6,No,Store Pickup,Bank Transfer,Fortnightly,No,No,38.193877551020414,Medium Loyalty,Mixed Behavior
2208,69,Male,New Mexico,38,11,Handbag,Accessories,M,Gray,Fall,2.9,No,Next Day Air,Credit Card,Annually,No,No,18.122448979591837,Low Loyalty,"At Risk (Low Value, No Discounts)"
2209,28,Male,Colorado,46,23,Scarf,Accessories,XL,Violet,Summer,2.7,No,2-Day Shipping,PayPal,Monthly,No,No,32.46938775510204,Low Loyalty,"At Risk (Low Value, No Discounts)"
2210,42,Male,Utah,20,44,Sandals,Footwear,XL,Beige,Summer,4.5,No,2-Day Shipping,Bank Transfer,Quarterly,No,No,26.32653061224489,Low Loyalty,"At Risk (Low Value, No Discounts)"
2211,30,Male,Virginia,25,35,Sunglasses,Accessories,M,Orange,Summer,3.1,No,Store Pickup,PayPal,Fortnightly,No,No,31.316326530612244,Low Loyalty,"At Risk (Low Value, No Discounts)"
2212,50,Male,Maine,89,45,Sweater,Clothing,L,Purple,Winter,3.2,No,Free Shipping,Debit Card,Every 3 Months,No,No,61.43877551020408,High Loyalty,Genuinely Loyal (No Discounts Needed)
2213,59,Male,Nebraska,77,22,Pants,Clothing,M,Brown,Winter,3.3,No,Next Day Air,Bank Transfer,Quarterly,No,No,41.35714285714286,Medium Loyalty,Mixed Behavior
2214,54,Male,Hawaii,94,18,Hat,Accessories,M,Maroon,Fall,2.9,No,Express,Debit Card,Quarterly,No,No,47.40816326530612,Medium Loyalty,Mixed Behavior
2215,50,Male,Idaho,100,20,Belt,Accessories,L,Gold,Fall,4.1,No,Standard,Debit Card,Weekly,No,No,61.63265306122449,High Loyalty,Genuinely Loyal (No Discounts Needed)
2216,25,Male,West Virginia,96,28,Sandals,Footwear,M,Indigo,Winter,2.7,No,Express,Credit Card,Fortnightly,No,No,62.53061224489797,High Loyalty,Genuinely Loyal (No Discounts Needed)
2217,41,Male,Vermont,36,15,Pants,Clothing,XL,Silver,Winter,4.0,No,Store Pickup,Venmo,Bi-Weekly,No,No,16.57142857142857,Low Loyalty,"At Risk (Low Value, No Discounts)"
2218,35,Male,Indiana,27,42,Jewelry,Accessories,XL,Red,Fall,2.6,No,Store Pickup,Bank Transfer,Fortnightly,No,No,36.60204081632653,Medium Loyalty,Mixed Behavior
2219,67,Male,Idaho,67,20,Sunglasses,Accessories,M,Magenta,Winter,3.5,No,Store Pickup,Debit Card,Quarterly,No,No,35.13265306122449,Medium Loyalty,Mixed Behavior
2220,33,Male,Minnesota,91,16,Blouse,Clothing,S,Purple,Fall,2.8,No,Store Pickup,Bank Transfer,Fortnightly,No,No,52.683673469387756,Medium Loyalty,Mixed Behavior
2221,19,Male,Wyoming,62,47,Belt,Accessories,XL,Beige,Fall,4.5,No,Store Pickup,Cash,Annually,No,No,52.163265306122454,Medium Loyalty,Mixed Behavior
2222,25,Male,Kansas,88,34,Shorts,Clothing,XL,White,Fall,3.0,No,Free Shipping,Credit Card,Annually,No,No,57.20408163265307,High Loyalty,Genuinely Loyal (No Discounts Needed)
2223,32,Male,Georgia,66,30,Pants,Clothing,M,Teal,Summer,4.4,No,Store Pickup,Credit Card,Weekly,No,No,50.755102040816325,Medium Loyalty,Mixed Behavior
2224,30,Male,Kansas,65,5,Sandals,Footwear,M,Gray,Fall,4.7,No,Next Day Air,PayPal,Quarterly,No,No,24.948979591836736,Low Loyalty,"At Risk (Low Value, No Discounts)"
2225,18,Male,Nebraska,25,38,Gloves,Accessories,L,Charcoal,Winter,4.3,No,Standard,Cash,Quarterly,No,No,25.153061224489793,Low Loyalty,"At Risk (Low Value, No Discounts)"
2226,38,Male,Washington,64,18,Belt,Accessories,S,Olive,Spring,4.8,No,Free Shipping,Credit Card,Annually,No,No,35.40816326530612,Medium Loyalty,Mixed Behavior
2227,22,Male,Missouri,72,28,Shirt,Clothing,L,Blue,Spring,4.8,No,Store Pickup,Cash,Annually,No,No,45.53061224489796,Medium Loyalty,Mixed Behavior
2228,40,Male,Washington,74,42,Scarf,Accessories,S,Gray,Summer,4.4,No,Next Day Air,Credit Card,Fortnightly,No,No,60.10204081632653,High Loyalty,Genuinely Loyal (No Discounts Needed)
2229,54,Male,Kansas,50,5,Gloves,Accessories,M,Green,Fall,3.7,No,Free Shipping,Credit Card,Weekly,No,No,27.448979591836736,Low Loyalty,"At Risk (Low Value, No Discounts)"
2230,70,Male,Minnesota,97,50,Pants,Clothing,M,Silver,Fall,3.9,No,Express,Venmo,Monthly,No,No,74.50000000000001,High Loyalty,Genuinely Loyal (No Discounts Needed)
2231,52,Male,Colorado,36,33,Sneakers,Footwear,S,Teal,Spring,3.8,No,Express,Venmo,Fortnightly,No,No,35.59183673469388,Medium Loyalty,Mixed Behavior
2232,34,Male,Utah,49,1,Jacket,Outerwear,M,Beige,Fall,4.1,No,Store Pickup,Credit Card,Weekly,No,No,24.500000000000004,Low Loyalty,"At Risk (Low Value, No Discounts)"
2233,65,Male,North Carolina,64,14,Shoes,Footwear,L,Lavender,Spring,4.0,No,Store Pickup,Cash,Fortnightly,No,No,37.95918367346939,Medium Loyalty,Mixed Behavior
2234,38,Male,Florida,31,48,Blouse,Clothing,XL,Gray,Summer,4.5,No,Express,Credit Card,Monthly,No,No,40.27551020408163,Medium Loyalty,Mixed Behavior
2235,35,Male,New Hampshire,66,26,Boots,Footwear,S,Yellow,Winter,4.0,No,Express,Cash,Weekly,No,No,48.30612244897959,Medium Loyalty,Mixed Behavior
2236,40,Male,Illinois,82,44,Socks,Clothing,M,Gray,Spring,4.5,No,2-Day Shipping,Credit Card,Annually,No,No,60.3265306122449,High Loyalty,Genuinely Loyal (No Discounts Needed)
2237,23,Male,Louisiana,88,18,T-shirt,Clothing,M,Yellow,Winter,2.7,No,Standard,Debit Card,Fortnightly,No,No,52.40816326530613,Medium Loyalty,Mixed Behavior
2238,45,Male,Alabama,34,31,Sandals,Footwear,S,Black,Summer,3.8,No,Next Day Air,Venmo,Every 3 Months,No,No,25.36734693877551,Low Loyalty,"At Risk (Low Value, No Discounts)"
2239,40,Male,Florida,84,18,Sneakers,Footwear,L,Beige,Winter,3.8,No,Standard,Debit Card,Weekly,No,No,52.40816326530613,Medium Loyalty,Mixed Behavior
2240,42,Male,Alabama,96,41,Jewelry,Accessories,L,Indigo,Summer,3.8,No,2-Day Shipping,Credit Card,Every 3 Months,No,No,62.48979591836735,High Loyalty,Genuinely Loyal (No Discounts Needed)
2241,57,Male,California,71,18,Sandals,Footwear,L,Green,Winter,4.3,No,Next Day Air,Debit Card,Every 3 Months,No,No,35.90816326530613,Medium Loyalty,Mixed Behavior
2242,18,Male,Maryland,77,3,Jacket,Outerwear,M,Purple,Summer,3.5,No,Free Shipping,Bank Transfer,Bi-Weekly,No,No,29.72448979591837,Low Loyalty,"At Risk (Low Value, No Discounts)"
2243,18,Male,Nevada,66,5,Skirt,Clothing,M,Orange,Spring,3.8,No,Next Day Air,Credit Card,Bi-Weekly,No,No,25.44897959183674,Low Loyalty,"At Risk (Low Value, No Discounts)"
2244,56,Male,Massachusetts,21,13,Shirt,Clothing,M,Teal,Winter,3.7,No,2-Day Shipping,Debit Card,Annually,No,No,10.846938775510203,Low Loyalty,"At Risk (Low Value, No Discounts)"
2245,35,Male,South Carolina,37,22,Shorts,Clothing,M,Gold,Summer,4.8,No,2-Day Shipping,PayPal,Annually,No,No,24.357142857142854,Low Loyalty,"At Risk (Low Value, No Discounts)"
2246,49,Male,Delaware,90,45,Socks,Clothing,L,Gray,Fall,4.9,No,Free Shipping,PayPal,Fortnightly,No,No,69.93877551020408,High Loyalty,Genuinely Loyal (No Discounts Needed)
2247,49,Male,Hawaii,96,39,Jacket,Outerwear,M,Cyan,Fall,4.3,No,Store Pickup,PayPal,Every 3 Months,No,No,61.26530612244898,High Loyalty,Genuinely Loyal (No Discounts Needed)
2248,34,Male,Florida,37,18,Jewelry,Accessories,L,Teal,Summer,4.4,No,Next Day Air,Venmo,Annually,No,No,21.908163265306122,Low Loyalty,"At Risk (Low Value, No Discounts)"
2249,63,Male,Rhode Island,66,19,T-shirt,Clothing,M,Violet,Winter,3.4,No,Free Shipping,PayPal,Fortnightly,No,No,42.02040816326531,Medium Loyalty,Mixed Behavior
2250,42,Male,Wyoming,45,29,Gloves,Accessories,XL,Indigo,Spring,4.3,No,Next Day Air,Debit Card,Weekly,No,No,39.64285714285714,Medium Loyalty,Mixed Behavior
2251,41,Male,Colorado,89,19,Shoes,Footwear,L,Pink,Summer,4.6,No,Store Pickup,Credit Card,Weekly,No,No,55.52040816326531,High Loyalty,Genuinely Loyal (No Discounts Needed)
2252,26,Male,Virginia,94,22,Shoes,Footwear,L,Gold,Fall,3.8,No,Free Shipping,Debit Card,Monthly,No,No,55.85714285714285,High Loyalty,Genuinely Loyal (No Discounts Needed)
2253,48,Male,Nebraska,96,21,Shoes,Footwear,S,Maroon,Summer,3.9,No,Express,Bank Transfer,Annually,No,No,53.24489795918369,Medium Loyalty,Mixed Behavior
2254,62,Male,Oklahoma,31,22,Hoodie,Clothing,M,Brown,Spring,2.6,No,Store Pickup,PayPal,Monthly,No,No,24.357142857142854,Low Loyalty,"At Risk (Low Value, No Discounts)"
2255,24,Male,North Dakota,79,44,Belt,Accessories,M,Gold,Winter,4.2,No,Store Pickup,PayPal,Every 3 Months,No,No,55.826530612244895,High Loyalty,Genuinely Loyal (No Discounts Needed)
2256,48,Male,Michigan,39,42,Coat,Outerwear,L,Teal,Spring,4.6,No,Store Pickup,Bank Transfer,Quarterly,No,No,34.60204081632653,Medium Loyalty,Mixed Behavior
2257,31,Male,California,22,33,Blouse,Clothing,M,Turquoise,Fall,5.0,No,Standard,Credit Card,Quarterly,No,No,20.591836734693878,Low Loyalty,"At Risk (Low Value, No Discounts)"
2258,41,Male,Tennessee,32,6,Skirt,Clothing,L,Olive,Fall,4.2,No,Standard,Bank Transfer,Annually,No,No,12.061224489795919,Low Loyalty,"At Risk (Low Value, No Discounts)"
2259,24,Male,Ohio,71,44,T-shirt,Clothing,L,Cyan,Winter,4.3,No,Store Pickup,Credit Card,Every 3 Months,No,No,51.826530612244895,Medium Loyalty,Mixed Behavior
2260,60,Male,Florida,96,24,Jeans,Clothing,XL,Beige,Spring,3.3,No,Free Shipping,Cash,Annually,No,No,55.08163265306124,High Loyalty,Genuinely Loyal (No Discounts Needed)
2261,38,Male,Missouri,82,16,Scarf,Accessories,M,Blue,Fall,4.9,No,Express,PayPal,Quarterly,No,No,40.183673469387756,Medium Loyalty,Mixed Behavior
2262,58,Male,South Carolina,76,12,Backpack,Accessories,L,Gold,Spring,4.4,No,Standard,Bank Transfer,Fortnightly,No,No,42.73469387755103,Medium Loyalty,Mixed Behavior
2263,53,Male,Arizona,22,50,Backpack,Accessories,M,Green,Winter,3.1,No,2-Day Shipping,PayPal,Monthly,No,No,37.0,Medium Loyalty,Mixed Behavior
2264,44,Male,Indiana,40,42,Scarf,Accessories,XL,Green,Winter,3.5,No,Store Pickup,Cash,Quarterly,No,No,35.10204081632653,Medium Loyalty,Mixed Behavior
2265,51,Male,North Dakota,92,50,Hat,Accessories,M,Turquoise,Summer,3.9,No,2-Day Shipping,PayPal,Monthly,No,No,72.00000000000001,High Loyalty,Genuinely Loyal (No Discounts Needed)
2266,36,Male,Montana,94,10,Coat,Outerwear,XL,Yellow,Fall,3.9,No,Store Pickup,PayPal,Quarterly,No,No,42.51020408163266,Medium Loyalty,Mixed Behavior
2267,20,Male,Missouri,44,32,Dress,Clothing,M,Yellow,Fall,4.3,No,Store Pickup,Debit Card,Weekly,No,No,40.9795918367347,Medium Loyalty,Mixed Behavior
2268,32,Male,Kentucky,49,37,Gloves,Accessories,S,Blue,Spring,3.8,No,Express,Venmo,Weekly,No,No,46.54081632653061,Medium Loyalty,Mixed Behavior
2269,66,Male,Georgia,26,15,Sweater,Clothing,L,Charcoal,Spring,2.7,No,2-Day Shipping,Bank Transfer,Monthly,No,No,17.57142857142857,Low Loyalty,"At Risk (Low Value, No Discounts)"
2270,49,Male,Kentucky,38,27,Skirt,Clothing,M,Yellow,Fall,4.4,No,Store Pickup,Credit Card,Annually,No,No,27.918367346938776,Low Loyalty,"At Risk (Low Value, No Discounts)"
2271,27,Male,Georgia,72,7,Blouse,Clothing,L,Purple,Spring,3.5,No,Express,Venmo,Weekly,No,No,39.6734693877551,Medium Loyalty,Mixed Behavior
2272,29,Male,Alaska,99,49,Dress,Clothing,M,Green,Summer,3.4,No,Free Shipping,PayPal,Quarterly,No,No,68.88775510204081,High Loyalty,Genuinely Loyal (No Discounts Needed)
2273,29,Male,Maine,38,44,Jacket,Outerwear,L,Charcoal,Spring,4.0,No,Standard,PayPal,Monthly,No,No,41.326530612244895,Medium Loyalty,Mixed Behavior
2274,55,Male,New Mexico,96,13,Coat,Outerwear,L,Silver,Winter,4.8,No,Express,PayPal,Bi-Weekly,No,No,45.34693877551022,Medium Loyalty,Mixed Behavior
2275,57,Male,New York,27,38,Dress,Clothing,L,Turquoise,Spring,4.5,No,Next Day Air,PayPal,Fortnightly,No,No,34.1530612244898,Medium Loyalty,Mixed Behavior
2276,29,Male,Oklahoma,24,10,Shorts,Clothing,M,Gray,Winter,4.4,No,Standard,Debit Card,Weekly,No,No,17.510204081632654,Low Loyalty,"At Risk (Low Value, No Discounts)"
2277,31,Male,Wyoming,82,25,Jeans,Clothing,L,Red,Summer,4.1,No,2-Day Shipping,Debit Card,Weekly,No,No,55.69387755102041,High Loyalty,Genuinely Loyal (No Discounts Needed)
2278,25,Male,Alabama,56,18,Hat,Accessories,M,Beige,Summer,4.6,No,Next Day Air,Credit Card,Quarterly,No,No,28.408163265306126,Low Loyalty,"At Risk (Low Value, No Discounts)"
2279,61,Male,Maryland,25,6,Gloves,Accessories,M,Maroon,Fall,3.8,No,Store Pickup,Cash,Every 3 Months,No,No,5.561224489795919,Low Loyalty,"At Risk (Low Value, No Discounts)"
2280,53,Male,West Virginia,67,35,Sneakers,Footwear,L,Indigo,Spring,2.9,No,Free Shipping,Bank Transfer,Quarterly,No,No,44.316326530612244,Medium Loyalty,Mixed Behavior
2281,22,Male,Kentucky,21,31,Shoes,Footwear,M,Red,Summer,2.8,No,Standard,Credit Card,Fortnightly,No,No,26.867346938775505,Low Loyalty,"At Risk (Low Value, No Discounts)"
2282,28,Male,Kansas,27,41,Hoodie,Clothing,XL,Maroon,Summer,3.0,No,Store Pickup,Bank Transfer,Annually,No,No,30.989795918367346,Low Loyalty,"At Risk (Low Value, No Discounts)"
2283,18,Male,Idaho,97,8,Sneakers,Footwear,S,Red,Fall,4.2,No,2-Day Shipping,Credit Card,Annually,No,No,45.7857142857143,Medium Loyalty,Mixed Behavior
2284,44,Male,Ohio,45,34,Handbag,Accessories,S,Black,Winter,4.1,No,Free Shipping,Credit Card,Fortnightly,No,No,40.70408163265306,Medium Loyalty,Mixed Behavior
2285,32,Male,Iowa,63,20,Blouse,Clothing,XL,Black,Fall,4.1,No,Express,Venmo,Annually,No,No,36.132653061224495,Medium Loyalty,Mixed Behavior
2286,34,Male,Michigan,100,38,Belt,Accessories,L,Pink,Summer,4.6,No,2-Day Shipping,PayPal,Every 3 Months,No,No,62.65306122448979,High Loyalty,Genuinely Loyal (No Discounts Needed)
2287,67,Male,South Dakota,38,35,Socks,Clothing,L,Blue,Spring,2.5,No,Store Pickup,Venmo,Quarterly,No,No,29.816326530612248,Low Loyalty,"At Risk (Low Value, No Discounts)"
2288,66,Male,Nebraska,45,6,Blouse,Clothing,L,Green,Summer,3.0,No,Store Pickup,Debit Card,Annually,No,No,18.56122448979592,Low Loyalty,"At Risk (Low Value, No Discounts)"
2289,28,Male,California,91,50,Jewelry,Accessories,M,Orange,Fall,3.8,No,Next Day Air,PayPal,Weekly,No,No,75.5,High Loyalty,Genuinely Loyal (No Discounts Needed)
2290,70,Male,Nevada,82,47,Shorts,Clothing,M,Orange,Fall,4.1,No,Free Shipping,Venmo,Weekly,No,No,69.16326530612245,High Loyalty,Genuinely Loyal (No Discounts Needed)
2291,37,Male,Kansas,48,23,Boots,Footwear,L,Magenta,Winter,3.3,No,Standard,PayPal,Quarterly,No,No,27.469387755102044,Low Loyalty,"At Risk (Low Value, No Discounts)"
2292,28,Male,Ohio,30,13,Coat,Outerwear,M,Indigo,Spring,5.0,No,2-Day Shipping,Credit Card,Quarterly,No,No,12.346938775510203,Low Loyalty,"At Risk (Low Value, No Discounts)"
2293,43,Male,Vermont,34,31,T-shirt,Clothing,S,Beige,Spring,3.8,No,Next Day Air,Debit Card,Monthly,No,No,31.36734693877551,Low Loyalty,"At Risk (Low Value, No Discounts)"
2294,37,Male,Georgia,68,16,Sweater,Clothing,L,Green,Fall,3.3,No,Express,Debit Card,Every 3 Months,No,No,33.183673469387756,Low Loyalty,"At Risk (Low Value, No Discounts)"
2295,54,Male,Maryland,95,40,Sunglasses,Accessories,M,Red,Winter,5.0,No,Express,Debit Card,Annually,No,No,64.37755102040816,High Loyalty,Genuinely Loyal (No Discounts Needed)
2296,50,Male,Connecticut,22,45,Hat,Accessories,L,Beige,Spring,2.9,No,2-Day Shipping,PayPal,Quarterly,No,No,27.938775510204078,Low Loyalty,"At Risk (Low Value, No Discounts)"
2297,46,Male,Washington,88,50,Gloves,Accessories,M,Green,Fall,2.5,No,Next Day Air,Venmo,Every 3 Months,No,No,64.00000000000001,High Loyalty,Genuinely Loyal (No Discounts Needed)
2298,60,Male,California,83,1,Socks,Clothing,M,Orange,Summer,4.7,No,Standard,Bank Transfer,Quarterly,No,No,31.500000000000007,Low Loyalty,"At Risk (Low Value, No Discounts)"
2299,40,Male,Montana,87,10,Handbag,Accessories,L,Cyan,Spring,2.9,No,2-Day Shipping,Cash,Every 3 Months,No,No,39.01020408163266,Medium Loyalty,Mixed Behavior
2300,64,Male,Idaho,57,48,Coat,Outerwear,M,Violet,Summer,3.7,No,Store Pickup,Credit Card,Every 3 Months,No,No,47.27551020408163,Medium Loyalty,Mixed Behavior
2301,18,Male,Pennsylvania,88,38,Coat,Outerwear,XL,Lavender,Summer,4.4,No,2-Day Shipping,Credit Card,Monthly,No,No,62.65306122448979,High Loyalty,Genuinely Loyal (No Discounts Needed)
2302,37,Male,Maine,20,21,Pants,Clothing,L,Turquoise,Winter,2.9,No,Next Day Air,Debit Card,Annually,No,No,15.244897959183673,Low Loyalty,"At Risk (Low Value, No Discounts)"
2303,36,Male,Montana,39,38,Belt,Accessories,L,Pink,Summer,3.6,No,Store Pickup,Venmo,Monthly,No,No,38.1530612244898,Medium Loyalty,Mixed Behavior
2304,51,Male,New Jersey,71,31,Sunglasses,Accessories,S,Beige,Spring,4.8,No,2-Day Shipping,Credit Card,Fortnightly,No,No,51.867346938775505,Medium Loyalty,Mixed Behavior
2305,26,Male,Louisiana,73,9,Hoodie,Clothing,L,Silver,Winter,4.7,No,Free Shipping,Debit Card,Fortnightly,No,No,39.39795918367348,Medium Loyalty,Mixed Behavior
2306,68,Male,Maine,63,47,Handbag,Accessories,M,Gold,Summer,2.6,No,Free Shipping,Cash,Weekly,No,No,59.66326530612245,High Loyalty,Genuinely Loyal (No Discounts Needed)
2307,27,Male,Florida,78,8,Gloves,Accessories,L,Silver,Winter,3.4,No,Standard,Cash,Bi-Weekly,No,No,33.28571428571429,Low Loyalty,"At Risk (Low Value, No Discounts)"
2308,28,Male,Missouri,96,30,Skirt,Clothing,L,Green,Fall,3.5,No,Next Day Air,Debit Card,Annually,No,No,58.75510204081633,High Loyalty,Genuinely Loyal (No Discounts Needed)
2309,49,Male,North Dakota,81,22,Sunglasses,Accessories,M,Teal,Winter,3.4,No,2-Day Shipping,Bank Transfer,Quarterly,No,No,43.35714285714285,Medium Loyalty,Mixed Behavior
2310,70,Male,Connecticut,95,3,Dress,Clothing,S,Gold,Fall,5.0,No,2-Day Shipping,Bank Transfer,Quarterly,No,No,38.724489795918366,Medium Loyalty,Mixed Behavior
2311,30,Male,Virginia,68,15,Gloves,Accessories,M,Cyan,Spring,4.6,No,Standard,PayPal,Monthly,No,No,38.57142857142858,Medium Loyalty,Mixed Behavior
2312,27,Male,Montana,28,10,Sneakers,Footwear,L,Gold,Spring,4.8,No,2-Day Shipping,Bank Transfer,Every 3 Months,No,No,9.510204081632653,Low Loyalty,"At Risk (Low Value, No Discounts)"
2313,19,Male,Vermont,30,19,T-shirt,Clothing,L,Violet,Summer,3.7,No,Free Shipping,Cash,Every 3 Months,No,No,16.020408163265305,Low Loyalty,"At Risk (Low Value, No Discounts)"
2314,64,Male,Georgia,31,36,Dress,Clothing,M,Black,Summer,4.7,No,Next Day Air,Bank Transfer,Fortnightly,No,No,34.92857142857142,Medium Loyalty,Mixed Behavior
2315,42,Male,Virginia,95,12,Handbag,Accessories,XL,Brown,Winter,4.4,No,Express,Bank Transfer,Every 3 Months,No,No,44.234693877551024,Medium Loyalty,Mixed Behavior
2316,69,Male,Vermont,79,49,Socks,Clothing,M,Indigo,Winter,3.5,No,2-Day Shipping,Debit Card,Quarterly,No,No,58.88775510204082,High Loyalty,Genuinely Loyal (No Discounts Needed)
2317,28,Male,Montana,39,7,Sneakers,Footwear,L,Yellow,Winter,3.8,No,Standard,Debit Card,Annually,No,No,16.173469387755105,Low Loyalty,"At Risk (Low Value, No Discounts)"
2318,47,Male,New Jersey,34,28,Jacket,Outerwear,M,Purple,Summer,4.7,No,Next Day Air,Bank Transfer,Monthly,No,No,29.53061224489796,Low Loyalty,"At Risk (Low Value, No Discounts)"
2319,69,Male,Wyoming,28,30,Hoodie,Clothing,L,White,Spring,3.1,No,Store Pickup,Credit Card,Annually,No,No,24.755102040816325,Low Loyalty,"At Risk (Low Value, No Discounts)"
2320,56,Male,Maine,38,29,Sandals,Footwear,XL,Turquoise,Winter,5.0,No,Free Shipping,PayPal,Monthly,No,No,32.142857142857146,Low Loyalty,"At Risk (Low Value, No Discounts)"
2321,28,Male,New Mexico,55,9,Shoes,Footwear,M,Olive,Spring,3.7,No,Free Shipping,Debit Card,Every 3 Months,No,No,22.39795918367347,Low Loyalty,"At Risk (Low Value, No Discounts)"
2322,50,Male,Colorado,31,27,Sandals,Footwear,M,Beige,Winter,3.0,No,Next Day Air,Debit Card,Fortnightly,No,No,29.418367346938773,Low Loyalty,"At Risk (Low Value, No Discounts)"
2323,39,Male,Connecticut,84,21,Coat,Outerwear,S,Lavender,Spring,4.5,No,Store Pickup,Venmo,Fortnightly,No,No,52.244897959183675,Medium Loyalty,Mixed Behavior
2324,35,Male,Maryland,93,36,Gloves,Accessories,L,White,Winter,4.7,No,Express,Credit Card,Monthly,No,No,63.92857142857142,High Loyalty,Genuinely Loyal (No Discounts Needed)
2325,59,Male,Oregon,28,19,Coat,Outerwear,L,Brown,Winter,3.5,No,Free Shipping,Debit Card,Annually,No,No,18.020408163265305,Low Loyalty,"At Risk (Low Value, No Discounts)"
2326,44,Male,New York,55,47,Boots,Footwear,M,Charcoal,Summer,4.4,No,2-Day Shipping,Cash,Weekly,No,No,55.66326530612245,High Loyalty,Genuinely Loyal (No Discounts Needed)
2327,66,Male,Oklahoma,63,38,Skirt,Clothing,L,Maroon,Winter,2.6,No,Standard,Bank Transfer,Annually,No,No,47.153061224489804,Medium Loyalty,Mixed Behavior
2328,20,Male,Alabama,94,22,Skirt,Clothing,M,Red,Winter,4.2,No,2-Day Shipping,Venmo,Bi-Weekly,No,No,49.857142857142854,Medium Loyalty,Mixed Behavior
2329,45,Male,North Dakota,36,29,Pants,Clothing,M,Maroon,Fall,2.6,No,Express,Venmo,Bi-Weekly,No,No,25.142857142857146,Low Loyalty,"At Risk (Low Value, No Discounts)"
2330,49,Male,Nebraska,97,42,Hat,Accessories,S,Teal,Spring,4.8,No,Free Shipping,Bank Transfer,Annually,No,No,66.60204081632654,High Loyalty,Genuinely Loyal (No Discounts Needed)
2331,60,Male,Arizona,63,47,Backpack,Accessories,L,Orange,Summer,2.9,No,Store Pickup,PayPal,Every 3 Months,No,No,49.66326530612245,Medium Loyalty,Mixed Behavior
2332,61,Male,Illinois,77,10,Scarf,Accessories,S,Olive,Spring,4.3,No,2-Day Shipping,Credit Card,Bi-Weekly,No,No,34.01020408163266,Medium Loyalty,Mixed Behavior
2333,36,Male,South Carolina,53,10,Scarf,Accessories,XL,Olive,Fall,2.6,No,Store Pickup,Venmo,Monthly,No,No,28.010204081632654,Low Loyalty,"At Risk (Low Value, No Discounts)"
2334,33,Male,Kansas,77,1,Shirt,Clothing,M,Beige,Spring,3.8,No,Next Day Air,PayPal,Every 3 Months,No,No,28.500000000000004,Low Loyalty,"At Risk (Low Value, No Discounts)"
2335,49,Male,Kansas,79,7,Boots,Footwear,L,Green,Summer,4.2,No,Standard,Credit Card,Monthly,No,No,39.173469387755105,Medium Loyalty,Mixed Behavior
2336,31,Male,Idaho,37,10,Coat,Outerwear,M,Black,Summer,3.9,No,Store Pickup,Venmo,Fortnightly,No,No,22.010204081632658,Low Loyalty,"At Risk (Low Value, No Discounts)"
2337,19,Male,California,94,11,Belt,Accessories,M,Green,Winter,3.1,No,Free Shipping,Credit Card,Weekly,No,No,53.12244897959184,Medium Loyalty,Mixed Behavior
2338,39,Male,North Dakota,76,5,Boots,Footwear,S,Violet,Fall,3.6,No,Store Pickup,Cash,Annually,No,No,33.44897959183674,Low Loyalty,"At Risk (Low Value, No Discounts)"
2339,66,Male,Georgia,68,21,Sneakers,Footwear,S,Silver,Fall,4.0,No,Express,PayPal,Quarterly,No,No,36.244897959183675,Medium Loyalty,Mixed Behavior
2340,25,Male,Illinois,65,24,Shirt,Clothing,L,Maroon,Spring,3.4,No,Next Day Air,Bank Transfer,Quarterly,No,No,36.58163265306123,Medium Loyalty,Mixed Behavior
2341,63,Male,Delaware,24,37,Blouse,Clothing,M,Cyan,Summer,2.6,No,Standard,Credit Card,Fortnightly,No,No,32.04081632653061,Low Loyalty,"At Risk (Low Value, No Discounts)"
2342,56,Male,Connecticut,31,22,Jacket,Outerwear,L,Teal,Summer,4.5,No,Express,Venmo,Every 3 Months,No,No,18.357142857142854,Low Loyalty,"At Risk (Low Value, No Discounts)"
2343,20,Male,Tennessee,89,16,Skirt,Clothing,M,Olive,Fall,4.9,No,Standard,Debit Card,Fortnightly,No,No,51.683673469387756,Medium Loyalty,Mixed Behavior
2344,58,Male,Maryland,49,44,Socks,Clothing,M,Red,Summer,4.4,No,2-Day Shipping,PayPal,Monthly,No,No,46.826530612244895,Medium Loyalty,Mixed Behavior
2345,34,Male,Rhode Island,92,14,Sandals,Footwear,XL,Lavender,Fall,3.5,No,Express,Venmo,Bi-Weekly,No,No,43.95918367346939,Medium Loyalty,Mixed Behavior
2346,28,Male,New York,32,23,T-shirt,Clothing,S,Orange,Winter,3.3,No,Express,Bank Transfer,Every 3 Months,No,No,19.46938775510204,Low Loyalty,"At Risk (Low Value, No Discounts)"
2347,22,Male,New Mexico,67,46,Jacket,Outerwear,L,Brown,Winter,3.1,No,Standard,Debit Card,Fortnightly,No,No,59.051020408163254,High Loyalty,Genuinely Loyal (No Discounts Needed)
2348,37,Male,California,64,46,Belt,Accessories,S,Gray,Fall,4.2,No,Express,Cash,Every 3 Months,No,No,49.55102040816327,Medium Loyalty,Mixed Behavior
2349,54,Male,Maine,84,16,Shoes,Footwear,M,Orange,Spring,4.9,No,Next Day Air,PayPal,Every 3 Months,No,No,41.18367346938776,Medium Loyalty,Mixed Behavior
2350,65,Male,New York,34,40,Blouse,Clothing,M,Orange,Fall,3.9,No,Standard,Credit Card,Every 3 Months,No,No,30.877551020408163,Low Loyalty,"At Risk (Low Value, No Discounts)"
2351,57,Male,Hawaii,26,21,Shoes,Footwear,M,Turquoise,Winter,4.2,No,Free Shipping,Cash,Annually,No,No,18.244897959183675,Low Loyalty,"At Risk (Low Value, No Discounts)"
2352,38,Male,New Hampshire,50,25,Sweater,Clothing,S,Cyan,Fall,4.9,No,Store Pickup,PayPal,Bi-Weekly,No,No,29.69387755102041,Low Loyalty,"At Risk (Low Value, No Discounts)"
2353,70,Male,Nebraska,46,25,Boots,Footwear,M,Yellow,Fall,2.8,No,Store Pickup,Bank Transfer,Quarterly,No,No,27.693877551020407,Low Loyalty,"At Risk (Low Value, No Discounts)"
2354,56,Male,Montana,71,25,Handbag,Accessories,M,White,Fall,4.1,No,Standard,Debit Card,Every 3 Months,No,No,40.193877551020414,Medium Loyalty,Mixed Behavior
2355,56,Male,Wisconsin,78,27,Blouse,Clothing,M,Blue,Summer,4.8,No,Next Day Air,Venmo,Monthly,No,No,50.91836734693877,Medium Loyalty,Mixed Behavior
2356,22,Male,Tennessee,35,12,Skirt,Clothing,S,Purple,Winter,4.1,No,Next Day Air,Cash,Monthly,No,No,20.23469387755102,Low Loyalty,"At Risk (Low Value, No Discounts)"
2357,57,Male,Montana,58,27,Backpack,Accessories,M,Gray,Summer,3.0,No,Free Shipping,Debit Card,Quarterly,No,No,34.91836734693878,Medium Loyalty,Mixed Behavior
2358,53,Male,Michigan,67,40,Shirt,Clothing,L,Cyan,Fall,4.2,No,2-Day Shipping,Credit Card,Bi-Weekly,No,No,47.37755102040816,Medium Loyalty,Mixed Behavior
2359,53,Male,Texas,93,38,Sweater,Clothing,L,Pink,Spring,3.8,No,Standard,Credit Card,Quarterly,No,No,59.153061224489804,High Loyalty,Genuinely Loyal (No Discounts Needed)
2360,19,Male,Pennsylvania,81,44,Scarf,Accessories,S,Gold,Spring,3.3,No,2-Day Shipping,Bank Transfer,Every 3 Months,No,No,56.826530612244895,High Loyalty,Genuinely Loyal (No Discounts Needed)
2361,49,Male,New York,80,27,Handbag,Accessories,L,Silver,Fall,4.7,No,2-Day Shipping,Venmo,Every 3 Months,No,No,45.91836734693878,Medium Loyalty,Mixed Behavior
2362,44,Male,Alabama,64,30,Scarf,Accessories,M,Gray,Spring,4.3,No,2-Day Shipping,Credit Card,Every 3 Months,No,No,39.755102040816325,Medium Loyalty,Mixed Behavior
2363,27,Male,Virginia,41,24,Jeans,Clothing,M,Brown,Fall,2.7,No,Standard,Credit Card,Monthly,No,No,30.58163265306123,Low Loyalty,"At Risk (Low Value, No Discounts)"
2364,60,Male,Pennsylvania,79,38,Socks,Clothing,XL,Pink,Winter,4.2,No,Express,Cash,Bi-Weekly,No,No,52.1530612244898,Medium Loyalty,Mixed Behavior
2365,62,Male,Mississippi,60,4,Sunglasses,Accessories,L,Maroon,Winter,4.2,No,Free Shipping,PayPal,Quarterly,No,No,21.836734693877553,Low Loyalty,"At Risk (Low Value, No Discounts)"
2366,52,Male,Wyoming,91,32,Sneakers,Footwear,S,Peach,Winter,2.5,No,Next Day Air,Venmo,Monthly,No,No,60.479591836734684,High Loyalty,Genuinely Loyal (No Discounts Needed)
2367,30,Male,New Mexico,66,32,Shoes,Footwear,L,Brown,Winter,3.6,No,Express,Credit Card,Fortnightly,No,No,49.9795918367347,Medium Loyalty,Mixed Behavior
2368,66,Male,North Dakota,85,28,Socks,Clothing,L,Green,Winter,3.4,No,Standard,Bank Transfer,Bi-Weekly,No,No,49.03061224489796,Medium Loyalty,Mixed Behavior
2369,29,Male,New Jersey,38,6,Sunglasses,Accessories,M,Lavender,Summer,3.3,No,Standard,Debit Card,Every 3 Months,No,No,12.061224489795922,Low Loyalty,"At Risk (Low Value, No Discounts)"
2370,24,Male,Vermont,23,24,Sweater,Clothing,M,Cyan,Winter,4.6,No,Standard,PayPal,Monthly,No,No,21.581632653061224,Low Loyalty,"At Risk (Low Value, No Discounts)"
2371,51,Male,Alaska,71,38,Shoes,Footwear,M,Black,Spring,3.9,No,Store Pickup,Venmo,Weekly,No,No,58.1530612244898,High Loyalty,Genuinely Loyal (No Discounts Needed)
2372,67,Male,Indiana,25,28,Socks,Clothing,M,Charcoal,Winter,3.7,No,Next Day Air,Debit Card,Annually,No,No,22.030612244897956,Low Loyalty,"At Risk (Low Value, No Discounts)"
2373,50,Male,Alabama,39,9,Boots,Footwear,XL,Silver,Spring,3.1,No,Express,PayPal,Fortnightly,No,No,22.397959183673475,Low Loyalty,"At Risk (Low Value, No Discounts)"
2374,37,Male,Michigan,20,21,Hoodie,Clothing,M,Gray,Spring,4.9,No,Express,Debit Card,Every 3 Months,No,No,12.244897959183671,Low Loyalty,"At Risk (Low Value, No Discounts)"
2375,69,Male,Washington,73,31,Gloves,Accessories,L,Peach,Winter,4.7,No,Standard,Debit Card,Monthly,No,No,50.867346938775505,Medium Loyalty,Mixed Behavior
2376,60,Male,Virginia,63,18,Backpack,Accessories,L,Peach,Fall,2.9,No,Next Day Air,Credit Card,Quarterly,No,No,31.90816326530613,Low Loyalty,"At Risk (Low Value, No Discounts)"
2377,21,Male,Tennessee,94,5,Gloves,Accessories,XL,Cyan,Spring,4.1,No,Express,Cash,Weekly,No,No,49.44897959183674,Medium Loyalty,Mixed Behavior
2378,44,Male,South Dakota,94,22,Blouse,Clothing,L,Magenta,Fall,4.0,No,Next Day Air,Cash,Annually,No,No,52.85714285714286,Medium Loyalty,Mixed Behavior
2379,26,Male,New Hampshire,71,37,Scarf,Accessories,L,Teal,Summer,2.7,No,Store Pickup,PayPal,Bi-Weekly,No,No,47.54081632653062,Medium Loyalty,Mixed Behavior
2380,40,Male,South Dakota,77,22,Hat,Accessories,M,Peach,Spring,4.0,No,2-Day Shipping,Debit Card,Monthly,No,No,47.35714285714286,Medium Loyalty,Mixed Behavior
2381,41,Male,Pennsylvania,66,36,Scarf,Accessories,M,Black,Fall,2.5,No,Next Day Air,PayPal,Fortnightly,No,No,52.42857142857142,Medium Loyalty,Mixed Behavior
2382,62,Male,Wisconsin,23,23,Sandals,Footwear,M,Teal,Summer,4.5,No,Free Shipping,PayPal,Annually,No,No,17.96938775510204,Low Loyalty,"At Risk (Low Value, No Discounts)"
2383,39,Male,California,60,44,Sweater,Clothing,M,Turquoise,Spring,3.9,No,Express,Debit Card,Weekly,No,No,56.326530612244895,High Loyalty,Genuinely Loyal (No Discounts Needed)
2384,53,Male,Rhode Island,72,25,Backpack,Accessories,L,Gold,Spring,4.9,No,2-Day Shipping,Bank Transfer,Annually,No,No,43.69387755102041,Medium Loyalty,Mixed Behavior
2385,24,Male,Alabama,35,40,Blouse,Clothing,L,Green,Winter,3.3,No,2-Day Shipping,PayPal,Quarterly,No,No,31.377551020408156,Low Loyalty,"At Risk (Low Value, No Discounts)"
2386,41,Male,Oklahoma,31,12,Scarf,Accessories,M,Brown,Fall,3.8,No,Express,PayPal,Weekly,No,No,22.23469387755102,Low Loyalty,"At Risk (Low Value, No Discounts)"
2387,19,Male,Illinois,33,14,Socks,Clothing,L,Blue,Summer,2.9,No,Standard,Venmo,Monthly,No,No,20.45918367346939,Low Loyalty,"At Risk (Low Value, No Discounts)"
2388,36,Male,Tennessee,95,14,Hat,Accessories,M,Gold,Summer,4.0,No,2-Day Shipping,Debit Card,Monthly,No,No,51.459183673469376,Medium Loyalty,Mixed Behavior
2389,21,Male,Alabama,68,10,Dress,Clothing,M,Peach,Fall,4.1,No,Store Pickup,Debit Card,Annually,No,No,32.51020408163265,Low Loyalty,"At Risk (Low Value, No Discounts)"
2390,25,Male,Kansas,87,17,Coat,Outerwear,M,Violet,Spring,3.1,No,Store Pickup,Bank Transfer,Every 3 Months,No,No,43.29591836734695,Medium Loyalty,Mixed Behavior
2391,65,Male,Arizona,64,24,Shirt,Clothing,XL,Yellow,Winter,4.6,No,Express,Debit Card,Fortnightly,No,No,44.08163265306123,Medium Loyalty,Mixed Behavior
2392,42,Male,Michigan,74,31,Shirt,Clothing,M,Black,Winter,4.6,No,Next Day Air,Bank Transfer,Quarterly,No,No,45.36734693877551,Medium Loyalty,Mixed Behavior
2393,40,Male,Missouri,62,36,Jeans,Clothing,L,Silver,Spring,2.6,No,2-Day Shipping,Cash,Annually,No,No,45.42857142857143,Medium Loyalty,Mixed Behavior
2394,58,Male,Louisiana,97,38,Socks,Clothing,M,Brown,Winter,5.0,No,2-Day Shipping,PayPal,Every 3 Months,No,No,61.153061224489804,High Loyalty,Genuinely Loyal (No Discounts Needed)
2395,40,Male,Connecticut,47,23,Sandals,Footwear,L,Peach,Fall,2.9,No,2-Day Shipping,Debit Card,Fortnightly,No,No,34.96938775510204,Medium Loyalty,Mixed Behavior
2396,62,Male,Connecticut,83,47,Blouse,Clothing,M,Cyan,Winter,3.5,No,2-Day Shipping,PayPal,Bi-Weekly,No,No,59.66326530612245,High Loyalty,Genuinely Loyal (No Discounts Needed)
2397,38,Male,Oregon,82,20,Shirt,Clothing,M,Olive,Spring,3.7,No,2-Day Shipping,Venmo,Weekly,No,No,52.63265306122449,Medium Loyalty,Mixed Behavior
2398,37,Male,West Virginia,26,41,Sunglasses,Accessories,L,Black,Fall,2.9,No,Store Pickup,Venmo,Monthly,No,No,33.48979591836734,Low Loyalty,"At Risk (Low Value, No Discounts)"
2399,65,Male,Florida,81,44,Jacket,Outerwear,M,Orange,Winter,4.3,No,Free Shipping,Bank Transfer,Fortnightly,No,No,64.82653061224491,High Loyalty,Genuinely Loyal (No Discounts Needed)
2400,55,Male,New Hampshire,44,31,Dress,Clothing,L,Beige,Spring,3.2,No,Store Pickup,Cash,Monthly,No,No,36.367346938775505,Medium Loyalty,Mixed Behavior
2401,43,Male,Oregon,88,11,Sunglasses,Accessories,M,Peach,Winter,4.2,No,Next Day Air,Credit Card,Bi-Weekly,No,No,40.122448979591844,Medium Loyalty,Mixed Behavior
2402,43,Male,Oregon,76,25,Boots,Footwear,M,Pink,Winter,4.2,No,Standard,PayPal,Bi-Weekly,No,No,42.69387755102041,Medium Loyalty,Mixed Behavior
2403,45,Male,Utah,89,31,Scarf,Accessories,M,Brown,Winter,3.8,No,Free Shipping,Cash,Weekly,No,No,62.867346938775505,High Loyalty,Genuinely Loyal (No Discounts Needed)
2404,64,Male,Missouri,22,40,Shorts,Clothing,M,Magenta,Fall,4.4,No,Standard,Debit Card,Weekly,No,No,34.87755102040816,Medium Loyalty,Mixed Behavior
2405,28,Male,West Virginia,33,23,Shorts,Clothing,L,Cyan,Winter,3.1,No,2-Day Shipping,Credit Card,Bi-Weekly,No,No,19.96938775510204,Low Loyalty,"At Risk (Low Value, No Discounts)"
2406,69,Male,California,97,5,Jeans,Clothing,XL,Silver,Fall,5.0,No,Standard,Debit Card,Quarterly,No,No,40.948979591836746,Medium Loyalty,Mixed Behavior
2407,54,Male,California,57,26,Scarf,Accessories,M,Indigo,Winter,4.7,No,Standard,PayPal,Weekly,No,No,43.80612244897959,Medium Loyalty,Mixed Behavior
2408,52,Male,Illinois,38,11,Shorts,Clothing,M,Beige,Summer,3.0,No,Express,Credit Card,Bi-Weekly,No,No,15.122448979591837,Low Loyalty,"At Risk (Low Value, No Discounts)"
2409,23,Male,Hawaii,55,44,Sneakers,Footwear,XL,Black,Fall,4.2,No,Next Day Air,Debit Card,Every 3 Months,No,No,43.826530612244895,Medium Loyalty,Mixed Behavior
2410,26,Male,Washington,37,47,Jewelry,Accessories,L,Yellow,Spring,3.0,No,Store Pickup,Cash,Every 3 Months,No,No,36.66326530612245,Medium Loyalty,Mixed Behavior
2411,48,Male,Wisconsin,43,46,Shoes,Footwear,M,Maroon,Summer,3.7,No,Free Shipping,PayPal,Monthly,No,No,45.05102040816326,Medium Loyalty,Mixed Behavior
2412,49,Male,Virginia,96,35,Hoodie,Clothing,M,Cyan,Summer,2.7,No,Free Shipping,Cash,Every 3 Months,No,No,58.81632653061225,High Loyalty,Genuinely Loyal (No Discounts Needed)
2413,53,Male,Oregon,51,8,Jacket,Outerwear,M,Pink,Winter,4.3,No,2-Day Shipping,Bank Transfer,Bi-Weekly,No,No,19.78571428571429,Low Loyalty,"At Risk (Low Value, No Discounts)"
2414,69,Male,Pennsylvania,95,30,Shorts,Clothing,XL,Violet,Fall,2.7,No,2-Day Shipping,Bank Transfer,Weekly,No,No,65.25510204081631,High Loyalty,Genuinely Loyal (No Discounts Needed)
2415,26,Male,Virginia,26,14,Socks,Clothing,M,Lavender,Summer,3.7,No,Next Day Air,Credit Card,Bi-Weekly,No,No,10.959183673469386,Low Loyalty,"At Risk (Low Value, No Discounts)"
2416,21,Male,Hawaii,34,30,Coat,Outerwear,XL,Lavender,Fall,4.3,No,Standard,Bank Transfer,Weekly,No,No,34.75510204081632,Medium Loyalty,Mixed Behavior
2417,59,Male,Nebraska,83,26,Sandals,Footwear,S,Black,Summer,4.0,No,Next Day Air,Credit Card,Every 3 Months,No,No,46.80612244897959,Medium Loyalty,Mixed Behavior
2418,21,Male,Alaska,24,32,Backpack,Accessories,M,Olive,Fall,3.3,No,Standard,Venmo,Fortnightly,No,No,28.9795918367347,Low Loyalty,"At Risk (Low Value, No Discounts)"
2419,22,Male,Michigan,69,47,Pants,Clothing,S,Indigo,Fall,4.0,No,Next Day Air,Cash,Every 3 Months,No,No,52.663265306122454,Medium Loyalty,Mixed Behavior
2420,26,Male,North Carolina,40,11,Sweater,Clothing,M,Blue,Fall,2.7,No,Next Day Air,Credit Card,Every 3 Months,No,No,16.122448979591837,Low Loyalty,"At Risk (Low Value, No Discounts)"
2421,41,Male,North Carolina,87,28,Jacket,Outerwear,S,Green,Winter,4.2,No,Free Shipping,PayPal,Annually,No,No,53.030612244897966,Medium Loyalty,Mixed Behavior
2422,37,Male,Minnesota,46,2,Sneakers,Footwear,L,Pink,Spring,4.6,No,Standard,Debit Card,Every 3 Months,No,No,13.612244897959187,Low Loyalty,"At Risk (Low Value, No Discounts)"
2423,30,Male,Georgia,82,45,Jewelry,Accessories,M,Peach,Winter,4.8,No,Store Pickup,Credit Card,Weekly,No,No,67.93877551020408,High Loyalty,Genuinely Loyal (No Discounts Needed)
2424,49,Male,West Virginia,81,7,Backpack,Accessories,M,Purple,Summer,2.8,No,Free Shipping,Credit Card,Every 3 Months,No,No,34.1734693877551,Medium Loyalty,Mixed Behavior
2425,49,Male,Delaware,57,28,Jewelry,Accessories,M,Peach,Winter,4.5,No,Next Day Air,Bank Transfer,Bi-Weekly,No,No,35.030612244897966,Medium Loyalty,Mixed Behavior
2426,58,Male,North Dakota,49,34,Shoes,Footwear,S,Olive,Summer,3.0,No,2-Day Shipping,Bank Transfer,Quarterly,No,No,34.70408163265306,Medium Loyalty,Mixed Behavior
2427,70,Male,Florida,42,26,Jacket,Outerwear,M,Olive,Fall,4.6,No,Free Shipping,Debit Card,Every 3 Months,No,No,26.30612244897959,Low Loyalty,"At Risk (Low Value, No Discounts)"
2428,27,Male,Oregon,26,45,Jacket,Outerwear,M,Purple,Spring,3.3,No,Standard,Cash,Quarterly,No,No,29.93877551020408,Low Loyalty,"At Risk (Low Value, No Discounts)"
2429,65,Male,Idaho,38,34,T-shirt,Clothing,M,Violet,Spring,4.4,No,Next Day Air,Debit Card,Annually,No,No,32.20408163265306,Low Loyalty,"At Risk (Low Value, No Discounts)"
2430,57,Male,Virginia,57,47,Sneakers,Footwear,XL,Maroon,Summer,4.4,No,Standard,Credit Card,Fortnightly,No,No,54.66326530612244,High Loyalty,Genuinely Loyal (No Discounts Needed)
2431,20,Male,North Dakota,100,42,Jacket,Outerwear,XL,White,Summer,4.3,No,Express,Cash,Quarterly,No,No,65.10204081632654,High Loyalty,Genuinely Loyal (No Discounts Needed)
2432,34,Male,Alabama,73,27,Hoodie,Clothing,S,Olive,Fall,3.4,No,Express,Bank Transfer,Every 3 Months,No,No,42.41836734693878,Medium Loyalty,Mixed Behavior
2433,59,Male,Hawaii,66,43,Jacket,Outerwear,M,Peach,Winter,2.8,No,Store Pickup,Venmo,Monthly,No,No,54.714285714285715,High Loyalty,Genuinely Loyal (No Discounts Needed)
2434,54,Male,Oregon,73,16,T-shirt,Clothing,M,Blue,Spring,3.4,No,Standard,Cash,Bi-Weekly,No,No,35.68367346938776,Medium Loyalty,Mixed Behavior
2435,36,Male,Utah,45,40,Gloves,Accessories,M,Brown,Spring,5.0,No,Store Pickup,Credit Card,Monthly,No,No,42.37755102040816,Medium Loyalty,Mixed Behavior
2436,21,Male,Hawaii,27,29,Sneakers,Footwear,S,Black,Fall,4.5,No,Free Shipping,Cash,Bi-Weekly,No,No,20.64285714285714,Low Loyalty,"At Risk (Low Value, No Discounts)"
2437,52,Male,Connecticut,24,38,T-shirt,Clothing,M,Yellow,Fall,2.7,No,Store Pickup,Credit Card,Quarterly,No,No,24.653061224489793,Low Loyalty,"At Risk (Low Value, No Discounts)"
2438,43,Male,Wyoming,59,34,Sneakers,Footwear,XL,Magenta,Winter,3.4,No,Store Pickup,Credit Card,Weekly,No,No,49.704081632653065,Medium Loyalty,Mixed Behavior
2439,32,Male,Delaware,20,30,Jeans,Clothing,S,Cyan,Winter,3.4,No,Express,Venmo,Weekly,No,No,27.755102040816325,Low Loyalty,"At Risk (Low Value, No Discounts)"
2440,55,Male,Arkansas,44,45,Handbag,Accessories,M,Maroon,Summer,2.8,No,Standard,Bank Transfer,Annually,No,No,41.93877551020408,Medium Loyalty,Mixed Behavior
2441,31,Male,Indiana,90,47,Socks,Clothing,M,Red,Spring,4.7,No,Standard,Bank Transfer,Annually,No,No,66.16326530612245,High Loyalty,Genuinely Loyal (No Discounts Needed)
2442,45,Male,California,36,5,Jewelry,Accessories,M,Black,Fall,4.7,No,Free Shipping,Credit Card,Monthly,No,No,16.44897959183674,Low Loyalty,"At Risk (Low Value, No Discounts)"
2443,53,Male,Wyoming,95,50,Blouse,Clothing,L,Violet,Winter,4.7,No,Free Shipping,Debit Card,Bi-Weekly,No,No,67.5,High Loyalty,Genuinely Loyal (No Discounts Needed)
2444,24,Male,South Dakota,30,24,Backpack,Accessories,M,Green,Spring,3.4,No,2-Day Shipping,Bank Transfer,Bi-Weekly,No,No,19.081632653061227,Low Loyalty,"At Risk (Low Value, No Discounts)"
2445,47,Male,West Virginia,65,15,Scarf,Accessories,S,Gold,Fall,3.7,No,Express,Debit Card,Bi-Weekly,No,No,31.071428571428573,Low Loyalty,"At Risk (Low Value, No Discounts)"
2446,63,Male,Tennessee,96,50,Scarf,Accessories,M,Brown,Summer,4.1,No,Store Pickup,Cash,Weekly,No,No,78.00000000000001,High Loyalty,Genuinely Loyal (No Discounts Needed)
2447,38,Male,Alaska,65,7,Shirt,Clothing,L,Peach,Spring,2.9,No,2-Day Shipping,Credit Card,Monthly,No,No,32.1734693877551,Low Loyalty,"At Risk (Low Value, No Discounts)"
2448,59,Male,South Dakota,47,10,Pants,Clothing,L,Peach,Fall,3.2,No,Store Pickup,Venmo,Fortnightly,No,No,27.010204081632654,Low Loyalty,"At Risk (Low Value, No Discounts)"
2449,54,Male,Tennessee,25,38,Hat,Accessories,S,Violet,Fall,3.0,No,Free Shipping,PayPal,Bi-Weekly,No,No,25.153061224489793,Low Loyalty,"At Risk (Low Value, No Discounts)"
2450,26,Male,Alabama,56,31,Coat,Outerwear,S,Violet,Fall,4.1,No,Express,Venmo,Fortnightly,No,No,44.36734693877551,Medium Loyalty,Mixed Behavior
2451,68,Male,North Carolina,76,7,T-shirt,Clothing,M,Magenta,Fall,4.5,No,Standard,Venmo,Quarterly,No,No,31.673469387755105,Low Loyalty,"At Risk (Low Value, No Discounts)"
2452,41,Male,Oklahoma,60,27,Socks,Clothing,M,Purple,Fall,3.4,No,Store Pickup,Venmo,Monthly,No,No,41.91836734693877,Medium Loyalty,Mixed Behavior
2453,68,Male,New York,67,45,Shirt,Clothing,L,Purple,Winter,4.1,No,Express,Bank Transfer,Every 3 Months,No,No,50.43877551020408,Medium Loyalty,Mixed Behavior
2454,21,Male,Iowa,95,13,Sweater,Clothing,XL,Cyan,Spring,4.6,No,Store Pickup,Cash,Annually,No,No,47.8469387755102,Medium Loyalty,Mixed Behavior
2455,32,Male,Alaska,72,33,Gloves,Accessories,M,Magenta,Winter,4.6,No,Express,Venmo,Annually,No,No,48.591836734693885,Medium Loyalty,Mixed Behavior
2456,20,Male,Alaska,98,25,Belt,Accessories,L,Lavender,Spring,3.4,No,Express,Cash,Every 3 Months,No,No,53.69387755102042,High Loyalty,Genuinely Loyal (No Discounts Needed)
2457,59,Male,Nebraska,83,5,Jeans,Clothing,M,Green,Winter,3.3,No,2-Day Shipping,PayPal,Monthly,No,No,39.94897959183674,Medium Loyalty,Mixed Behavior
2458,53,Male,Delaware,37,23,Handbag,Accessories,M,Maroon,Fall,3.6,No,2-Day Shipping,Cash,Quarterly,No,No,21.96938775510204,Low Loyalty,"At Risk (Low Value, No Discounts)"
2459,66,Male,Texas,85,17,T-shirt,Clothing,L,Turquoise,Fall,4.6,No,Free Shipping,Bank Transfer,Weekly,No,No,52.295918367346935,Medium Loyalty,Mixed Behavior
2460,47,Male,Missouri,36,14,Socks,Clothing,L,Violet,Fall,4.3,No,2-Day Shipping,Cash,Weekly,No,No,25.95918367346939,Low Loyalty,"At Risk (Low Value, No Discounts)"
2461,58,Male,Maine,36,28,Jeans,Clothing,S,Lavender,Winter,4.0,No,Store Pickup,Credit Card,Annually,No,No,27.530612244897956,Low Loyalty,"At Risk (Low Value, No Discounts)"
2462,28,Male,Pennsylvania,86,19,Scarf,Accessories,L,Red,Summer,4.8,No,Next Day Air,Credit Card,Weekly,No,No,54.02040816326531,High Loyalty,Genuinely Loyal (No Discounts Needed)
2463,68,Male,Missouri,99,31,Pants,Clothing,XL,Orange,Spring,4.3,No,Standard,Bank Transfer,Bi-Weekly,No,No,57.86734693877551,High Loyalty,Genuinely Loyal (No Discounts Needed)
2464,60,Male,Mississippi,21,25,Blouse,Clothing,XL,Indigo,Summer,3.3,No,Standard,Cash,Bi-Weekly,No,No,15.193877551020407,Low Loyalty,"At Risk (Low Value, No Discounts)"
2465,47,Male,Hawaii,84,4,Jacket,Outerwear,L,Teal,Winter,2.8,No,Express,Cash,Bi-Weekly,No,No,33.83673469387756,Medium Loyalty,Mixed Behavior
2466,18,Male,Texas,63,20,Sandals,Footwear,M,Brown,Spring,4.4,No,Free Shipping,Bank Transfer,Weekly,No,No,43.13265306122449,Medium Loyalty,Mixed Behavior
2467,32,Male,South Dakota,84,37,Shorts,Clothing,S,Pink,Summer,3.7,No,Express,Cash,Annually,No,No,57.04081632653062,High Loyalty,Genuinely Loyal (No Discounts Needed)
2468,27,Male,New Jersey,72,28,Shorts,Clothing,M,Lavender,Spring,3.6,No,Express,Credit Card,Annually,No,No,45.53061224489796,Medium Loyalty,Mixed Behavior
2469,65,Male,Connecticut,21,6,Skirt,Clothing,L,Cyan,Winter,3.7,No,2-Day Shipping,Venmo,Weekly,No,No,13.56122448979592,Low Loyalty,"At Risk (Low Value, No Discounts)"
2470,68,Male,Maryland,92,27,Sandals,Footwear,M,Yellow,Fall,5.0,No,Standard,PayPal,Annually,No,No,54.91836734693878,High Loyalty,Genuinely Loyal (No Discounts Needed)
2471,55,Male,Arizona,72,29,Blouse,Clothing,XL,Pink,Fall,2.7,No,Next Day Air,Credit Card,Fortnightly,No,No,51.14285714285713,Medium Loyalty,Mixed Behavior
2472,30,Male,Oklahoma,83,1,Sandals,Footwear,M,Gray,Spring,4.3,No,Store Pickup,Cash,Annually,No,No,34.50000000000001,Medium Loyalty,Mixed Behavior
2473,24,Male,Utah,73,31,Shirt,Clothing,M,Peach,Summer,4.1,No,Standard,Credit Card,Annually,No,No,47.86734693877551,Medium Loyalty,Mixed Behavior
2474,57,Male,Arkansas,98,28,Socks,Clothing,M,Red,Winter,2.6,No,Next Day Air,Cash,Quarterly,No,No,55.530612244897966,High Loyalty,Genuinely Loyal (No Discounts Needed)
2475,23,Male,North Carolina,76,19,T-shirt,Clothing,M,Olive,Fall,3.2,No,Store Pickup,Bank Transfer,Quarterly,No,No,39.02040816326531,Medium Loyalty,Mixed Behavior
2476,69,Male,California,43,36,Dress,Clothing,S,Lavender,Summer,3.5,No,Next Day Air,Venmo,Monthly,No,No,38.92857142857142,Medium Loyalty,Mixed Behavior
2477,60,Male,Colorado,60,28,Hat,Accessories,M,Turquoise,Summer,3.7,No,Next Day Air,Cash,Monthly,No,No,42.53061224489796,Medium Loyalty,Mixed Behavior
2478,25,Male,California,40,29,Gloves,Accessories,L,Turquoise,Spring,3.8,No,2-Day Shipping,PayPal,Weekly,No,No,37.142857142857146,Medium Loyalty,Mixed Behavior
2479,18,Male,Vermont,93,9,Socks,Clothing,S,Maroon,Winter,4.8,No,2-Day Shipping,Bank Transfer,Every 3 Months,No,No,41.39795918367347,Medium Loyalty,Mixed Behavior
2480,37,Male,Kansas,98,26,Dress,Clothing,S,Olive,Fall,4.2,No,Standard,Credit Card,Every 3 Months,No,No,54.3061224489796,High Loyalty,Genuinely Loyal (No Discounts Needed)
2481,61,Male,Ohio,91,7,Socks,Clothing,XL,Maroon,Summer,2.9,No,Next Day Air,Credit Card,Fortnightly,No,No,47.1734693877551,Medium Loyalty,Mixed Behavior
2482,41,Male,New Jersey,92,35,Belt,Accessories,XL,Cyan,Fall,2.9,No,Free Shipping,Debit Card,Weekly,No,No,66.81632653061224,High Loyalty,Genuinely Loyal (No Discounts Needed)
2483,69,Male,Arizona,87,46,Handbag,Accessories,S,Peach,Winter,4.8,No,Next Day Air,Credit Card,Every 3 Months,No,No,61.05102040816327,High Loyalty,Genuinely Loyal (No Discounts Needed)
2484,32,Male,Arizona,96,8,Skirt,Clothing,S,Teal,Fall,2.9,No,Standard,Debit Card,Monthly,No,No,48.2857142857143,Medium Loyalty,Mixed Behavior
2485,60,Male,New Hampshire,97,50,Hoodie,Clothing,M,Green,Summer,4.8,No,2-Day Shipping,Cash,Every 3 Months,No,No,68.5,High Loyalty,Genuinely Loyal (No Discounts Needed)
2486,43,Male,Louisiana,55,37,Blouse,Clothing,M,Beige,Spring,4.6,No,2-Day Shipping,Bank Transfer,Annually,No,No,42.54081632653062,Medium Loyalty,Mixed Behavior
2487,61,Male,Texas,58,6,Jeans,Clothing,L,Magenta,Spring,4.4,No,Store Pickup,Credit Card,Fortnightly,No,No,30.061224489795922,Low Loyalty,"At Risk (Low Value, No Discounts)"
2488,57,Male,Montana,21,16,Boots,Footwear,L,Violet,Spring,3.0,No,Next Day Air,PayPal,Bi-Weekly,No,No,9.683673469387752,Low Loyalty,"At Risk (Low Value, No Discounts)"
2489,56,Male,New Hampshire,82,30,Handbag,Accessories,XL,Charcoal,Summer,4.4,No,Express,PayPal,Monthly,No,No,54.755102040816325,High Loyalty,Genuinely Loyal (No Discounts Needed)
2490,66,Male,South Dakota,34,50,Coat,Outerwear,M,Green,Winter,3.9,No,Express,Venmo,Quarterly,No,No,37.0,Medium Loyalty,Mixed Behavior
2491,52,Male,Montana,78,5,Blouse,Clothing,M,Gray,Spring,4.0,No,Free Shipping,Cash,Every 3 Months,No,No,31.44897959183674,Low Loyalty,"At Risk (Low Value, No Discounts)"
2492,63,Male,North Carolina,47,15,Handbag,Accessories,M,Magenta,Spring,2.5,No,Express,Bank Transfer,Monthly,No,No,28.07142857142857,Low Loyalty,"At Risk (Low Value, No Discounts)"
2493,50,Male,South Dakota,96,34,Sunglasses,Accessories,S,Silver,Summer,4.1,No,Next Day Air,Bank Transfer,Bi-Weekly,No,No,58.20408163265307,High Loyalty,Genuinely Loyal (No Discounts Needed)
2494,21,Male,Maine,23,6,Socks,Clothing,S,Beige,Fall,4.8,No,2-Day Shipping,Venmo,Every 3 Months,No,No,4.5612244897959195,Low Loyalty,"At Risk (Low Value, No Discounts)"
2495,42,Male,Oklahoma,27,26,Shoes,Footwear,S,Peach,Winter,2.6,No,Store Pickup,Debit Card,Annually,No,No,21.80612244897959,Low Loyalty,"At Risk (Low Value, No Discounts)"
2496,40,Male,Nebraska,37,34,Backpack,Accessories,XL,Orange,Spring,3.1,No,Free Shipping,Credit Card,Every 3 Months,No,No,28.70408163265306,Low Loyalty,"At Risk (Low Value, No Discounts)"
2497,67,Male,Illinois,79,37,Scarf,Accessories,S,Yellow,Summer,3.2,No,Store Pickup,Credit Card,Weekly,No,No,61.54081632653061,High Loyalty,Genuinely Loyal (No Discounts Needed)
2498,35,Male,Colorado,40,28,Backpack,Accessories,M,Violet,Summer,4.2,No,Standard,Bank Transfer,Annually,No,No,29.53061224489796,Low Loyalty,"At Risk (Low Value, No Discounts)"
2499,18,Male,Massachusetts,39,38,Coat,Outerwear,S,Green,Fall,2.6,No,Next Day Air,Cash,Fortnightly,No,No,40.1530612244898,Medium Loyalty,Mixed Behavior
2500,52,Male,Louisiana,73,2,Hoodie,Clothing,L,Pink,Summer,3.1,No,Next Day Air,Cash,Quarterly,No,No,27.112244897959194,Low Loyalty,"At Risk (Low Value, No Discounts)"
2501,59,Male,Massachusetts,84,32,Gloves,Accessories,M,Violet,Fall,2.9,No,Store Pickup,Cash,Bi-Weekly,No,No,50.97959183673469,Medium Loyalty,Mixed Behavior
2502,49,Male,West Virginia,94,30,Shorts,Clothing,M,Violet,Fall,4.6,No,Free Shipping,Venmo,Bi-Weekly,No,No,54.755102040816325,High Loyalty,Genuinely Loyal (No Discounts Needed)
2503,46,Male,Idaho,47,17,Skirt,Clothing,L,Pink,Spring,4.1,No,Standard,PayPal,Every 3 Months,No,No,23.29591836734694,Low Loyalty,"At Risk (Low Value, No Discounts)"
2504,69,Male,Ohio,77,5,Boots,Footwear,M,Violet,Summer,2.5,No,Store Pickup,Debit Card,Bi-Weekly,No,No,30.94897959183674,Low Loyalty,"At Risk (Low Value, No Discounts)"
2505,56,Male,Rhode Island,94,31,Shorts,Clothing,M,Turquoise,Winter,4.0,No,Store Pickup,Cash,Bi-Weekly,No,No,55.367346938775505,High Loyalty,Genuinely Loyal (No Discounts Needed)
2506,27,Male,Illinois,75,43,Handbag,Accessories,M,Cyan,Summer,3.5,No,Express,PayPal,Quarterly,No,No,53.214285714285715,Medium Loyalty,Mixed Behavior
2507,57,Male,New York,82,19,Dress,Clothing,XL,Orange,Spring,4.4,No,Free Shipping,Venmo,Annually,No,No,45.020408163265316,Medium Loyalty,Mixed Behavior
2508,58,Male,Louisiana,36,32,Shoes,Footwear,M,Cyan,Fall,2.9,No,Store Pickup,Credit Card,Every 3 Months,No,No,26.979591836734695,Low Loyalty,"At Risk (Low Value, No Discounts)"
2509,23,Male,California,90,5,Sneakers,Footwear,XL,Indigo,Spring,3.1,No,2-Day Shipping,Debit Card,Bi-Weekly,No,No,37.44897959183674,Medium Loyalty,Mixed Behavior
2510,19,Male,Washington,48,9,Socks,Clothing,M,Black,Spring,4.4,No,Free Shipping,Bank Transfer,Quarterly,No,No,18.897959183673475,Low Loyalty,"At Risk (Low Value, No Discounts)"
2511,40,Male,South Dakota,42,48,Jacket,Outerwear,L,Purple,Winter,4.4,No,Standard,Credit Card,Weekly,No,No,49.77551020408163,Medium Loyalty,Mixed Behavior
2512,54,Male,Idaho,33,1,Backpack,Accessories,M,Cyan,Summer,2.7,No,Store Pickup,PayPal,Quarterly,No,No,6.500000000000002,Low Loyalty,"At Risk (Low Value, No Discounts)"
2513,50,Male,North Dakota,63,20,Socks,Clothing,M,Green,Summer,4.9,No,Free Shipping,Credit Card,Monthly,No,No,39.132653061224495,Medium Loyalty,Mixed Behavior
2514,69,Male,Washington,53,42,Handbag,Accessories,L,Teal,Winter,3.5,No,2-Day Shipping,Cash,Annually,No,No,44.60204081632653,Medium Loyalty,Mixed Behavior
2515,42,Male,Alaska,37,45,Hat,Accessories,L,Teal,Spring,4.8,No,Free Shipping,PayPal,Bi-Weekly,No,No,35.43877551020408,Medium Loyalty,Mixed Behavior
2516,37,Male,Kansas,92,41,Blouse,Clothing,M,Magenta,Summer,4.2,No,2-Day Shipping,Cash,Monthly,No,No,66.48979591836735,High Loyalty,Genuinely Loyal (No Discounts Needed)
2517,46,Male,Utah,73,36,Shorts,Clothing,XL,Brown,Spring,4.6,No,Standard,Debit Card,Quarterly,No,No,47.92857142857143,Medium Loyalty,Mixed Behavior
2518,64,Male,Wyoming,38,10,Shirt,Clothing,L,Orange,Spring,2.9,No,Standard,Venmo,Annually,No,No,17.510204081632654,Low Loyalty,"At Risk (Low Value, No Discounts)"
2519,20,Male,Maine,51,31,Boots,Footwear,XL,Blue,Fall,4.0,No,Store Pickup,Venmo,Annually,No,No,36.86734693877551,Medium Loyalty,Mixed Behavior
2520,40,Male,Michigan,90,21,Jacket,Outerwear,L,Magenta,Spring,4.9,No,Standard,Credit Card,Quarterly,No,No,47.244897959183675,Medium Loyalty,Mixed Behavior
2521,64,Male,Illinois,56,16,Jacket,Outerwear,L,Magenta,Summer,3.1,No,Next Day Air,Cash,Every 3 Months,No,No,27.18367346938776,Low Loyalty,"At Risk (Low Value, No Discounts)"
2522,29,Male,Minnesota,33,18,Handbag,Accessories,M,Magenta,Fall,4.4,No,Standard,PayPal,Every 3 Months,No,No,16.908163265306122,Low Loyalty,"At Risk (Low Value, No Discounts)"
2523,20,Male,Massachusetts,53,20,Belt,Accessories,S,Olive,Winter,2.5,No,2-Day Shipping,Debit Card,Weekly,No,No,38.13265306122449,Medium Loyalty,Mixed Behavior
2524,43,Male,New Jersey,24,21,Handbag,Accessories,S,Cyan,Spring,3.4,No,Express,Bank Transfer,Annually,No,No,17.24489795918367,Low Loyalty,"At Risk (Low Value, No Discounts)"
2525,60,Male,Kansas,59,23,Coat,Outerwear,M,Purple,Spring,3.7,No,Express,Credit Card,Quarterly,No,No,32.96938775510204,Low Loyalty,"At Risk (Low Value, No Discounts)"
2526,39,Male,Kentucky,72,20,Sweater,Clothing,M,Purple,Winter,4.2,No,Standard,PayPal,Weekly,No,No,47.63265306122448,Medium Loyalty,Mixed Behavior
2527,47,Male,Rhode Island,28,30,Shorts,Clothing,S,Peach,Spring,3.4,No,Express,PayPal,Bi-Weekly,No,No,21.755102040816325,Low Loyalty,"At Risk (Low Value, No Discounts)"
2528,19,Male,Illinois,36,33,Pants,Clothing,M,Gold,Fall,3.6,No,Express,Bank Transfer,Every 3 Months,No,No,27.591836734693874,Low Loyalty,"At Risk (Low Value, No Discounts)"
2529,52,Male,Alabama,47,31,Jewelry,Accessories,S,Peach,Fall,4.7,No,2-Day Shipping,Debit Card,Monthly,No,No,37.86734693877551,Medium Loyalty,Mixed Behavior
2530,34,Male,Tennessee,62,48,Gloves,Accessories,M,Magenta,Spring,4.7,No,Next Day Air,Bank Transfer,Monthly,No,No,55.77551020408163,High Loyalty,Genuinely Loyal (No Discounts Needed)
2531,25,Male,Massachusetts,98,28,Skirt,Clothing,S,Cyan,Spring,3.6,No,Free Shipping,Debit Card,Weekly,No,No,65.53061224489797,High Loyalty,Genuinely Loyal (No Discounts Needed)
2532,43,Male,Texas,28,7,Sandals,Footwear,M,Violet,Summer,4.6,No,Free Shipping,Cash,Every 3 Months,No,No,7.673469387755103,Low Loyalty,"At Risk (Low Value, No Discounts)"
2533,55,Male,Nebraska,86,4,Socks,Clothing,S,Charcoal,Summer,2.6,No,Next Day Air,Debit Card,Weekly,No,No,44.83673469387755,Medium Loyalty,Mixed Behavior
2534,66,Male,Pennsylvania,46,49,Jewelry,Accessories,S,Blue,Summer,3.1,No,Standard,Cash,Bi-Weekly,No,No,42.38775510204081,Medium Loyalty,Mixed Behavior
2535,41,Male,Virginia,42,22,Sunglasses,Accessories,XL,Red,Fall,3.2,No,Free Shipping,Cash,Weekly,No,No,33.857142857142854,Medium Loyalty,Mixed Behavior
2536,47,Male,Vermont,80,39,Coat,Outerwear,S,Purple,Winter,3.9,No,Express,Bank Transfer,Fortnightly,No,No,61.26530612244898,High Loyalty,Genuinely Loyal (No Discounts Needed)
2537,51,Male,Oklahoma,39,45,Belt,Accessories,L,Gray,Spring,4.9,No,Express,PayPal,Every 3 Months,No,No,36.43877551020408,Medium Loyalty,Mixed Behavior
2538,44,Male,Maine,49,30,Coat,Outerwear,M,Purple,Summer,4.1,No,2-Day Shipping,PayPal,Fortnightly,No,No,40.255102040816325,Medium Loyalty,Mixed Behavior
2539,18,Male,New Jersey,32,33,Scarf,Accessories,M,Silver,Summer,4.2,No,Next Day Air,Credit Card,Bi-Weekly,No,No,25.591836734693878,Low Loyalty,"At Risk (Low Value, No Discounts)"
2540,33,Male,Massachusetts,73,24,Sandals,Footwear,M,Purple,Fall,4.1,No,Next Day Air,Cash,Bi-Weekly,No,No,40.58163265306123,Medium Loyalty,Mixed Behavior
2541,24,Male,New Jersey,42,11,Belt,Accessories,M,Charcoal,Summer,3.9,No,Free Shipping,Debit Card,Quarterly,No,No,17.122448979591837,Low Loyalty,"At Risk (Low Value, No Discounts)"
2542,33,Male,Washington,58,13,Scarf,Accessories,M,Silver,Spring,2.7,No,Next Day Air,Venmo,Every 3 Months,No,No,26.34693877551021,Low Loyalty,"At Risk (Low Value, No Discounts)"
2543,61,Male,Arkansas,22,27,Jewelry,Accessories,M,White,Winter,3.7,No,Express,PayPal,Annually,No,No,19.918367346938773,Low Loyalty,"At Risk (Low Value, No Discounts)"
2544,27,Male,West Virginia,56,30,Scarf,Accessories,L,Peach,Spring,2.7,No,Next Day Air,PayPal,Bi-Weekly,No,No,35.755102040816325,Medium Loyalty,Mixed Behavior
2545,46,Male,Delaware,70,39,Pants,Clothing,M,Red,Spring,2.5,No,Next Day Air,Venmo,Quarterly,No,No,48.265306122448976,Medium Loyalty,Mixed Behavior
2546,38,Male,Texas,50,10,Shoes,Footwear,L,Olive,Spring,3.9,No,Free Shipping,Debit Card,Annually,No,No,23.510204081632654,Low Loyalty,"At Risk (Low Value, No Discounts)"
2547,63,Male,Texas,21,4,Boots,Footwear,L,Gray,Summer,3.0,No,Express,Credit Card,Quarterly,No,No,2.3367346938775513,Low Loyalty,"At Risk (Low Value, No Discounts)"
2548,47,Male,Mississippi,97,16,Jacket,Outerwear,M,Beige,Summer,3.2,No,2-Day Shipping,Cash,Weekly,No,No,57.68367346938776,High Loyalty,Genuinely Loyal (No Discounts Needed)
2549,42,Male,Texas,63,34,Backpack,Accessories,L,Pink,Winter,3.8,No,Standard,Credit Card,Monthly,No,No,47.704081632653065,Medium Loyalty,Mixed Behavior
2550,41,Male,Virginia,60,11,Jacket,Outerwear,M,Red,Fall,2.7,No,Standard,Debit Card,Every 3 Months,No,No,26.122448979591837,Low Loyalty,"At Risk (Low Value, No Discounts)"
2551,53,Male,New Hampshire,52,30,Boots,Footwear,XL,Peach,Fall,3.0,No,Store Pickup,Debit Card,Fortnightly,No,No,41.755102040816325,Medium Loyalty,Mixed Behavior
2552,29,Male,Minnesota,32,40,Shoes,Footwear,M,Maroon,Winter,4.1,No,Next Day Air,Debit Card,Annually,No,No,32.877551020408156,Low Loyalty,"At Risk (Low Value, No Discounts)"
2553,61,Male,Maryland,48,13,Belt,Accessories,XL,Purple,Spring,3.2,No,2-Day Shipping,Credit Card,Annually,No,No,24.346938775510207,Low Loyalty,"At Risk (Low Value, No Discounts)"
2554,69,Male,Vermont,25,28,Jewelry,Accessories,M,Maroon,Summer,4.5,No,Store Pickup,Venmo,Every 3 Months,No,No,19.030612244897956,Low Loyalty,"At Risk (Low Value, No Discounts)"
2555,51,Male,Kansas,68,49,Jewelry,Accessories,M,Gray,Summer,4.3,No,Store Pickup,Debit Card,Bi-Weekly,No,No,53.38775510204081,Medium Loyalty,Mixed Behavior
2556,24,Male,Idaho,74,23,Pants,Clothing,M,Gray,Fall,3.5,No,Standard,Credit Card,Weekly,No,No,50.469387755102034,Medium Loyalty,Mixed Behavior
2557,24,Male,Montana,88,4,T-shirt,Clothing,XL,Magenta,Fall,3.1,No,Standard,Bank Transfer,Quarterly,No,No,35.83673469387756,Medium Loyalty,Mixed Behavior
2558,70,Male,Oklahoma,23,17,Shorts,Clothing,L,Cyan,Spring,3.9,No,Standard,PayPal,Fortnightly,No,No,19.295918367346943,Low Loyalty,"At Risk (Low Value, No Discounts)"
2559,49,Male,California,32,24,Hoodie,Clothing,M,Silver,Fall,2.7,No,Express,PayPal,Fortnightly,No,No,28.081632653061227,Low Loyalty,"At Risk (Low Value, No Discounts)"
2560,48,Male,Mississippi,71,21,Belt,Accessories,S,Green,Winter,4.0,No,Free Shipping,Debit Card,Every 3 Months,No,No,37.744897959183675,Medium Loyalty,Mixed Behavior
2561,58,Male,California,62,17,Boots,Footwear,M,Violet,Spring,2.7,No,Next Day Air,Debit Card,Bi-Weekly,No,No,30.795918367346943,Low Loyalty,"At Risk (Low Value, No Discounts)"
2562,32,Male,New York,20,22,Hoodie,Clothing,L,Magenta,Spring,2.7,No,Free Shipping,Debit Card,Quarterly,No,No,12.857142857142852,Low Loyalty,"At Risk (Low Value, No Discounts)"
2563,57,Male,Arizona,62,27,Shorts,Clothing,XL,Yellow,Spring,4.7,No,Standard,Cash,Fortnightly,No,No,44.91836734693877,Medium Loyalty,Mixed Behavior
2564,69,Male,Massachusetts,81,1,Backpack,Accessories,XL,Gray,Winter,4.5,No,Standard,Venmo,Every 3 Months,No,No,30.5,Low Loyalty,"At Risk (Low Value, No Discounts)"
2565,42,Male,Kentucky,90,27,Scarf,Accessories,L,Indigo,Winter,3.0,No,2-Day Shipping,Bank Transfer,Weekly,No,No,60.91836734693877,High Loyalty,Genuinely Loyal (No Discounts Needed)
2566,30,Male,Vermont,43,8,Socks,Clothing,S,Indigo,Fall,3.6,No,Store Pickup,Venmo,Quarterly,No,No,15.785714285714283,Low Loyalty,"At Risk (Low Value, No Discounts)"
2567,35,Male,Missouri,38,43,Handbag,Accessories,S,Yellow,Fall,3.3,No,Standard,PayPal,Quarterly,No,No,34.714285714285715,Medium Loyalty,Mixed Behavior
2568,19,Male,Michigan,25,24,Sunglasses,Accessories,XL,Gold,Spring,4.3,No,Store Pickup,Cash,Fortnightly,No,No,24.581632653061224,Low Loyalty,"At Risk (Low Value, No Discounts)"
2569,52,Male,Texas,98,29,T-shirt,Clothing,XL,Green,Winter,4.3,No,Express,PayPal,Fortnightly,No,No,64.14285714285714,High Loyalty,Genuinely Loyal (No Discounts Needed)
2570,42,Male,New York,75,10,Dress,Clothing,M,Charcoal,Spring,4.8,No,Free Shipping,Bank Transfer,Bi-Weekly,No,No,33.01020408163266,Low Loyalty,"At Risk (Low Value, No Discounts)"
2571,36,Male,New Mexico,27,12,Sneakers,Footwear,XL,Olive,Spring,4.0,No,Store Pickup,PayPal,Fortnightly,No,No,18.234693877551024,Low Loyalty,"At Risk (Low Value, No Discounts)"
2572,45,Male,Mississippi,27,48,Sunglasses,Accessories,L,Black,Winter,3.5,No,Standard,Cash,Fortnightly,No,No,40.275510204081634,Medium Loyalty,Mixed Behavior
2573,54,Male,Washington,42,40,Blouse,Clothing,M,Silver,Fall,3.9,No,Next Day Air,Bank Transfer,Quarterly,No,No,34.87755102040816,Medium Loyalty,Mixed Behavior
2574,54,Male,New Mexico,90,1,T-shirt,Clothing,M,Red,Summer,4.4,No,Store Pickup,Bank Transfer,Annually,No,No,38.0,Medium Loyalty,Mixed Behavior
2575,27,Male,Florida,63,26,Hat,Accessories,M,Brown,Summer,4.6,No,2-Day Shipping,Credit Card,Fortnightly,No,No,44.80612244897959,Medium Loyalty,Mixed Behavior
2576,53,Male,Minnesota,96,9,Shorts,Clothing,M,Silver,Fall,4.0,No,Express,PayPal,Annually,No,No,45.89795918367348,Medium Loyalty,Mixed Behavior
2577,20,Male,New Hampshire,40,19,Hoodie,Clothing,M,Silver,Winter,4.2,No,Free Shipping,Debit Card,Quarterly,No,No,21.020408163265305,Low Loyalty,"At Risk (Low Value, No Discounts)"
2578,52,Male,Minnesota,39,37,Socks,Clothing,L,Black,Fall,4.5,No,Next Day Air,Bank Transfer,Monthly,No,No,37.54081632653061,Medium Loyalty,Mixed Behavior
2579,54,Male,Vermont,48,3,Sunglasses,Accessories,M,Purple,Fall,3.9,No,Free Shipping,Cash,Quarterly,No,No,15.224489795918373,Low Loyalty,"At Risk (Low Value, No Discounts)"
2580,65,Male,Minnesota,20,40,Blouse,Clothing,M,Purple,Summer,3.7,No,Express,Venmo,Weekly,No,No,33.877551020408156,Medium Loyalty,Mixed Behavior
2581,43,Male,Massachusetts,29,13,Jeans,Clothing,S,Turquoise,Summer,3.6,No,Store Pickup,Bank Transfer,Quarterly,No,No,11.846938775510205,Low Loyalty,"At Risk (Low Value, No Discounts)"
2582,57,Male,Wyoming,81,48,Dress,Clothing,M,Gold,Winter,4.7,No,Express,Credit Card,Monthly,No,No,65.27551020408163,High Loyalty,Genuinely Loyal (No Discounts Needed)
2583,19,Male,South Dakota,98,4,Dress,Clothing,S,Indigo,Fall,3.6,No,2-Day Shipping,Venmo,Every 3 Months,No,No,40.83673469387756,Medium Loyalty,Mixed Behavior
2584,69,Male,Oklahoma,93,9,Jeans,Clothing,M,Lavender,Fall,2.5,No,Next Day Air,Cash,Weekly,No,No,51.39795918367347,Medium Loyalty,Mixed Behavior
2585,26,Male,Florida,30,26,Socks,Clothing,L,Blue,Summer,2.9,No,Store Pickup,Bank Transfer,Bi-Weekly,No,No,20.30612244897959,Low Loyalty,"At Risk (Low Value, No Discounts)"
2586,57,Male,Wisconsin,37,19,Sunglasses,Accessories,L,Maroon,Fall,4.4,No,Free Shipping,Debit Card,Weekly,No,No,29.52040816326531,Low Loyalty,"At Risk (Low Value, No Discounts)"
2587,20,Male,Maine,28,1,Coat,Outerwear,L,Yellow,Winter,4.6,No,Express,Credit Card,Every 3 Months,No,No,4.000000000000002,Low Loyalty,"At Risk (Low Value, No Discounts)"
2588,55,Male,Connecticut,29,29,Scarf,Accessories,M,Purple,Winter,3.7,No,Express,PayPal,Every 3 Months,No,No,21.642857142857142,Low Loyalty,"At Risk (Low Value, No Discounts)"
2589,44,Male,Delaware,49,38,Backpack,Accessories,M,Peach,Summer,3.2,No,Free Shipping,Venmo,Bi-Weekly,No,No,37.15306122448979,Medium Loyalty,Mixed Behavior
2590,52,Male,North Dakota,53,31,Pants,Clothing,M,Silver,Winter,4.9,No,2-Day Shipping,PayPal,Annually,No,No,37.86734693877551,Medium Loyalty,Mixed Behavior
2591,57,Male,California,66,35,Gloves,Accessories,M,Turquoise,Summer,5.0,No,Free Shipping,Venmo,Annually,No,No,46.81632653061225,Medium Loyalty,Mixed Behavior
2592,40,Male,New Mexico,61,40,Jacket,Outerwear,S,Olive,Spring,3.3,No,Express,Cash,Quarterly,No,No,44.37755102040816,Medium Loyalty,Mixed Behavior
2593,23,Male,Iowa,23,13,Shorts,Clothing,XL,Peach,Summer,4.4,No,Store Pickup,Venmo,Quarterly,No,No,8.846938775510205,Low Loyalty,"At Risk (Low Value, No Discounts)"
2594,36,Male,Colorado,36,9,Pants,Clothing,S,Indigo,Fall,4.7,No,Store Pickup,Bank Transfer,Every 3 Months,No,No,12.897959183673471,Low Loyalty,"At Risk (Low Value, No Discounts)"
2595,59,Male,Montana,81,25,Skirt,Clothing,L,Indigo,Fall,3.6,No,Free Shipping,Cash,Every 3 Months,No,No,45.19387755102041,Medium Loyalty,Mixed Behavior
2596,29,Male,Iowa,56,3,Blouse,Clothing,XL,Maroon,Summer,3.2,No,Free Shipping,Bank Transfer,Bi-Weekly,No,No,19.224489795918373,Low Loyalty,"At Risk (Low Value, No Discounts)"
2597,63,Male,Louisiana,78,35,Shirt,Clothing,L,Black,Spring,3.0,No,Next Day Air,Credit Card,Monthly,No,No,55.81632653061224,High Loyalty,Genuinely Loyal (No Discounts Needed)
2598,60,Male,Alabama,25,13,Jewelry,Accessories,XL,Teal,Summer,4.4,No,Store Pickup,Venmo,Bi-Weekly,No,No,9.846938775510203,Low Loyalty,"At Risk (Low Value, No Discounts)"
2599,64,Male,Nevada,86,31,Backpack,Accessories,XL,Olive,Fall,3.3,No,Express,Debit Card,Annually,No,No,54.367346938775505,High Loyalty,Genuinely Loyal (No Discounts Needed)
2600,63,Male,Vermont,99,48,Jewelry,Accessories,M,Gold,Winter,3.4,No,Express,Credit Card,Monthly,No,No,74.27551020408163,High Loyalty,Genuinely Loyal (No Discounts Needed)
2601,21,Male,New York,83,6,Belt,Accessories,M,Gray,Fall,3.9,No,Express,Bank Transfer,Bi-Weekly,No,No,34.56122448979592,Medium Loyalty,Mixed Behavior
2602,61,Male,Mississippi,33,43,Dress,Clothing,L,Orange,Winter,2.9,No,Store Pickup,Cash,Monthly,No,No,38.21428571428571,Medium Loyalty,Mixed Behavior
2603,65,Male,South Carolina,44,1,Coat,Outerwear,M,Black,Fall,2.9,No,Free Shipping,Venmo,Quarterly,No,No,12.000000000000002,Low Loyalty,"At Risk (Low Value, No Discounts)"
2604,69,Male,Washington,58,8,Dress,Clothing,M,Teal,Spring,2.7,No,2-Day Shipping,Cash,Annually,No,No,26.285714285714292,Low Loyalty,"At Risk (Low Value, No Discounts)"
2605,47,Male,Colorado,54,6,Sweater,Clothing,M,Beige,Spring,3.4,No,Store Pickup,Debit Card,Weekly,No,No,30.061224489795922,Low Loyalty,"At Risk (Low Value, No Discounts)"
2606,41,Male,Nevada,93,32,Hoodie,Clothing,M,White,Spring,3.7,No,2-Day Shipping,Venmo,Fortnightly,No,No,63.479591836734706,High Loyalty,Genuinely Loyal (No Discounts Needed)
2607,68,Male,Nevada,98,46,Shoes,Footwear,L,Turquoise,Spring,4.7,No,Standard,Bank Transfer,Bi-Weekly,No,No,66.55102040816328,High Loyalty,Genuinely Loyal (No Discounts Needed)
2608,41,Male,Oklahoma,36,38,Shoes,Footwear,XL,Teal,Spring,3.1,No,Express,PayPal,Every 3 Months,No,No,30.653061224489797,Low Loyalty,"At Risk (Low Value, No Discounts)"
2609,42,Male,Mississippi,68,48,Jacket,Outerwear,L,Orange,Fall,4.2,No,2-Day Shipping,Credit Card,Fortnightly,No,No,60.77551020408163,High Loyalty,Genuinely Loyal (No Discounts Needed)
2610,66,Male,Arkansas,95,18,Backpack,Accessories,M,Black,Summer,3.0,No,Store Pickup,Debit Card,Bi-Weekly,No,No,47.90816326530612,Medium Loyalty,Mixed Behavior
2611,66,Male,West Virginia,93,25,Jeans,Clothing,M,Violet,Spring,3.1,No,Express,Cash,Quarterly,No,No,51.19387755102041,Medium Loyalty,Mixed Behavior
2612,33,Male,Michigan,99,4,Jacket,Outerwear,L,Maroon,Fall,4.2,No,2-Day Shipping,Cash,Fortnightly,No,No,49.33673469387755,Medium Loyalty,Mixed Behavior
2613,55,Male,Louisiana,22,27,Sunglasses,Accessories,M,Turquoise,Winter,3.8,No,Next Day Air,Venmo,Quarterly,No,No,16.918367346938773,Low Loyalty,"At Risk (Low Value, No Discounts)"
2614,58,Male,South Dakota,88,14,Gloves,Accessories,M,Gold,Fall,2.9,No,Express,Bank Transfer,Monthly,No,No,47.95918367346939,Medium Loyalty,Mixed Behavior
2615,18,Male,North Dakota,65,36,Jacket,Outerwear,M,Turquoise,Spring,4.2,No,Express,Bank Transfer,Fortnightly,No,No,51.92857142857144,Medium Loyalty,Mixed Behavior
2616,49,Male,Arizona,62,6,T-shirt,Clothing,M,Maroon,Fall,3.1,No,2-Day Shipping,Debit Card,Quarterly,No,No,24.061224489795922,Low Loyalty,"At Risk (Low Value, No Discounts)"
2617,61,Male,Georgia,55,46,Sandals,Footwear,XL,Purple,Spring,3.6,No,Express,Cash,Annually,No,No,48.05102040816327,Medium Loyalty,Mixed Behavior
2618,31,Male,Idaho,97,29,Shorts,Clothing,S,Maroon,Spring,4.8,No,Standard,Bank Transfer,Annually,No,No,58.64285714285715,High Loyalty,Genuinely Loyal (No Discounts Needed)
2619,70,Male,Louisiana,77,12,Handbag,Accessories,L,Brown,Fall,4.1,No,Express,Venmo,Monthly,No,No,41.234693877551024,Medium Loyalty,Mixed Behavior
2620,68,Male,Connecticut,40,47,Pants,Clothing,L,Indigo,Winter,3.9,No,Free Shipping,Credit Card,Weekly,No,No,48.16326530612245,Medium Loyalty,Mixed Behavior
2621,27,Male,Ohio,23,28,Blouse,Clothing,S,Lavender,Winter,3.0,No,Standard,Debit Card,Annually,No,No,21.03061224489796,Low Loyalty,"At Risk (Low Value, No Discounts)"
2622,48,Male,Maine,46,21,Shoes,Footwear,M,Beige,Winter,3.0,No,Express,Bank Transfer,Annually,No,No,28.244897959183678,Low Loyalty,"At Risk (Low Value, No Discounts)"
2623,63,Male,New Hampshire,75,15,Backpack,Accessories,M,Yellow,Spring,4.9,No,2-Day Shipping,Credit Card,Annually,No,No,39.07142857142857,Medium Loyalty,Mixed Behavior
2624,49,Male,Massachusetts,76,38,Shoes,Footwear,M,Gold,Fall,4.8,No,Next Day Air,Cash,Annually,No,No,53.6530612244898,High Loyalty,Genuinely Loyal (No Discounts Needed)
2625,19,Male,South Dakota,59,19,Dress,Clothing,M,Indigo,Summer,3.3,No,Standard,Credit Card,Annually,No,No,33.520408163265316,Low Loyalty,"At Risk (Low Value, No Discounts)"
2626,30,Male,Colorado,51,31,Skirt,Clothing,L,Cyan,Summer,2.7,No,Standard,Credit Card,Weekly,No,No,43.86734693877551,Medium Loyalty,Mixed Behavior
2627,50,Male,Rhode Island,46,30,Jacket,Outerwear,XL,Silver,Fall,4.2,No,Express,Credit Card,Every 3 Months,No,No,30.75510204081633,Low Loyalty,"At Risk (Low Value, No Discounts)"
2628,66,Male,Missouri,26,40,Shirt,Clothing,L,Silver,Fall,3.6,No,Next Day Air,Bank Transfer,Quarterly,No,No,26.87755102040816,Low Loyalty,"At Risk (Low Value, No Discounts)"
2629,25,Male,Wyoming,51,42,Hoodie,Clothing,M,Silver,Summer,3.8,No,Next Day Air,Credit Card,Bi-Weekly,No,No,40.60204081632653,Medium Loyalty,Mixed Behavior
2630,61,Male,New Hampshire,44,25,Scarf,Accessories,M,Peach,Winter,3.8,No,Free Shipping,Venmo,Annually,No,No,29.69387755102041,Low Loyalty,"At Risk (Low Value, No Discounts)"
2631,29,Male,Maine,82,20,Skirt,Clothing,S,Pink,Spring,4.2,No,Free Shipping,Cash,Quarterly,No,No,42.63265306122449,Medium Loyalty,Mixed Behavior
2632,53,Male,Connecticut,44,3,Skirt,Clothing,S,Violet,Summer,2.7,No,Express,Cash,Weekly,No,No,23.22448979591837,Low Loyalty,"At Risk (Low Value, No Discounts)"
2633,24,Male,Alaska,27,14,Scarf,Accessories,M,Black,Fall,5.0,No,Next Day Air,Cash,Annually,No,No,14.459183673469386,Low Loyalty,"At Risk (Low Value, No Discounts)"
2634,51,Male,Alaska,90,32,Sunglasses,Accessories,M,Purple,Fall,4.7,No,Next Day Air,Credit Card,Fortnightly,No,No,61.97959183673469,High Loyalty,Genuinely Loyal (No Discounts Needed)
2635,26,Male,North Carolina,58,20,Sandals,Footwear,S,Black,Summer,3.2,No,Store Pickup,PayPal,Every 3 Months,No,No,30.63265306122449,Low Loyalty,"At Risk (Low Value, No Discounts)"
2636,59,Male,Colorado,80,34,Hoodie,Clothing,XL,Peach,Spring,2.9,No,2-Day Shipping,PayPal,Fortnightly,No,No,58.20408163265307,High Loyalty,Genuinely Loyal (No Discounts Needed)
2637,41,Male,Utah,40,6,Jacket,Outerwear,S,Magenta,Winter,4.2,No,Store Pickup,Venmo,Annually,No,No,16.06122448979592,Low Loyalty,"At Risk (Low Value, No Discounts)"
2638,20,Male,Alabama,23,2,Pants,Clothing,M,Magenta,Spring,3.7,No,Store Pickup,PayPal,Annually,No,No,5.112244897959186,Low Loyalty,"At Risk (Low Value, No Discounts)"
2639,22,Male,Hawaii,34,35,Shirt,Clothing,S,Black,Spring,4.2,No,Store Pickup,Credit Card,Annually,No,No,30.816326530612248,Low Loyalty,"At Risk (Low Value, No Discounts)"
2640,18,Male,New Hampshire,35,33,Blouse,Clothing,XL,Pink,Winter,2.6,No,Free Shipping,Debit Card,Quarterly,No,No,27.091836734693874,Low Loyalty,"At Risk (Low Value, No Discounts)"
2641,30,Male,Indiana,75,45,Skirt,Clothing,L,Olive,Summer,4.0,No,Store Pickup,Venmo,Bi-Weekly,No,No,54.43877551020408,High Loyalty,Genuinely Loyal (No Discounts Needed)
2642,25,Male,Vermont,60,20,Sunglasses,Accessories,XL,Olive,Winter,2.7,No,Next Day Air,Bank Transfer,Every 3 Months,No,No,31.63265306122449,Low Loyalty,"At Risk (Low Value, No Discounts)"
2643,39,Male,Iowa,87,48,Belt,Accessories,L,Peach,Summer,4.0,No,Store Pickup,Bank Transfer,Annually,No,No,65.27551020408164,High Loyalty,Genuinely Loyal (No Discounts Needed)
2644,49,Male,Maryland,41,37,Gloves,Accessories,S,Silver,Spring,2.9,No,Next Day Air,Cash,Monthly,No,No,38.54081632653062,Medium Loyalty,Mixed Behavior
2645,25,Male,New Mexico,83,4,Pants,Clothing,M,Turquoise,Spring,3.3,No,Standard,Bank Transfer,Every 3 Months,No,No,33.33673469387756,Low Loyalty,"At Risk (Low Value, No Discounts)"
2646,23,Male,Louisiana,81,24,Scarf,Accessories,L,Olive,Spring,4.0,No,Store Pickup,Bank Transfer,Bi-Weekly,No,No,44.58163265306122,Medium Loyalty,Mixed Behavior
2647,33,Male,New Mexico,56,4,T-shirt,Clothing,S,Lavender,Summer,3.9,No,Next Day Air,Debit Card,Every 3 Months,No,No,19.836734693877556,Low Loyalty,"At Risk (Low Value, No Discounts)"
2648,60,Male,South Carolina,58,25,Shoes,Footwear,M,Red,Summer,3.3,No,2-Day Shipping,Debit Card,Annually,No,No,36.693877551020414,Medium Loyalty,Mixed Behavior
2649,51,Male,Illinois,84,14,Pants,Clothing,M,Gray,Spring,3.9,No,Next Day Air,PayPal,Bi-Weekly,No,No,39.95918367346939,Medium Loyalty,Mixed Behavior
2650,23,Male,Minnesota,21,14,Gloves,Accessories,M,Magenta,Fall,3.9,No,Store Pickup,Bank Transfer,Fortnightly,No,No,16.459183673469386,Low Loyalty,"At Risk (Low Value, No Discounts)"
2651,20,Male,Oregon,35,46,Socks,Clothing,L,Maroon,Summer,4.2,No,Standard,Credit Card,Every 3 Months,No,No,35.05102040816326,Medium Loyalty,Mixed Behavior
2652,51,Male,Tennessee,43,27,Sneakers,Footwear,M,Cyan,Summer,4.6,No,Store Pickup,PayPal,Quarterly,No,No,27.418367346938773,Low Loyalty,"At Risk (Low Value, No Discounts)"
2653,23,Female,Maryland,20,46,Shorts,Clothing,L,Cyan,Summer,3.3,No,2-Day Shipping,Credit Card,Monthly,No,No,33.55102040816326,Low Loyalty,"At Risk (Low Value, No Discounts)"
2654,67,Female,Wisconsin,36,24,Blouse,Clothing,L,Lavender,Fall,4.8,No,Express,Venmo,Every 3 Months,No,No,22.081632653061227,Low Loyalty,"At Risk (Low Value, No Discounts)"
2655,23,Female,Idaho,70,4,Coat,Outerwear,S,Pink,Fall,4.1,No,Next Day Air,PayPal,Annually,No,No,29.836734693877553,Low Loyalty,"At Risk (Low Value, No Discounts)"
2656,26,Female,Wyoming,83,2,Sunglasses,Accessories,M,Gray,Summer,3.4,No,Standard,Credit Card,Fortnightly,No,No,40.112244897959194,Medium Loyalty,Mixed Behavior
2657,52,Female,Indiana,76,29,Shorts,Clothing,L,Yellow,Winter,3.6,No,Express,Bank Transfer,Fortnightly,No,No,53.14285714285714,Medium Loyalty,Mixed Behavior
2658,52,Female,Texas,81,7,Dress,Clothing,M,Pink,Summer,2.7,No,Express,Credit Card,Fortnightly,No,No,42.173469387755105,Medium Loyalty,Mixed Behavior
2659,52,Female,Ohio,47,39,Handbag,Accessories,XL,Indigo,Summer,3.2,No,Next Day Air,PayPal,Monthly,No,No,42.765306122448976,Medium Loyalty,Mixed Behavior
2660,35,Female,Kansas,35,46,Boots,Footwear,L,Gray,Summer,4.4,No,2-Day Shipping,Credit Card,Fortnightly,No,No,43.05102040816327,Medium Loyalty,Mixed Behavior
2661,24,Female,South Carolina,85,44,Pants,Clothing,L,Yellow,Spring,4.9,No,Express,Venmo,Annually,No,No,61.8265306122449,High Loyalty,Genuinely Loyal (No Discounts Needed)
2662,43,Female,Michigan,96,20,Boots,Footwear,XL,Olive,Fall,4.8,No,Express,Bank Transfer,Annually,No,No,52.6326530612245,Medium Loyalty,Mixed Behavior
2663,25,Female,Nebraska,98,44,Skirt,Clothing,M,Cyan,Summer,2.8,No,2-Day Shipping,PayPal,Fortnightly,No,No,73.3265306122449,High Loyalty,Genuinely Loyal (No Discounts Needed)
2664,46,Female,Wisconsin,52,23,Sneakers,Footwear,L,Silver,Fall,2.9,No,Free Shipping,Bank Transfer,Annually,No,No,32.46938775510204,Low Loyalty,"At Risk (Low Value, No Discounts)"
2665,22,Female,Illinois,84,37,Jewelry,Accessories,L,Silver,Winter,3.2,No,Store Pickup,PayPal,Weekly,No,No,64.04081632653062,High Loyalty,Genuinely Loyal (No Discounts Needed)
2666,70,Female,Louisiana,71,4,T-shirt,Clothing,L,Red,Winter,3.5,No,Store Pickup,Venmo,Weekly,No,No,37.33673469387756,Medium Loyalty,Mixed Behavior
2667,49,Female,Ohio,95,14,Sandals,Footwear,S,Brown,Winter,4.1,No,Store Pickup,Venmo,Fortnightly,No,No,53.45918367346938,Medium Loyalty,Mixed Behavior
2668,48,Female,Maryland,47,31,Boots,Footwear,M,Orange,Summer,4.1,No,Free Shipping,Cash,Fortnightly,No,No,39.86734693877551,Medium Loyalty,Mixed Behavior
2669,59,Female,Texas,75,9,Coat,Outerwear,M,Black,Summer,4.8,No,Next Day Air,PayPal,Quarterly,No,No,32.39795918367347,Low Loyalty,"At Risk (Low Value, No Discounts)"
2670,39,Female,Illinois,28,31,Belt,Accessories,L,Teal,Spring,2.8,No,Free Shipping,Credit Card,Weekly,No,No,32.36734693877551,Low Loyalty,"At Risk (Low Value, No Discounts)"
2671,30,Female,Pennsylvania,44,26,Sunglasses,Accessories,M,Yellow,Fall,4.7,No,Express,Bank Transfer,Bi-Weekly,No,No,27.306122448979593,Low Loyalty,"At Risk (Low Value, No Discounts)"
2672,37,Female,Alabama,64,41,Sandals,Footwear,XL,Gray,Winter,4.8,No,2-Day Shipping,PayPal,Every 3 Months,No,No,46.48979591836735,Medium Loyalty,Mixed Behavior
2673,56,Female,West Virginia,28,13,Boots,Footwear,M,Maroon,Spring,2.9,No,Standard,Cash,Annually,No,No,14.346938775510203,Low Loyalty,"At Risk (Low Value, No Discounts)"
2674,67,Female,Nevada,21,4,Hoodie,Clothing,M,Olive,Summer,2.6,No,2-Day Shipping,Cash,Monthly,No,No,8.33673469387755,Low Loyalty,"At Risk (Low Value, No Discounts)"
2675,40,Female,Florida,41,15,Hat,Accessories,S,Charcoal,Fall,3.3,No,Express,Cash,Every 3 Months,No,No,19.071428571428573,Low Loyalty,"At Risk (Low Value, No Discounts)"
2676,24,Female,Virginia,38,38,Shorts,Clothing,M,Peach,Winter,3.4,No,Free Shipping,Cash,Bi-Weekly,No,No,31.653061224489797,Low Loyalty,"At Risk (Low Value, No Discounts)"
2677,43,Female,Kentucky,77,3,Backpack,Accessories,M,Maroon,Spring,3.6,No,Free Shipping,Cash,Fortnightly,No,No,37.72448979591837,Medium Loyalty,Mixed Behavior
2678,45,Female,Connecticut,43,6,Shorts,Clothing,L,Olive,Spring,3.8,No,Next Day Air,PayPal,Every 3 Months,No,No,14.561224489795919,Low Loyalty,"At Risk (Low Value, No Discounts)"
2679,33,Female,Montana,91,34,Belt,Accessories,M,Magenta,Spring,3.4,No,2-Day Shipping,Credit Card,Bi-Weekly,No,No,55.70408163265306,High Loyalty,Genuinely Loyal (No Discounts Needed)
2680,53,Female,Montana,68,7,Shorts,Clothing,S,Yellow,Spring,3.8,No,Express,Debit Card,Quarterly,No,No,27.673469387755105,Low Loyalty,"At Risk (Low Value, No Discounts)"
2681,44,Female,Nebraska,37,21,Socks,Clothing,L,Indigo,Fall,3.3,No,Next Day Air,Venmo,Annually,No,No,23.74489795918367,Low Loyalty,"At Risk (Low Value, No Discounts)"
2682,23,Female,Massachusetts,23,17,Shoes,Footwear,L,Olive,Summer,4.8,No,Standard,Debit Card,Monthly,No,No,17.295918367346943,Low Loyalty,"At Risk (Low Value, No Discounts)"
2683,59,Female,North Carolina,65,5,Sneakers,Footwear,L,Maroon,Winter,3.9,No,2-Day Shipping,Venmo,Every 3 Months,No,No,24.948979591836736,Low Loyalty,"At Risk (Low Value, No Discounts)"
2684,68,Female,Montana,30,21,Backpack,Accessories,M,Indigo,Summer,4.2,No,Next Day Air,Cash,Fortnightly,No,No,25.244897959183675,Low Loyalty,"At Risk (Low Value, No Discounts)"
2685,46,Female,Washington,45,42,Dress,Clothing,M,Gray,Summer,4.7,No,Free Shipping,Credit Card,Bi-Weekly,No,No,37.60204081632653,Medium Loyalty,Mixed Behavior
2686,56,Female,Virginia,25,49,Boots,Footwear,M,Gray,Winter,2.7,No,Express,Credit Card,Quarterly,No,No,31.887755102040817,Low Loyalty,"At Risk (Low Value, No Discounts)"
2687,40,Female,Georgia,72,33,Socks,Clothing,M,Black,Winter,3.8,No,2-Day Shipping,Cash,Fortnightly,No,No,53.59183673469388,High Loyalty,Genuinely Loyal (No Discounts Needed)
2688,61,Female,Delaware,75,12,Dress,Clothing,M,White,Fall,3.6,No,2-Day Shipping,Debit Card,Bi-Weekly,No,No,34.234693877551024,Medium Loyalty,Mixed Behavior
2689,53,Female,West Virginia,63,18,Handbag,Accessories,XL,Turquoise,Spring,2.9,No,2-Day Shipping,Credit Card,Every 3 Months,No,No,31.90816326530613,Low Loyalty,"At Risk (Low Value, No Discounts)"
2690,29,Female,Wyoming,35,47,Blouse,Clothing,M,Orange,Fall,3.9,No,Standard,PayPal,Quarterly,No,No,35.66326530612245,Medium Loyalty,Mixed Behavior
2691,44,Female,New Mexico,32,18,Belt,Accessories,L,Yellow,Summer,4.7,No,Free Shipping,Bank Transfer,Weekly,No,No,26.408163265306122,Low Loyalty,"At Risk (Low Value, No Discounts)"
2692,43,Female,Nebraska,25,48,Pants,Clothing,L,Blue,Winter,3.3,No,2-Day Shipping,Cash,Monthly,No,No,37.27551020408163,Medium Loyalty,Mixed Behavior
2693,40,Female,Washington,90,18,Sneakers,Footwear,XL,Violet,Spring,4.2,No,Free Shipping,Debit Card,Every 3 Months,No,No,45.40816326530612,Medium Loyalty,Mixed Behavior
2694,55,Female,Hawaii,70,46,Boots,Footwear,L,Lavender,Summer,2.6,No,Standard,Cash,Quarterly,No,No,52.55102040816326,Medium Loyalty,Mixed Behavior
2695,66,Female,Louisiana,27,34,Sunglasses,Accessories,M,Olive,Spring,4.9,No,Express,Credit Card,Every 3 Months,No,No,23.70408163265306,Low Loyalty,"At Risk (Low Value, No Discounts)"
2696,50,Female,Tennessee,92,10,Hat,Accessories,M,Orange,Fall,3.6,No,Standard,PayPal,Bi-Weekly,No,No,41.510204081632665,Medium Loyalty,Mixed Behavior
2697,57,Female,South Dakota,20,12,Coat,Outerwear,M,White,Spring,4.7,No,Free Shipping,Debit Card,Monthly,No,No,12.73469387755102,Low Loyalty,"At Risk (Low Value, No Discounts)"
2698,42,Female,Delaware,52,36,Jacket,Outerwear,L,Red,Winter,3.2,No,Standard,Bank Transfer,Quarterly,No,No,37.42857142857143,Medium Loyalty,Mixed Behavior
2699,55,Female,Virginia,57,34,Hoodie,Clothing,M,Magenta,Summer,3.6,No,Store Pickup,Venmo,Quarterly,No,No,38.704081632653065,Medium Loyalty,Mixed Behavior
2700,25,Female,Utah,96,49,Boots,Footwear,M,Violet,Fall,3.6,No,2-Day Shipping,Debit Card,Annually,No,No,70.38775510204083,High Loyalty,Genuinely Loyal (No Discounts Needed)
2701,22,Female,California,68,36,T-shirt,Clothing,XL,Olive,Winter,3.2,No,Standard,Cash,Weekly,No,No,55.42857142857143,High Loyalty,Genuinely Loyal (No Discounts Needed)
2702,49,Female,Idaho,30,18,Sweater,Clothing,L,Silver,Summer,2.8,No,Store Pickup,Bank Transfer,Fortnightly,No,No,23.408163265306122,Low Loyalty,"At Risk (Low Value, No Discounts)"
2703,70,Female,Texas,37,39,Shoes,Footwear,L,Gray,Fall,4.0,No,Next Day Air,Debit Card,Fortnightly,No,No,39.765306122448976,Medium Loyalty,Mixed Behavior
2704,56,Female,Tennessee,42,34,Scarf,Accessories,XL,Olive,Winter,4.4,No,Free Shipping,PayPal,Weekly,No,No,41.20408163265306,Medium Loyalty,Mixed Behavior
2705,52,Female,Tennessee,54,35,Dress,Clothing,L,Beige,Spring,3.4,No,Next Day Air,Debit Card,Weekly,No,No,47.816326530612244,Medium Loyalty,Mixed Behavior
2706,65,Female,Washington,81,1,Jacket,Outerwear,S,Turquoise,Spring,5.0,No,Store Pickup,Credit Card,Bi-Weekly,No,No,30.5,Low Loyalty,"At Risk (Low Value, No Discounts)"
2707,24,Female,Alabama,40,48,Shoes,Footwear,S,Blue,Spring,3.1,No,Express,Debit Card,Quarterly,No,No,38.775510204081634,Medium Loyalty,Mixed Behavior
2708,32,Female,Nebraska,88,19,Backpack,Accessories,M,Pink,Fall,4.2,No,Standard,Cash,Weekly,No,No,55.02040816326531,High Loyalty,Genuinely Loyal (No Discounts Needed)
2709,57,Female,Alabama,94,44,Dress,Clothing,M,Teal,Summer,3.3,No,Store Pickup,Debit Card,Weekly,No,No,73.3265306122449,High Loyalty,Genuinely Loyal (No Discounts Needed)
2710,35,Female,Illinois,54,9,Shirt,Clothing,S,Cyan,Winter,2.9,No,Standard,Credit Card,Bi-Weekly,No,No,21.897959183673475,Low Loyalty,"At Risk (Low Value, No Discounts)"
2711,69,Female,Wisconsin,51,3,Jacket,Outerwear,L,Purple,Summer,4.7,No,Standard,Bank Transfer,Fortnightly,No,No,24.724489795918373,Low Loyalty,"At Risk (Low Value, No Discounts)"
2712,30,Female,Nebraska,22,50,Sunglasses,Accessories,L,Red,Spring,4.0,No,Standard,Venmo,Monthly,No,No,37.0,Medium Loyalty,Mixed Behavior
2713,37,Female,North Dakota,95,7,Jacket,Outerwear,L,Brown,Fall,4.6,No,Standard,Debit Card,Quarterly,No,No,41.173469387755105,Medium Loyalty,Mixed Behavior
2714,19,Female,Mississippi,57,20,Coat,Outerwear,M,Magenta,Fall,3.8,No,2-Day Shipping,Debit Card,Annually,No,No,33.132653061224495,Low Loyalty,"At Risk (Low Value, No Discounts)"
2715,53,Female,Iowa,45,16,Sweater,Clothing,S,Olive,Winter,3.6,No,Store Pickup,Credit Card,Bi-Weekly,No,No,21.683673469387756,Low Loyalty,"At Risk (Low Value, No Discounts)"
2716,25,Female,Mississippi,92,29,Sneakers,Footwear,XL,Pink,Winter,4.1,No,Express,PayPal,Fortnightly,No,No,61.142857142857146,High Loyalty,Genuinely Loyal (No Discounts Needed)
2717,47,Female,Colorado,40,21,Shoes,Footwear,L,Black,Spring,2.7,No,Store Pickup,Debit Card,Weekly,No,No,32.244897959183675,Low Loyalty,"At Risk (Low Value, No Discounts)"
2718,18,Female,Nebraska,62,19,Sunglasses,Accessories,XL,Beige,Winter,4.3,No,Free Shipping,Credit Card,Every 3 Months,No,No,32.02040816326531,Low Loyalty,"At Risk (Low Value, No Discounts)"
2719,22,Female,Virginia,90,10,Shorts,Clothing,M,Peach,Winter,4.9,No,Next Day Air,Venmo,Bi-Weekly,No,No,40.51020408163266,Medium Loyalty,Mixed Behavior
2720,69,Female,Louisiana,82,4,Hoodie,Clothing,S,Peach,Fall,4.2,No,Free Shipping,Bank Transfer,Monthly,No,No,38.83673469387755,Medium Loyalty,Mixed Behavior
2721,55,Female,Maryland,52,45,Scarf,Accessories,M,Peach,Spring,2.8,No,Store Pickup,Bank Transfer,Quarterly,No,No,42.93877551020408,Medium Loyalty,Mixed Behavior
2722,19,Female,Minnesota,70,17,Sandals,Footwear,S,Teal,Spring,4.9,No,Free Shipping,PayPal,Fortnightly,No,No,42.79591836734694,Medium Loyalty,Mixed Behavior
2723,23,Female,Maine,83,22,Hat,Accessories,M,Green,Spring,2.8,No,2-Day Shipping,PayPal,Fortnightly,No,No,52.35714285714286,Medium Loyalty,Mixed Behavior
2724,54,Female,Texas,49,3,Shoes,Footwear,XL,Brown,Summer,2.9,No,Store Pickup,PayPal,Every 3 Months,No,No,15.72448979591837,Low Loyalty,"At Risk (Low Value, No Discounts)"
2725,52,Female,Missouri,91,11,Sneakers,Footwear,M,Brown,Spring,2.5,No,Next Day Air,Debit Card,Fortnightly,No,No,49.62244897959184,Medium Loyalty,Mixed Behavior
2726,64,Female,Mississippi,99,4,Backpack,Accessories,S,Violet,Summer,2.7,No,Free Shipping,Debit Card,Annually,No,No,44.33673469387755,Medium Loyalty,Mixed Behavior
2727,33,Female,Michigan,92,11,Belt,Accessories,L,Blue,Winter,3.3,No,Free Shipping,PayPal,Bi-Weekly,No,No,42.122448979591844,Medium Loyalty,Mixed Behavior
2728,40,Female,Colorado,87,47,Shirt,Clothing,L,Charcoal,Winter,3.7,No,2-Day Shipping,Credit Card,Fortnightly,No,No,69.66326530612245,High Loyalty,Genuinely Loyal (No Discounts Needed)
2729,26,Female,Florida,28,17,Skirt,Clothing,M,Pink,Winter,4.0,No,Express,Debit Card,Weekly,No,No,23.795918367346943,Low Loyalty,"At Risk (Low Value, No Discounts)"
2730,31,Female,Montana,71,32,Gloves,Accessories,S,Violet,Summer,4.1,No,Free Shipping,Credit Card,Monthly,No,No,50.47959183673469,Medium Loyalty,Mixed Behavior
2731,23,Female,Wisconsin,32,37,Gloves,Accessories,M,Teal,Winter,4.1,No,Store Pickup,Bank Transfer,Annually,No,No,31.040816326530607,Low Loyalty,"At Risk (Low Value, No Discounts)"
2732,52,Female,Wisconsin,33,44,Handbag,Accessories,M,Red,Summer,2.5,No,2-Day Shipping,Bank Transfer,Quarterly,No,No,32.826530612244895,Low Loyalty,"At Risk (Low Value, No Discounts)"
2733,21,Female,Delaware,75,27,Socks,Clothing,L,Orange,Winter,4.2,No,Store Pickup,Debit Card,Every 3 Months,No,No,43.41836734693877,Medium Loyalty,Mixed Behavior
2734,31,Female,North Carolina,83,46,Backpack,Accessories,M,Magenta,Summer,4.7,No,Express,PayPal,Annually,No,No,62.05102040816327,High Loyalty,Genuinely Loyal (No Discounts Needed)
2735,63,Female,New York,93,13,Jeans,Clothing,XL,Yellow,Summer,2.7,No,2-Day Shipping,Cash,Bi-Weekly,No,No,43.84693877551021,Medium Loyalty,Mixed Behavior
2736,46,Female,California,29,2,Skirt,Clothing,M,Yellow,Spring,3.0,No,Express,PayPal,Bi-Weekly,No,No,5.112244897959186,Low Loyalty,"At Risk (Low Value, No Discounts)"
2737,44,Female,Montana,25,45,Hoodie,Clothing,M,Pink,Spring,4.8,No,Store Pickup,Credit Card,Annually,No,No,32.438775510204074,Low Loyalty,"At Risk (Low Value, No Discounts)"
2738,57,Female,North Carolina,76,35,Jewelry,Accessories,S,Indigo,Spring,4.4,No,Free Shipping,Cash,Every 3 Months,No,No,48.816326530612244,Medium Loyalty,Mixed Behavior
2739,50,Female,Ohio,81,39,Sneakers,Footwear,M,Charcoal,Summer,4.3,No,2-Day Shipping,Venmo,Every 3 Months,No,No,53.765306122448976,High Loyalty,Genuinely Loyal (No Discounts Needed)
2740,33,Female,Alaska,80,39,Shirt,Clothing,XL,Blue,Winter,2.5,No,Store Pickup,Credit Card,Every 3 Months,No,No,53.265306122448976,Medium Loyalty,Mixed Behavior
2741,19,Female,Pennsylvania,70,34,Sunglasses,Accessories,M,Lavender,Summer,4.9,No,Free Shipping,Bank Transfer,Fortnightly,No,No,53.204081632653065,Medium Loyalty,Mixed Behavior
2742,68,Female,Maine,81,41,Dress,Clothing,L,Yellow,Fall,4.9,No,2-Day Shipping,Venmo,Monthly,No,No,60.98979591836735,High Loyalty,Genuinely Loyal (No Discounts Needed)
2743,27,Female,Texas,86,47,Shoes,Footwear,M,Black,Spring,3.9,No,Free Shipping,Debit Card,Annually,No,No,64.16326530612245,High Loyalty,Genuinely Loyal (No Discounts Needed)
2744,61,Female,New Jersey,94,17,Belt,Accessories,S,Beige,Fall,4.1,No,2-Day Shipping,Venmo,Quarterly,No,No,46.79591836734694,Medium Loyalty,Mixed Behavior
2745,38,Female,Wyoming,66,40,Shirt,Clothing,M,Silver,Winter,3.3,No,Store Pickup,Credit Card,Monthly,No,No,52.87755102040816,Medium Loyalty,Mixed Behavior
2746,28,Female,Michigan,98,44,Boots,Footwear,M,Magenta,Summer,4.1,No,Standard,PayPal,Bi-Weekly,No,No,65.3265306122449,High Loyalty,Genuinely Loyal (No Discounts Needed)
2747,39,Female,Ohio,25,21,Hoodie,Clothing,M,Orange,Fall,3.7,No,Standard,PayPal,Every 3 Months,No,No,14.744897959183673,Low Loyalty,"At Risk (Low Value, No Discounts)"
2748,18,Female,West Virginia,62,21,Jeans,Clothing,M,Teal,Winter,3.1,No,Free Shipping,Credit Card,Every 3 Months,No,No,33.244897959183675,Low Loyalty,"At Risk (Low Value, No Discounts)"
2749,24,Female,Virginia,98,16,Jacket,Outerwear,L,Turquoise,Spring,3.0,No,Free Shipping,Venmo,Annually,No,No,51.183673469387756,Medium Loyalty,Mixed Behavior
2750,64,Female,Vermont,53,15,Jacket,Outerwear,M,Cyan,Spring,3.4,No,Standard,Bank Transfer,Annually,No,No,28.07142857142857,Low Loyalty,"At Risk (Low Value, No Discounts)"
2751,51,Female,Alaska,66,26,Sandals,Footwear,L,Pink,Spring,2.7,No,2-Day Shipping,PayPal,Every 3 Months,No,No,38.30612244897959,Medium Loyalty,Mixed Behavior
2752,27,Female,Minnesota,52,50,Dress,Clothing,S,Indigo,Fall,3.1,No,Free Shipping,Venmo,Monthly,No,No,52.0,Medium Loyalty,Mixed Behavior
2753,48,Female,Colorado,64,30,Sweater,Clothing,S,Peach,Winter,4.0,No,Free Shipping,Venmo,Bi-Weekly,No,No,39.755102040816325,Medium Loyalty,Mixed Behavior
2754,69,Female,Rhode Island,59,48,Gloves,Accessories,M,Beige,Spring,3.6,No,Next Day Air,PayPal,Quarterly,No,No,48.27551020408163,Medium Loyalty,Mixed Behavior
2755,59,Female,New Jersey,61,21,Sunglasses,Accessories,L,Gold,Summer,3.6,No,Free Shipping,Venmo,Bi-Weekly,No,No,32.744897959183675,Low Loyalty,"At Risk (Low Value, No Discounts)"
2756,59,Female,Nevada,97,18,Belt,Accessories,M,Indigo,Winter,3.3,No,Store Pickup,Credit Card,Annually,No,No,51.90816326530613,Medium Loyalty,Mixed Behavior
2757,42,Female,Minnesota,23,41,Hat,Accessories,L,Violet,Winter,4.1,No,Free Shipping,PayPal,Monthly,No,No,31.989795918367342,Low Loyalty,"At Risk (Low Value, No Discounts)"
2758,39,Female,Delaware,98,11,Hat,Accessories,XL,Brown,Fall,4.3,No,Next Day Air,Venmo,Monthly,No,No,51.12244897959184,Medium Loyalty,Mixed Behavior
2759,32,Female,Illinois,98,8,Blouse,Clothing,M,Purple,Summer,3.2,No,Standard,Bank Transfer,Bi-Weekly,No,No,43.28571428571429,Medium Loyalty,Mixed Behavior
2760,68,Female,Washington,59,42,Shoes,Footwear,M,Turquoise,Summer,3.9,No,Free Shipping,Cash,Every 3 Months,No,No,44.60204081632653,Medium Loyalty,Mixed Behavior
2761,41,Female,Alaska,82,41,Skirt,Clothing,S,Violet,Fall,5.0,No,Next Day Air,Credit Card,Bi-Weekly,No,No,55.48979591836735,High Loyalty,Genuinely Loyal (No Discounts Needed)
2762,31,Female,Michigan,82,3,Sneakers,Footwear,M,Purple,Fall,3.4,No,Next Day Air,Credit Card,Every 3 Months,No,No,32.22448979591837,Low Loyalty,"At Risk (Low Value, No Discounts)"
2763,58,Female,Georgia,41,10,T-shirt,Clothing,M,Charcoal,Fall,3.8,No,Store Pickup,Debit Card,Every 3 Months,No,No,16.010204081632658,Low Loyalty,"At Risk (Low Value, No Discounts)"
2764,28,Female,West Virginia,52,35,Handbag,Accessories,M,Green,Fall,2.9,No,2-Day Shipping,Venmo,Quarterly,No,No,36.816326530612244,Medium Loyalty,Mixed Behavior
2765,63,Female,Arizona,41,2,Sweater,Clothing,XL,White,Spring,2.6,No,Next Day Air,Debit Card,Weekly,No,No,21.112244897959187,Low Loyalty,"At Risk (Low Value, No Discounts)"
2766,64,Female,Colorado,70,24,Gloves,Accessories,M,Purple,Summer,4.3,No,2-Day Shipping,Credit Card,Quarterly,No,No,39.08163265306123,Medium Loyalty,Mixed Behavior
2767,66,Female,Tennessee,91,47,Dress,Clothing,M,Cyan,Winter,2.8,No,Standard,Credit Card,Monthly,No,No,69.66326530612245,High Loyalty,Genuinely Loyal (No Discounts Needed)
2768,31,Female,Iowa,95,31,Dress,Clothing,M,Green,Spring,4.5,No,Free Shipping,Cash,Monthly,No,No,61.86734693877551,High Loyalty,Genuinely Loyal (No Discounts Needed)
2769,55,Female,Kansas,25,28,Blouse,Clothing,M,Beige,Spring,3.8,No,2-Day Shipping,PayPal,Bi-Weekly,No,No,19.030612244897956,Low Loyalty,"At Risk (Low Value, No Discounts)"
2770,32,Female,Oklahoma,89,13,Shirt,Clothing,L,Lavender,Fall,3.0,No,Standard,Cash,Weekly,No,No,51.84693877551021,Medium Loyalty,Mixed Behavior
2771,50,Female,Nebraska,44,22,Boots,Footwear,S,Blue,Fall,3.3,No,Express,Bank Transfer,Quarterly,No,No,24.857142857142854,Low Loyalty,"At Risk (Low Value, No Discounts)"
2772,58,Female,Maryland,52,12,Jacket,Outerwear,S,Beige,Summer,3.1,No,2-Day Shipping,Bank Transfer,Fortnightly,No,No,30.734693877551024,Low Loyalty,"At Risk (Low Value, No Discounts)"
2773,18,Female,Pennsylvania,94,10,Backpack,Accessories,L,Blue,Spring,3.5,No,Store Pickup,Bank Transfer,Every 3 Months,No,No,42.51020408163266,Medium Loyalty,Mixed Behavior
2774,39,Female,Arizona,98,45,Pants,Clothing,S,Maroon,Spring,4.6,No,Express,Bank Transfer,Quarterly,No,No,65.93877551020408,High Loyalty,Genuinely Loyal (No Discounts Needed)
2775,56,Female,Oklahoma,40,42,Boots,Footwear,L,Yellow,Fall,4.1,No,Standard,Credit Card,Quarterly,No,No,35.10204081632653,Medium Loyalty,Mixed Behavior
2776,37,Female,Montana,25,16,Socks,Clothing,L,Red,Fall,3.6,No,Free Shipping,Debit Card,Weekly,No,No,21.683673469387756,Low Loyalty,"At Risk (Low Value, No Discounts)"
2777,46,Female,Wyoming,62,6,Scarf,Accessories,L,Green,Fall,2.9,No,Free Shipping,Bank Transfer,Annually,No,No,27.061224489795922,Low Loyalty,"At Risk (Low Value, No Discounts)"
2778,52,Female,Idaho,24,28,Blouse,Clothing,M,Magenta,Fall,4.8,No,Standard,Credit Card,Every 3 Months,No,No,18.53061224489796,Low Loyalty,"At Risk (Low Value, No Discounts)"
2779,70,Female,Pennsylvania,57,24,Belt,Accessories,L,Yellow,Spring,3.2,No,Standard,Credit Card,Bi-Weekly,No,No,32.58163265306123,Low Loyalty,"At Risk (Low Value, No Discounts)"
2780,61,Female,Montana,66,14,Sunglasses,Accessories,L,Blue,Winter,4.3,No,Express,Credit Card,Fortnightly,No,No,38.9591836734694,Medium Loyalty,Mixed Behavior
2781,33,Female,Ohio,70,29,Boots,Footwear,M,Charcoal,Winter,4.1,No,Next Day Air,PayPal,Fortnightly,No,No,50.14285714285713,Medium Loyalty,Mixed Behavior
2782,65,Female,Mississippi,39,33,Sandals,Footwear,M,Blue,Spring,4.6,No,Standard,PayPal,Weekly,No,No,39.09183673469387,Medium Loyalty,Mixed Behavior
2783,41,Female,Idaho,34,30,Gloves,Accessories,S,Cyan,Spring,3.8,No,Free Shipping,PayPal,Annually,No,No,27.755102040816325,Low Loyalty,"At Risk (Low Value, No Discounts)"
2784,19,Female,Virginia,38,26,Skirt,Clothing,M,Silver,Spring,4.5,No,Next Day Air,Credit Card,Quarterly,No,No,24.306122448979593,Low Loyalty,"At Risk (Low Value, No Discounts)"
2785,33,Female,Idaho,70,12,Skirt,Clothing,M,Black,Winter,3.1,No,Express,PayPal,Every 3 Months,No,No,31.734693877551024,Low Loyalty,"At Risk (Low Value, No Discounts)"
2786,53,Female,Louisiana,80,13,Blouse,Clothing,S,Green,Summer,2.9,No,Next Day Air,Bank Transfer,Monthly,No,No,43.34693877551021,Medium Loyalty,Mixed Behavior
2787,54,Female,Colorado,51,41,Handbag,Accessories,M,Violet,Spring,3.8,No,Next Day Air,Debit Card,Every 3 Months,No,No,39.98979591836734,Medium Loyalty,Mixed Behavior
2788,36,Female,West Virginia,79,4,Boots,Footwear,XL,Pink,Spring,4.1,No,Next Day Air,Venmo,Fortnightly,No,No,39.33673469387756,Medium Loyalty,Mixed Behavior
2789,56,Female,Rhode Island,92,2,Boots,Footwear,M,Olive,Summer,3.1,No,Free Shipping,Credit Card,Annually,No,No,39.612244897959194,Medium Loyalty,Mixed Behavior
2790,28,Female,North Carolina,85,28,Sweater,Clothing,L,Orange,Fall,5.0,No,Express,Credit Card,Bi-Weekly,No,No,49.03061224489796,Medium Loyalty,Mixed Behavior
2791,34,Female,Maine,63,24,Socks,Clothing,M,Black,Spring,4.5,No,Free Shipping,Debit Card,Annually,No,No,38.58163265306123,Medium Loyalty,Mixed Behavior
2792,43,Female,Iowa,60,14,Gloves,Accessories,M,Yellow,Fall,2.8,No,Express,Venmo,Fortnightly,No,No,35.95918367346939,Medium Loyalty,Mixed Behavior
2793,54,Female,Kentucky,44,11,Shorts,Clothing,L,Violet,Winter,3.2,No,Express,Credit Card,Weekly,No,No,28.12244897959184,Low Loyalty,"At Risk (Low Value, No Discounts)"
2794,37,Female,Massachusetts,57,27,Boots,Footwear,M,Silver,Spring,3.1,No,Standard,Debit Card,Bi-Weekly,No,No,34.41836734693877,Medium Loyalty,Mixed Behavior
2795,33,Female,New York,24,7,Jacket,Outerwear,M,Gold,Fall,3.3,No,Standard,Cash,Fortnightly,No,No,13.673469387755105,Low Loyalty,"At Risk (Low Value, No Discounts)"
2796,33,Female,Nebraska,35,49,Scarf,Accessories,M,Magenta,Winter,3.4,No,Store Pickup,PayPal,Annually,No,No,39.88775510204081,Medium Loyalty,Mixed Behavior
2797,55,Female,Oklahoma,73,21,Jacket,Outerwear,M,Red,Winter,3.8,No,Store Pickup,Cash,Annually,No,No,41.74489795918368,Medium Loyalty,Mixed Behavior
2798,63,Female,Oklahoma,42,10,Jewelry,Accessories,M,Green,Winter,3.5,No,Express,Venmo,Every 3 Months,No,No,16.510204081632654,Low Loyalty,"At Risk (Low Value, No Discounts)"
2799,52,Female,Rhode Island,20,37,Hoodie,Clothing,XL,Red,Winter,4.8,No,Store Pickup,PayPal,Weekly,No,No,32.04081632653061,Low Loyalty,"At Risk (Low Value, No Discounts)"
2800,23,Female,Maine,89,9,T-shirt,Clothing,L,Pink,Spring,3.9,No,Free Shipping,Bank Transfer,Every 3 Months,No,No,39.39795918367347,Medium Loyalty,Mixed Behavior
2801,70,Female,Arkansas,76,14,Shirt,Clothing,L,Violet,Fall,3.4,No,Free Shipping,Cash,Bi-Weekly,No,No,35.95918367346938,Medium Loyalty,Mixed Behavior
2802,64,Female,New Mexico,56,30,Shirt,Clothing,M,Indigo,Winter,2.6,No,Express,PayPal,Annually,No,No,38.755102040816325,Medium Loyalty,Mixed Behavior
2803,22,Female,Hawaii,100,42,Coat,Outerwear,L,Red,Fall,3.1,No,Store Pickup,Credit Card,Fortnightly,No,No,73.10204081632654,High Loyalty,Genuinely Loyal (No Discounts Needed)
2804,46,Female,Idaho,44,31,T-shirt,Clothing,M,Violet,Winter,3.3,No,Free Shipping,Bank Transfer,Monthly,No,No,36.367346938775505,Medium Loyalty,Mixed Behavior
2805,65,Female,South Carolina,76,48,Hoodie,Clothing,M,Cyan,Spring,2.8,No,Standard,Bank Transfer,Every 3 Months,No,No,56.77551020408163,High Loyalty,Genuinely Loyal (No Discounts Needed)
2806,18,Female,Nevada,97,48,Sunglasses,Accessories,S,Black,Fall,4.3,No,Standard,Cash,Quarterly,No,No,67.27551020408164,High Loyalty,Genuinely Loyal (No Discounts Needed)
2807,45,Female,South Carolina,39,50,Blouse,Clothing,L,Purple,Spring,2.7,No,Standard,Credit Card,Annually,No,No,42.50000000000001,Medium Loyalty,Mixed Behavior
2808,56,Female,Maryland,100,10,Hoodie,Clothing,M,Charcoal,Spring,4.4,No,2-Day Shipping,Debit Card,Fortnightly,No,No,53.51020408163265,Medium Loyalty,Mixed Behavior
2809,49,Female,Tennessee,62,45,Skirt,Clothing,M,Beige,Spring,3.9,No,Free Shipping,PayPal,Every 3 Months,No,No,47.93877551020408,Medium Loyalty,Mixed Behavior
2810,66,Female,Arkansas,98,27,Shorts,Clothing,XL,Teal,Summer,3.0,No,Standard,Debit Card,Quarterly,No,No,54.91836734693878,High Loyalty,Genuinely Loyal (No Discounts Needed)
2811,27,Female,Arizona,31,10,Jeans,Clothing,M,Purple,Summer,4.0,No,Standard,Debit Card,Fortnightly,No,No,19.010204081632654,Low Loyalty,"At Risk (Low Value, No Discounts)"
2812,69,Female,Ohio,89,19,Jacket,Outerwear,M,Blue,Fall,3.7,No,Store Pickup,Credit Card,Quarterly,No,No,45.52040816326531,Medium Loyalty,Mixed Behavior
2813,66,Female,North Dakota,91,1,Hoodie,Clothing,XL,Magenta,Fall,3.8,No,Store Pickup,Credit Card,Every 3 Months,No,No,35.5,Medium Loyalty,Mixed Behavior
2814,45,Female,Vermont,50,39,Shirt,Clothing,S,Maroon,Summer,3.3,No,2-Day Shipping,Debit Card,Quarterly,No,No,38.265306122448976,Medium Loyalty,Mixed Behavior
2815,31,Female,Minnesota,32,14,T-shirt,Clothing,L,Gold,Winter,3.6,No,Standard,Bank Transfer,Monthly,No,No,19.95918367346939,Low Loyalty,"At Risk (Low Value, No Discounts)"
2816,33,Female,Idaho,67,40,Blouse,Clothing,L,Black,Fall,3.9,No,Free Shipping,Venmo,Every 3 Months,No,No,47.37755102040816,Medium Loyalty,Mixed Behavior
2817,43,Female,Maryland,28,45,Skirt,Clothing,M,Black,Spring,3.5,No,Free Shipping,Venmo,Weekly,No,No,40.93877551020408,Medium Loyalty,Mixed Behavior
2818,25,Female,South Carolina,65,6,Backpack,Accessories,XL,Yellow,Winter,3.4,No,Standard,Venmo,Weekly,No,No,35.56122448979592,Medium Loyalty,Mixed Behavior
2819,46,Female,California,73,12,Shorts,Clothing,M,Turquoise,Fall,4.7,No,Next Day Air,Debit Card,Annually,No,No,36.234693877551024,Medium Loyalty,Mixed Behavior
2820,67,Female,Georgia,27,19,Shirt,Clothing,L,Lavender,Spring,3.0,No,Free Shipping,Cash,Monthly,No,No,20.520408163265305,Low Loyalty,"At Risk (Low Value, No Discounts)"
2821,26,Female,Vermont,89,5,Backpack,Accessories,L,Yellow,Summer,3.9,No,Free Shipping,Cash,Bi-Weekly,No,No,36.94897959183674,Medium Loyalty,Mixed Behavior
2822,35,Female,Georgia,72,37,Shoes,Footwear,L,Olive,Summer,4.5,No,Standard,Venmo,Monthly,No,No,54.04081632653062,High Loyalty,Genuinely Loyal (No Discounts Needed)
2823,61,Female,New Jersey,37,33,Skirt,Clothing,S,Brown,Fall,4.1,No,Standard,PayPal,Quarterly,No,No,28.091836734693874,Low Loyalty,"At Risk (Low Value, No Discounts)"
2824,26,Female,Utah,63,47,Dress,Clothing,M,Olive,Summer,4.5,No,Standard,Debit Card,Bi-Weekly,No,No,49.66326530612245,Medium Loyalty,Mixed Behavior
2825,39,Female,Utah,90,49,Hat,Accessories,M,Purple,Fall,4.0,No,Free Shipping,Debit Card,Quarterly,No,No,64.38775510204083,High Loyalty,Genuinely Loyal (No Discounts Needed)
2826,69,Female,North Carolina,62,28,Handbag,Accessories,M,Yellow,Winter,4.3,No,2-Day Shipping,Bank Transfer,Annually,No,No,40.53061224489796,Medium Loyalty,Mixed Behavior
2827,32,Female,Florida,43,23,Handbag,Accessories,L,Brown,Fall,3.6,No,Express,Venmo,Annually,No,No,27.969387755102037,Low Loyalty,"At Risk (Low Value, No Discounts)"
2828,20,Female,Wisconsin,96,11,Blouse,Clothing,M,Magenta,Fall,3.1,No,Next Day Air,Bank Transfer,Bi-Weekly,No,No,44.12244897959185,Medium Loyalty,Mixed Behavior
2829,25,Female,Tennessee,83,33,Scarf,Accessories,L,Lavender,Fall,2.6,No,Standard,PayPal,Quarterly,No,No,51.091836734693885,Medium Loyalty,Mixed Behavior
2830,56,Female,Arizona,67,47,Jewelry,Accessories,XL,Teal,Fall,3.4,No,Next Day Air,Cash,Weekly,No,No,61.66326530612245,High Loyalty,Genuinely Loyal (No Discounts Needed)
2831,63,Female,Oregon,90,13,Skirt,Clothing,L,Cyan,Spring,2.9,No,Store Pickup,Venmo,Every 3 Months,No,No,42.3469387755102,Medium Loyalty,Mixed Behavior
2832,34,Female,Virginia,53,4,Hoodie,Clothing,L,Pink,Winter,5.0,No,Express,Credit Card,Weekly,No,No,28.336734693877553,Low Loyalty,"At Risk (Low Value, No Discounts)"
2833,29,Female,Maryland,37,40,Scarf,Accessories,M,Magenta,Summer,4.6,No,Standard,PayPal,Quarterly,No,No,32.377551020408156,Low Loyalty,"At Risk (Low Value, No Discounts)"
2834,43,Female,Arkansas,56,19,Jeans,Clothing,M,Teal,Fall,3.3,No,Free Shipping,Cash,Monthly,No,No,35.02040816326531,Medium Loyalty,Mixed Behavior
2835,39,Female,Texas,43,17,Jacket,Outerwear,M,Indigo,Fall,2.9,No,2-Day Shipping,Credit Card,Weekly,No,No,31.295918367346943,Low Loyalty,"At Risk (Low Value, No Discounts)"
2836,33,Female,Vermont,84,7,T-shirt,Clothing,S,Pink,Winter,4.9,No,Free Shipping,Venmo,Annually,No,No,38.67346938775511,Medium Loyalty,Mixed Behavior
2837,51,Female,Wyoming,50,21,Pants,Clothing,M,Charcoal,Winter,5.0,No,2-Day Shipping,Cash,Bi-Weekly,No,No,27.24489795918367,Low Loyalty,"At Risk (Low Value, No Discounts)"
2838,65,Female,Alabama,88,44,Shoes,Footwear,M,Brown,Summer,4.5,No,Express,PayPal,Weekly,No,No,70.3265306122449,High Loyalty,Genuinely Loyal (No Discounts Needed)
2839,51,Female,Maine,50,2,Jacket,Outerwear,M,Blue,Fall,3.7,No,Free Shipping,Bank Transfer,Weekly,No,No,25.612244897959187,Low Loyalty,"At Risk (Low Value, No Discounts)"
2840,70,Female,South Dakota,80,30,Scarf,Accessories,L,Teal,Summer,2.8,No,Store Pickup,Bank Transfer,Monthly,No,No,53.755102040816325,High Loyalty,Genuinely Loyal (No Discounts Needed)
2841,40,Female,West Virginia,47,41,T-shirt,Clothing,L,Pink,Spring,3.5,No,Store Pickup,Cash,Annually,No,No,40.98979591836734,Medium Loyalty,Mixed Behavior
2842,19,Female,Ohio,33,31,Dress,Clothing,XL,Magenta,Winter,3.0,No,2-Day Shipping,Cash,Weekly,No,No,34.86734693877551,Medium Loyalty,Mixed Behavior
2843,28,Female,Arizona,100,48,Coat,Outerwear,L,Green,Fall,4.3,No,Standard,Debit Card,Quarterly,No,No,68.77551020408164,High Loyalty,Genuinely Loyal (No Discounts Needed)
2844,51,Female,Ohio,26,41,Sweater,Clothing,M,White,Summer,3.6,No,Store Pickup,Venmo,Weekly,No,No,37.48979591836734,Medium Loyalty,Mixed Behavior
2845,32,Female,New Mexico,79,42,Hat,Accessories,M,Indigo,Summer,4.4,No,Standard,Venmo,Annually,No,No,57.602040816326536,High Loyalty,Genuinely Loyal (No Discounts Needed)
2846,26,Female,South Dakota,77,39,Backpack,Accessories,L,Lavender,Summer,4.1,No,Express,Debit Card,Every 3 Months,No,No,51.76530612244898,Medium Loyalty,Mixed Behavior
2847,50,Female,Oklahoma,36,15,Socks,Clothing,XL,Black,Fall,2.8,No,Next Day Air,PayPal,Bi-Weekly,No,No,16.57142857142857,Low Loyalty,"At Risk (Low Value, No Discounts)"
2848,68,Female,Connecticut,21,3,Jewelry,Accessories,L,Charcoal,Winter,2.8,No,Free Shipping,PayPal,Every 3 Months,No,No,1.7244897959183678,Low Loyalty,"At Risk (Low Value, No Discounts)"
2849,33,Female,Wisconsin,72,28,Boots,Footwear,L,Gray,Fall,4.9,No,Store Pickup,Bank Transfer,Quarterly,No,No,42.53061224489796,Medium Loyalty,Mixed Behavior
2850,56,Female,New Hampshire,25,27,Coat,Outerwear,M,Gold,Spring,4.1,No,Express,PayPal,Bi-Weekly,No,No,18.418367346938773,Low Loyalty,"At Risk (Low Value, No Discounts)"
2851,57,Female,Nebraska,79,36,Sweater,Clothing,M,Silver,Spring,3.0,No,Store Pickup,Debit Card,Annually,No,No,53.92857142857144,High Loyalty,Genuinely Loyal (No Discounts Needed)
2852,58,Female,Nevada,73,42,Blouse,Clothing,L,Teal,Summer,3.0,No,Store Pickup,Debit Card,Monthly,No,No,57.602040816326536,High Loyalty,Genuinely Loyal (No Discounts Needed)
2853,40,Female,New York,71,30,Belt,Accessories,M,Magenta,Spring,3.0,No,Store Pickup,Venmo,Weekly,No,No,53.255102040816325,Medium Loyalty,Mixed Behavior
2854,37,Female,Pennsylvania,48,9,Hat,Accessories,M,Magenta,Winter,3.2,No,Next Day Air,PayPal,Weekly,No,No,28.89795918367347,Low Loyalty,"At Risk (Low Value, No Discounts)"
2855,36,Female,Delaware,28,25,Sandals,Footwear,M,Beige,Fall,2.7,No,Store Pickup,Venmo,Monthly,No,No,24.693877551020407,Low Loyalty,"At Risk (Low Value, No Discounts)"
2856,29,Female,Mississippi,95,33,Boots,Footwear,S,Maroon,Winter,3.8,No,2-Day Shipping,PayPal,Quarterly,No,No,57.09183673469388,High Loyalty,Genuinely Loyal (No Discounts Needed)
2857,65,Female,Iowa,48,31,Jacket,Outerwear,M,Indigo,Winter,3.5,No,2-Day Shipping,Credit Card,Monthly,No,No,38.36734693877551,Medium Loyalty,Mixed Behavior
2858,44,Female,Utah,93,35,Dress,Clothing,S,Maroon,Spring,3.8,No,Next Day Air,Debit Card,Monthly,No,No,63.31632653061226,High Loyalty,Genuinely Loyal (No Discounts Needed)
2859,34,Female,Maryland,87,46,Jeans,Clothing,L,Teal,Summer,3.8,No,2-Day Shipping,Bank Transfer,Monthly,No,No,67.05102040816327,High Loyalty,Genuinely Loyal (No Discounts Needed)
2860,31,Female,Utah,32,29,Shorts,Clothing,L,Yellow,Fall,3.4,No,Express,Bank Transfer,Annually,No,No,26.142857142857146,Low Loyalty,"At Risk (Low Value, No Discounts)"
2861,28,Female,Rhode Island,38,49,Shirt,Clothing,M,Gold,Spring,2.9,No,Next Day Air,Bank Transfer,Weekly,No,No,48.38775510204082,Medium Loyalty,Mixed Behavior
2862,66,Female,Maryland,54,27,Coat,Outerwear,M,Teal,Fall,3.4,No,Free Shipping,Credit Card,Monthly,No,No,38.91836734693877,Medium Loyalty,Mixed Behavior
2863,68,Female,Hawaii,75,5,Coat,Outerwear,S,Violet,Summer,4.7,No,Store Pickup,Bank Transfer,Every 3 Months,No,No,29.94897959183674,Low Loyalty,"At Risk (Low Value, No Discounts)"
2864,37,Female,Connecticut,56,18,T-shirt,Clothing,M,Yellow,Fall,3.9,No,2-Day Shipping,Venmo,Monthly,No,No,34.40816326530612,Medium Loyalty,Mixed Behavior
2865,58,Female,Illinois,43,31,Sweater,Clothing,S,Maroon,Fall,3.6,No,Store Pickup,Venmo,Weekly,No,No,39.867346938775505,Medium Loyalty,Mixed Behavior
2866,28,Female,California,97,27,Skirt,Clothing,M,Silver,Fall,3.7,No,Free Shipping,Cash,Fortnightly,No,No,62.41836734693877,High Loyalty,Genuinely Loyal (No Discounts Needed)
2867,54,Female,Connecticut,75,19,Blouse,Clothing,S,Violet,Summer,3.1,No,Free Shipping,Cash,Annually,No,No,41.52040816326531,Medium Loyalty,Mixed Behavior
2868,21,Female,Colorado,55,33,Sneakers,Footwear,L,White,Summer,4.9,No,Next Day Air,Cash,Fortnightly,No,No,45.09183673469388,Medium Loyalty,Mixed Behavior
2869,45,Female,Colorado,49,42,Backpack,Accessories,M,Black,Winter,2.6,No,Next Day Air,PayPal,Every 3 Months,No,No,39.60204081632653,Medium Loyalty,Mixed Behavior
2870,57,Female,Georgia,58,16,Socks,Clothing,M,White,Summer,4.2,No,Standard,Bank Transfer,Weekly,No,No,38.183673469387756,Medium Loyalty,Mixed Behavior
2871,47,Female,North Dakota,34,49,Jewelry,Accessories,M,Blue,Winter,4.8,No,Free Shipping,Debit Card,Every 3 Months,No,No,36.38775510204081,Medium Loyalty,Mixed Behavior
2872,46,Female,Idaho,43,40,Shorts,Clothing,S,Black,Summer,2.7,No,2-Day Shipping,Venmo,Bi-Weekly,No,No,35.37755102040816,Medium Loyalty,Mixed Behavior
2873,63,Female,Connecticut,48,5,Jewelry,Accessories,L,Olive,Fall,2.6,No,Next Day Air,Cash,Annually,No,No,19.44897959183674,Low Loyalty,"At Risk (Low Value, No Discounts)"
2874,44,Female,Montana,40,8,Sweater,Clothing,M,Teal,Spring,2.6,No,Free Shipping,Bank Transfer,Monthly,No,No,20.285714285714285,Low Loyalty,"At Risk (Low Value, No Discounts)"
2875,36,Female,Colorado,29,2,Shirt,Clothing,L,Silver,Summer,3.1,No,Standard,Debit Card,Annually,No,No,8.112244897959185,Low Loyalty,"At Risk (Low Value, No Discounts)"
2876,24,Female,Kentucky,81,14,Pants,Clothing,M,Pink,Fall,2.6,No,Free Shipping,Debit Card,Weekly,No,No,48.45918367346938,Medium Loyalty,Mixed Behavior
2877,65,Female,New Mexico,84,5,Hoodie,Clothing,M,Charcoal,Spring,3.4,No,2-Day Shipping,Bank Transfer,Fortnightly,No,No,42.448979591836746,Medium Loyalty,Mixed Behavior
2878,32,Female,New Jersey,46,34,Socks,Clothing,M,Silver,Summer,3.6,No,Standard,Venmo,Monthly,No,No,39.20408163265306,Medium Loyalty,Mixed Behavior
2879,63,Female,California,86,13,Dress,Clothing,L,Turquoise,Summer,4.3,No,Next Day Air,Bank Transfer,Annually,No,No,43.3469387755102,Medium Loyalty,Mixed Behavior
2880,62,Female,North Dakota,57,31,Blouse,Clothing,XL,Turquoise,Winter,4.9,No,Free Shipping,Venmo,Annually,No,No,39.867346938775505,Medium Loyalty,Mixed Behavior
2881,19,Female,Florida,61,43,Skirt,Clothing,L,Beige,Winter,4.8,No,Store Pickup,PayPal,Quarterly,No,No,46.21428571428572,Medium Loyalty,Mixed Behavior
2882,38,Female,Texas,90,6,Backpack,Accessories,M,Cyan,Winter,4.2,No,Free Shipping,Bank Transfer,Annually,No,No,41.06122448979592,Medium Loyalty,Mixed Behavior
2883,59,Female,Oklahoma,51,23,Blouse,Clothing,L,Gold,Winter,2.6,No,Store Pickup,Credit Card,Bi-Weekly,No,No,28.969387755102037,Low Loyalty,"At Risk (Low Value, No Discounts)"
2884,22,Female,Rhode Island,48,10,Socks,Clothing,XL,Silver,Spring,3.2,No,Standard,PayPal,Weekly,No,No,29.510204081632658,Low Loyalty,"At Risk (Low Value, No Discounts)"
2885,55,Female,Arkansas,50,47,Boots,Footwear,M,Purple,Summer,3.4,No,2-Day Shipping,Credit Card,Every 3 Months,No,No,43.16326530612245,Medium Loyalty,Mixed Behavior
2886,29,Female,Nevada,82,14,Backpack,Accessories,M,Yellow,Summer,3.5,No,Next Day Air,Credit Card,Bi-Weekly,No,No,38.95918367346939,Medium Loyalty,Mixed Behavior
2887,42,Female,Utah,33,29,Hat,Accessories,L,Blue,Spring,4.2,No,Free Shipping,PayPal,Weekly,No,No,33.64285714285714,Low Loyalty,"At Risk (Low Value, No Discounts)"
2888,23,Female,Kentucky,28,12,Sandals,Footwear,L,Blue,Winter,2.8,No,Express,Cash,Bi-Weekly,No,No,10.734693877551022,Low Loyalty,"At Risk (Low Value, No Discounts)"
2889,70,Female,Wisconsin,42,25,Hoodie,Clothing,L,Green,Spring,5.0,No,2-Day Shipping,Debit Card,Quarterly,No,No,25.693877551020407,Low Loyalty,"At Risk (Low Value, No Discounts)"
2890,64,Female,Minnesota,43,21,Sunglasses,Accessories,M,Charcoal,Fall,3.3,No,Store Pickup,Venmo,Annually,No,No,26.744897959183668,Low Loyalty,"At Risk (Low Value, No Discounts)"
2891,39,Female,North Dakota,55,23,Jeans,Clothing,M,Violet,Winter,3.7,No,Free Shipping,Credit Card,Monthly,No,No,36.96938775510204,Medium Loyalty,Mixed Behavior
2892,47,Female,Ohio,73,10,T-shirt,Clothing,XL,Black,Winter,2.5,No,Free Shipping,PayPal,Monthly,No,No,38.01020408163266,Medium Loyalty,Mixed Behavior
2893,22,Female,Nevada,39,47,Dress,Clothing,M,Teal,Spring,3.2,No,Standard,Credit Card,Monthly,No,No,43.66326530612245,Medium Loyalty,Mixed Behavior
2894,69,Female,Kentucky,20,44,Belt,Accessories,S,Orange,Spring,3.1,No,Free Shipping,Debit Card,Every 3 Months,No,No,26.32653061224489,Low Loyalty,"At Risk (Low Value, No Discounts)"
2895,35,Female,Kentucky,32,41,Jewelry,Accessories,S,Brown,Spring,3.5,No,Standard,Venmo,Annually,No,No,33.48979591836735,Low Loyalty,"At Risk (Low Value, No Discounts)"
2896,56,Female,Montana,86,29,Hoodie,Clothing,L,Green,Summer,4.6,No,Standard,Bank Transfer,Monthly,No,No,56.14285714285714,High Loyalty,Genuinely Loyal (No Discounts Needed)
2897,30,Female,Delaware,91,2,Blouse,Clothing,M,Silver,Summer,3.3,No,Free Shipping,Venmo,Every 3 Months,No,No,36.11224489795919,Medium Loyalty,Mixed Behavior
2898,43,Female,Montana,59,2,Jacket,Outerwear,L,Violet,Fall,2.5,No,Free Shipping,Cash,Fortnightly,No,No,28.112244897959187,Low Loyalty,"At Risk (Low Value, No Discounts)"
2899,23,Female,New Jersey,33,29,Sneakers,Footwear,XL,Peach,Summer,4.6,No,Express,Credit Card,Annually,No,No,26.642857142857146,Low Loyalty,"At Risk (Low Value, No Discounts)"
2900,50,Female,Nebraska,64,22,Boots,Footwear,M,Gold,Spring,4.2,No,2-Day Shipping,Bank Transfer,Fortnightly,No,No,42.857142857142854,Medium Loyalty,Mixed Behavior
2901,41,Female,Maryland,67,23,Blouse,Clothing,XL,Violet,Winter,4.0,No,Standard,Cash,Bi-Weekly,No,No,36.96938775510204,Medium Loyalty,Mixed Behavior
2902,41,Female,Alabama,43,46,Blouse,Clothing,L,Olive,Winter,2.6,No,Free Shipping,Credit Card,Quarterly,No,No,39.05102040816326,Medium Loyalty,Mixed Behavior
2903,27,Female,North Carolina,32,19,Boots,Footwear,S,Orange,Spring,4.6,No,Standard,PayPal,Bi-Weekly,No,No,17.020408163265305,Low Loyalty,"At Risk (Low Value, No Discounts)"
2904,38,Female,Delaware,39,24,Scarf,Accessories,S,Teal,Spring,3.5,No,2-Day Shipping,Credit Card,Every 3 Months,No,No,23.581632653061227,Low Loyalty,"At Risk (Low Value, No Discounts)"
2905,41,Female,Iowa,41,43,Sandals,Footwear,M,Gray,Spring,4.0,No,2-Day Shipping,Venmo,Monthly,No,No,42.214285714285715,Medium Loyalty,Mixed Behavior
2906,58,Female,New York,53,14,Sunglasses,Accessories,L,Black,Winter,4.8,No,Standard,Debit Card,Fortnightly,No,No,32.4591836734694,Low Loyalty,"At Risk (Low Value, No Discounts)"
2907,58,Female,Virginia,27,7,Coat,Outerwear,M,Indigo,Spring,3.9,No,Standard,Venmo,Annually,No,No,10.173469387755102,Low Loyalty,"At Risk (Low Value, No Discounts)"
2908,19,Female,Maryland,82,50,Sunglasses,Accessories,XL,Lavender,Summer,3.7,No,Next Day Air,PayPal,Bi-Weekly,No,No,61.00000000000001,High Loyalty,Genuinely Loyal (No Discounts Needed)
2909,43,Female,Texas,87,15,Blouse,Clothing,M,Beige,Winter,3.1,No,Store Pickup,Debit Card,Every 3 Months,No,No,42.07142857142858,Medium Loyalty,Mixed Behavior
2910,27,Female,Louisiana,78,40,Backpack,Accessories,M,Indigo,Winter,3.0,No,Next Day Air,Credit Card,Every 3 Months,No,No,52.87755102040816,Medium Loyalty,Mixed Behavior
2911,32,Female,Mississippi,32,41,Belt,Accessories,M,Blue,Summer,2.9,No,Store Pickup,Credit Card,Monthly,No,No,36.48979591836735,Medium Loyalty,Mixed Behavior
2912,28,Female,Ohio,38,34,Socks,Clothing,XL,Orange,Fall,2.9,No,Next Day Air,Venmo,Quarterly,No,No,29.20408163265306,Low Loyalty,"At Risk (Low Value, No Discounts)"
2913,48,Female,Oregon,37,27,Shoes,Footwear,M,Yellow,Winter,4.0,No,Standard,Cash,Bi-Weekly,No,No,24.418367346938773,Low Loyalty,"At Risk (Low Value, No Discounts)"
2914,43,Female,Wyoming,83,12,Coat,Outerwear,L,Cyan,Winter,3.5,No,Express,Cash,Every 3 Months,No,No,38.23469387755103,Medium Loyalty,Mixed Behavior
2915,45,Female,Pennsylvania,72,1,Sweater,Clothing,M,Yellow,Fall,3.8,No,Express,Debit Card,Bi-Weekly,No,No,26.0,Low Loyalty,"At Risk (Low Value, No Discounts)"
2916,26,Female,Oregon,30,39,Shirt,Clothing,M,Cyan,Fall,4.5,No,Express,Debit Card,Bi-Weekly,No,No,28.265306122448976,Low Loyalty,"At Risk (Low Value, No Discounts)"
2917,62,Female,Oklahoma,66,13,Shorts,Clothing,M,Green,Winter,2.7,No,Express,Credit Card,Bi-Weekly,No,No,30.346938775510207,Low Loyalty,"At Risk (Low Value, No Discounts)"
2918,58,Female,Colorado,45,50,Shirt,Clothing,XL,White,Winter,2.9,No,Store Pickup,Venmo,Annually,No,No,45.49999999999999,Medium Loyalty,Mixed Behavior
2919,19,Female,New York,73,36,Sunglasses,Accessories,S,Black,Fall,4.9,No,Free Shipping,Cash,Weekly,No,No,57.92857142857143,High Loyalty,Genuinely Loyal (No Discounts Needed)
2920,64,Female,Minnesota,67,31,Shoes,Footwear,L,Charcoal,Winter,3.8,No,Standard,Debit Card,Monthly,No,No,47.867346938775505,Medium Loyalty,Mixed Behavior
2921,33,Female,Texas,72,3,Sunglasses,Accessories,XL,Brown,Spring,4.9,No,Free Shipping,Debit Card,Bi-Weekly,No,No,27.224489795918366,Low Loyalty,"At Risk (Low Value, No Discounts)"
2922,20,Female,Wisconsin,24,11,Handbag,Accessories,M,Cyan,Fall,4.6,No,Standard,Cash,Fortnightly,No,No,16.122448979591837,Low Loyalty,"At Risk (Low Value, No Discounts)"
2923,45,Female,Kentucky,68,16,Sunglasses,Accessories,L,Beige,Winter,3.5,No,Express,PayPal,Quarterly,No,No,33.183673469387756,Low Loyalty,"At Risk (Low Value, No Discounts)"
2924,28,Female,Pennsylvania,70,12,Shirt,Clothing,M,Magenta,Spring,4.2,No,2-Day Shipping,Cash,Quarterly,No,No,31.734693877551024,Low Loyalty,"At Risk (Low Value, No Discounts)"
2925,47,Female,Rhode Island,64,37,Shirt,Clothing,L,Indigo,Winter,3.7,No,Free Shipping,Debit Card,Every 3 Months,No,No,44.04081632653061,Medium Loyalty,Mixed Behavior
2926,54,Female,Illinois,91,43,Sweater,Clothing,M,Maroon,Spring,2.8,No,Store Pickup,Credit Card,Every 3 Months,No,No,61.21428571428571,High Loyalty,Genuinely Loyal (No Discounts Needed)
2927,64,Female,Maryland,82,9,Handbag,Accessories,M,Gray,Winter,4.8,No,2-Day Shipping,Cash,Weekly,No,No,45.89795918367348,Medium Loyalty,Mixed Behavior
2928,45,Female,Missouri,24,15,Shirt,Clothing,M,Black,Summer,2.7,No,Express,Venmo,Bi-Weekly,No,No,10.571428571428571,Low Loyalty,"At Risk (Low Value, No Discounts)"
2929,40,Female,Alabama,80,17,Jewelry,Accessories,L,Yellow,Spring,3.6,No,Store Pickup,Credit Card,Weekly,No,No,49.79591836734695,Medium Loyalty,Mixed Behavior
2930,31,Female,Maine,53,42,Socks,Clothing,XL,White,Winter,4.5,No,Next Day Air,Venmo,Fortnightly,No,No,49.60204081632653,Medium Loyalty,Mixed Behavior
2931,38,Female,Mississippi,50,14,T-shirt,Clothing,M,Orange,Spring,4.0,No,Free Shipping,Venmo,Monthly,No,No,28.95918367346939,Low Loyalty,"At Risk (Low Value, No Discounts)"
2932,36,Female,Alabama,31,49,Jewelry,Accessories,M,Magenta,Fall,4.5,No,2-Day Shipping,Credit Card,Bi-Weekly,No,No,34.88775510204081,Medium Loyalty,Mixed Behavior
2933,65,Female,Alaska,88,3,Backpack,Accessories,L,Black,Spring,3.9,No,Express,PayPal,Quarterly,No,No,35.22448979591837,Medium Loyalty,Mixed Behavior
2934,27,Female,Illinois,52,28,Hat,Accessories,M,Brown,Summer,3.8,No,Standard,Venmo,Monthly,No,No,38.53061224489796,Medium Loyalty,Mixed Behavior
2935,38,Female,Idaho,22,41,Gloves,Accessories,M,Orange,Fall,4.7,No,Next Day Air,Bank Transfer,Quarterly,No,No,25.489795918367342,Low Loyalty,"At Risk (Low Value, No Discounts)"
2936,58,Female,North Carolina,27,11,Sneakers,Footwear,XL,Gray,Spring,4.6,No,Standard,Venmo,Weekly,No,No,19.622448979591837,Low Loyalty,"At Risk (Low Value, No Discounts)"
2937,31,Female,Washington,34,46,Skirt,Clothing,M,White,Spring,3.6,No,Express,PayPal,Weekly,No,No,44.55102040816327,Medium Loyalty,Mixed Behavior
2938,28,Female,West Virginia,39,15,Handbag,Accessories,M,White,Spring,4.3,No,2-Day Shipping,Credit Card,Weekly,No,No,28.07142857142857,Low Loyalty,"At Risk (Low Value, No Discounts)"
2939,28,Female,Maine,53,15,Sunglasses,Accessories,M,Violet,Fall,3.0,No,Standard,Cash,Monthly,No,No,31.071428571428573,Low Loyalty,"At Risk (Low Value, No Discounts)"
2940,32,Female,Kentucky,46,34,Sweater,Clothing,M,Beige,Winter,4.3,No,Express,Venmo,Weekly,No,No,43.20408163265306,Medium Loyalty,Mixed Behavior
2941,61,Female,Massachusetts,85,13,Handbag,Accessories,L,Beige,Summer,4.8,No,Next Day Air,Cash,Monthly,No,No,45.8469387755102,Medium Loyalty,Mixed Behavior
2942,38,Female,Pennsylvania,86,27,Skirt,Clothing,L,Purple,Spring,3.7,No,Free Shipping,PayPal,Monthly,No,No,54.91836734693878,High Loyalty,Genuinely Loyal (No Discounts Needed)
2943,54,Female,Hawaii,63,37,Socks,Clothing,M,Brown,Summer,2.6,No,Free Shipping,Bank Transfer,Weekly,No,No,53.54081632653062,High Loyalty,Genuinely Loyal (No Discounts Needed)
2944,29,Female,Virginia,44,37,Shirt,Clothing,M,Orange,Spring,3.4,No,Standard,Credit Card,Monthly,No,No,40.04081632653061,Medium Loyalty,Mixed Behavior
2945,50,Female,New York,95,4,Sneakers,Footwear,XL,Cyan,Summer,3.9,No,Free Shipping,Venmo,Every 3 Months,No,No,39.33673469387755,Medium Loyalty,Mixed Behavior
2946,32,Female,Delaware,49,1,Belt,Accessories,M,Charcoal,Summer,4.8,No,Free Shipping,Credit Card,Every 3 Months,No,No,14.500000000000002,Low Loyalty,"At Risk (Low Value, No Discounts)"
2947,38,Female,Hawaii,77,29,Pants,Clothing,L,Purple,Spring,2.8,No,Free Shipping,Bank Transfer,Quarterly,No,No,45.64285714285714,Medium Loyalty,Mixed Behavior
2948,52,Female,Nebraska,63,50,Jewelry,Accessories,L,Peach,Spring,4.4,No,Standard,Venmo,Annually,No,No,54.50000000000001,High Loyalty,Genuinely Loyal (No Discounts Needed)
2949,61,Female,Vermont,83,38,Pants,Clothing,M,Violet,Winter,3.1,No,Standard,Debit Card,Bi-Weekly,No,No,54.1530612244898,High Loyalty,Genuinely Loyal (No Discounts Needed)
2950,25,Female,Iowa,93,15,Jewelry,Accessories,M,Peach,Spring,3.8,No,Store Pickup,PayPal,Annually,No,No,48.07142857142858,Medium Loyalty,Mixed Behavior
2951,22,Female,Iowa,91,44,Jeans,Clothing,S,Maroon,Winter,4.1,No,2-Day Shipping,Debit Card,Every 3 Months,No,No,61.82653061224489,High Loyalty,Genuinely Loyal (No Discounts Needed)
2952,47,Female,Arkansas,99,14,Scarf,Accessories,L,Maroon,Fall,4.6,No,Free Shipping,Cash,Weekly,No,No,57.45918367346938,High Loyalty,Genuinely Loyal (No Discounts Needed)
2953,50,Female,Alabama,24,5,Belt,Accessories,M,Peach,Spring,4.9,No,Next Day Air,Debit Card,Monthly,No,No,10.448979591836736,Low Loyalty,"At Risk (Low Value, No Discounts)"
2954,45,Female,Maryland,82,11,Dress,Clothing,M,Silver,Summer,4.8,No,Next Day Air,Credit Card,Annually,No,No,40.12244897959184,Medium Loyalty,Mixed Behavior
2955,33,Female,South Dakota,28,15,T-shirt,Clothing,M,Indigo,Winter,3.9,No,Express,Credit Card,Annually,No,No,15.57142857142857,Low Loyalty,"At Risk (Low Value, No Discounts)"
2956,42,Female,Vermont,67,46,Boots,Footwear,M,Silver,Winter,2.6,No,Free Shipping,Credit Card,Annually,No,No,54.05102040816326,High Loyalty,Genuinely Loyal (No Discounts Needed)
2957,52,Female,Montana,88,30,Dress,Clothing,M,Olive,Fall,3.7,No,Standard,Venmo,Monthly,No,No,57.75510204081633,High Loyalty,Genuinely Loyal (No Discounts Needed)
2958,69,Female,South Dakota,70,2,Jewelry,Accessories,S,Gray,Fall,4.7,No,Standard,Cash,Annually,No,No,28.612244897959183,Low Loyalty,"At Risk (Low Value, No Discounts)"
2959,55,Female,Ohio,100,28,Skirt,Clothing,M,Black,Summer,4.5,No,Standard,PayPal,Monthly,No,No,62.53061224489795,High Loyalty,Genuinely Loyal (No Discounts Needed)
2960,38,Female,Texas,28,9,Handbag,Accessories,L,Maroon,Summer,4.7,No,Free Shipping,PayPal,Quarterly,No,No,8.897959183673471,Low Loyalty,"At Risk (Low Value, No Discounts)"
2961,57,Female,Indiana,48,47,Coat,Outerwear,S,Olive,Spring,3.6,No,Standard,Credit Card,Weekly,No,No,52.163265306122454,Medium Loyalty,Mixed Behavior
2962,33,Female,New Hampshire,43,21,Hoodie,Clothing,S,Gold,Fall,2.8,No,Free Shipping,Debit Card,Bi-Weekly,No,No,23.74489795918367,Low Loyalty,"At Risk (Low Value, No Discounts)"
2963,57,Female,California,40,42,Pants,Clothing,L,Pink,Fall,4.0,No,Express,Credit Card,Every 3 Months,No,No,35.10204081632653,Medium Loyalty,Mixed Behavior
2964,52,Female,Maine,97,28,Boots,Footwear,M,Brown,Spring,3.6,No,Free Shipping,Credit Card,Weekly,No,No,65.03061224489795,High Loyalty,Genuinely Loyal (No Discounts Needed)
2965,44,Female,Ohio,25,13,Coat,Outerwear,S,White,Fall,3.8,No,2-Day Shipping,Venmo,Fortnightly,No,No,17.846938775510203,Low Loyalty,"At Risk (Low Value, No Discounts)"
2966,48,Female,Delaware,45,25,Scarf,Accessories,M,Blue,Summer,4.4,No,Standard,PayPal,Fortnightly,No,No,35.19387755102041,Medium Loyalty,Mixed Behavior
2967,52,Female,Oklahoma,49,38,Boots,Footwear,L,Orange,Fall,2.8,No,Store Pickup,Debit Card,Every 3 Months,No,No,37.15306122448979,Medium Loyalty,Mixed Behavior
2968,34,Female,Indiana,36,40,Sneakers,Footwear,L,Silver,Summer,3.4,No,Free Shipping,Venmo,Annually,No,No,34.87755102040816,Medium Loyalty,Mixed Behavior
2969,26,Female,South Carolina,48,25,Sweater,Clothing,S,Gray,Fall,4.9,No,Express,Cash,Every 3 Months,No,No,28.693877551020407,Low Loyalty,"At Risk (Low Value, No Discounts)"
2970,36,Female,Vermont,62,20,Belt,Accessories,S,Blue,Fall,4.3,No,Next Day Air,Cash,Every 3 Months,No,No,32.632653061224495,Low Loyalty,"At Risk (Low Value, No Discounts)"
2971,24,Female,Kansas,74,44,Jewelry,Accessories,M,White,Winter,3.4,No,Free Shipping,Credit Card,Bi-Weekly,No,No,53.326530612244895,Medium Loyalty,Mixed Behavior
2972,30,Female,Utah,100,9,Handbag,Accessories,L,Yellow,Fall,3.9,No,Next Day Air,PayPal,Every 3 Months,No,No,44.89795918367347,Medium Loyalty,Mixed Behavior
2973,31,Female,New York,39,11,Jacket,Outerwear,S,Indigo,Fall,4.2,No,Free Shipping,Venmo,Every 3 Months,No,No,15.622448979591837,Low Loyalty,"At Risk (Low Value, No Discounts)"
2974,25,Female,Indiana,65,3,Boots,Footwear,M,Blue,Summer,2.7,No,Store Pickup,Bank Transfer,Fortnightly,No,No,31.72448979591837,Low Loyalty,"At Risk (Low Value, No Discounts)"
2975,57,Female,Tennessee,99,34,Sneakers,Footwear,XL,Peach,Summer,4.1,No,Store Pickup,Credit Card,Weekly,No,No,69.70408163265306,High Loyalty,Genuinely Loyal (No Discounts Needed)
2976,61,Female,Georgia,68,48,Scarf,Accessories,XL,Lavender,Winter,4.5,No,2-Day Shipping,Cash,Every 3 Months,No,No,52.775510204081634,Medium Loyalty,Mixed Behavior
2977,30,Female,Nebraska,97,28,Coat,Outerwear,M,Silver,Summer,2.8,No,Express,Cash,Fortnightly,No,No,63.030612244897966,High Loyalty,Genuinely Loyal (No Discounts Needed)
2978,38,Female,Washington,47,20,Shorts,Clothing,L,Gold,Winter,3.4,No,Standard,Venmo,Annually,No,No,28.132653061224488,Low Loyalty,"At Risk (Low Value, No Discounts)"
2979,53,Female,Idaho,56,49,Shorts,Clothing,S,Cyan,Spring,3.9,No,Free Shipping,Bank Transfer,Fortnightly,No,No,55.38775510204081,High Loyalty,Genuinely Loyal (No Discounts Needed)
2980,31,Female,Louisiana,91,14,Jeans,Clothing,L,Olive,Fall,2.6,No,Next Day Air,PayPal,Weekly,No,No,53.45918367346938,Medium Loyalty,Mixed Behavior
2981,70,Female,New Jersey,93,9,Gloves,Accessories,L,Teal,Fall,4.4,No,2-Day Shipping,Bank Transfer,Monthly,No,No,47.39795918367347,Medium Loyalty,Mixed Behavior
2982,21,Female,Delaware,36,37,Pants,Clothing,L,Pink,Winter,4.9,No,Standard,Venmo,Annually,No,No,33.04081632653061,Low Loyalty,"At Risk (Low Value, No Discounts)"
2983,33,Female,Wisconsin,45,4,Dress,Clothing,M,Orange,Summer,3.6,No,Store Pickup,Credit Card,Weekly,No,No,24.336734693877553,Low Loyalty,"At Risk (Low Value, No Discounts)"
2984,60,Female,West Virginia,44,1,Pants,Clothing,M,Charcoal,Winter,2.8,No,2-Day Shipping,Credit Card,Quarterly,No,No,12.000000000000002,Low Loyalty,"At Risk (Low Value, No Discounts)"
2985,45,Female,Texas,32,36,Gloves,Accessories,L,Red,Spring,4.3,No,2-Day Shipping,Debit Card,Bi-Weekly,No,No,27.428571428571423,Low Loyalty,"At Risk (Low Value, No Discounts)"
2986,46,Female,Hawaii,36,21,Belt,Accessories,S,Teal,Summer,3.0,No,Express,Cash,Bi-Weekly,No,No,20.24489795918367,Low Loyalty,"At Risk (Low Value, No Discounts)"
2987,62,Female,Arizona,85,16,Belt,Accessories,S,Silver,Summer,3.3,No,2-Day Shipping,Credit Card,Monthly,No,No,47.683673469387756,Medium Loyalty,Mixed Behavior
2988,63,Female,Louisiana,36,42,Skirt,Clothing,L,Black,Winter,2.5,No,Store Pickup,Cash,Monthly,No,No,39.10204081632653,Medium Loyalty,Mixed Behavior
2989,69,Female,Nevada,55,31,Socks,Clothing,S,Pink,Spring,5.0,No,2-Day Shipping,Debit Card,Monthly,No,No,41.867346938775505,Medium Loyalty,Mixed Behavior
2990,46,Female,Rhode Island,20,6,Belt,Accessories,XL,Teal,Summer,4.3,No,2-Day Shipping,Credit Card,Weekly,No,No,13.061224489795919,Low Loyalty,"At Risk (Low Value, No Discounts)"
2991,69,Female,Illinois,91,24,Shirt,Clothing,M,Teal,Fall,4.2,No,Free Shipping,Venmo,Monthly,No,No,55.58163265306122,High Loyalty,Genuinely Loyal (No Discounts Needed)
2992,66,Female,Utah,71,7,Dress,Clothing,L,Green,Summer,3.9,No,Standard,PayPal,Bi-Weekly,No,No,29.17346938775511,Low Loyalty,"At Risk (Low Value, No Discounts)"
2993,41,Female,North Dakota,64,25,Socks,Clothing,M,Charcoal,Spring,3.9,No,Store Pickup,Venmo,Weekly,No,No,46.693877551020414,Medium Loyalty,Mixed Behavior
2994,32,Female,Kansas,21,18,Jacket,Outerwear,L,Indigo,Spring,4.2,No,Free Shipping,Cash,Bi-Weekly,No,No,10.908163265306122,Low Loyalty,"At Risk (Low Value, No Discounts)"
2995,69,Female,Nevada,100,14,Sweater,Clothing,S,White,Winter,3.5,No,Store Pickup,Bank Transfer,Quarterly,No,No,47.95918367346938,Medium Loyalty,Mixed Behavior
2996,29,Female,Virginia,96,42,Jeans,Clothing,M,Orange,Summer,2.5,No,Standard,Debit Card,Bi-Weekly,No,No,63.102040816326536,High Loyalty,Genuinely Loyal (No Discounts Needed)
2997,70,Female,Utah,91,6,Jewelry,Accessories,M,White,Spring,2.9,No,Express,Venmo,Every 3 Months,No,No,38.56122448979591,Medium Loyalty,Mixed Behavior
2998,41,Female,Idaho,40,14,Sweater,Clothing,S,Yellow,Spring,2.7,No,Next Day Air,Venmo,Every 3 Months,No,No,17.959183673469386,Low Loyalty,"At Risk (Low Value, No Discounts)"
2999,31,Female,Alaska,53,30,Hoodie,Clothing,M,Red,Summer,4.7,No,Express,Debit Card,Quarterly,No,No,34.255102040816325,Medium Loyalty,Mixed Behavior
3000,31,Female,New Hampshire,48,10,Sunglasses,Accessories,S,Charcoal,Winter,3.8,No,Standard,Cash,Monthly,No,No,25.510204081632658,Low Loyalty,"At Risk (Low Value, No Discounts)"
3001,57,Female,Ohio,70,7,Sandals,Footwear,M,Lavender,Winter,3.7,No,Express,PayPal,Weekly,No,No,38.6734693877551,Medium Loyalty,Mixed Behavior
3002,29,Female,Montana,29,28,Coat,Outerwear,L,Charcoal,Summer,4.7,No,Express,Credit Card,Quarterly,No,No,21.03061224489796,Low Loyalty,"At Risk (Low Value, No Discounts)"
3003,70,Female,Louisiana,29,19,Belt,Accessories,M,Maroon,Fall,3.6,No,Next Day Air,Bank Transfer,Quarterly,No,No,15.520408163265307,Low Loyalty,"At Risk (Low Value, No Discounts)"
3004,51,Female,Oregon,53,13,Blouse,Clothing,M,Brown,Fall,2.8,No,Express,Credit Card,Every 3 Months,No,No,23.846938775510207,Low Loyalty,"At Risk (Low Value, No Discounts)"
3005,45,Female,Arizona,79,23,Skirt,Clothing,M,Lavender,Winter,3.7,No,Store Pickup,Venmo,Fortnightly,No,No,50.96938775510205,Medium Loyalty,Mixed Behavior
3006,18,Female,Alaska,65,5,Shorts,Clothing,XL,Brown,Spring,3.5,No,Express,Venmo,Weekly,No,No,34.94897959183674,Medium Loyalty,Mixed Behavior
3007,37,Female,Utah,99,17,Dress,Clothing,M,Olive,Summer,3.7,No,Store Pickup,Venmo,Bi-Weekly,No,No,49.29591836734694,Medium Loyalty,Mixed Behavior
3008,23,Female,New York,60,31,Sunglasses,Accessories,L,Lavender,Winter,3.0,No,Next Day Air,Venmo,Weekly,No,No,48.367346938775505,Medium Loyalty,Mixed Behavior
3009,39,Female,New Mexico,86,19,Shoes,Footwear,M,Gold,Winter,4.9,No,Free Shipping,PayPal,Weekly,No,No,54.02040816326531,High Loyalty,Genuinely Loyal (No Discounts Needed)
3010,62,Female,Louisiana,73,8,Belt,Accessories,M,Silver,Winter,4.6,No,Free Shipping,Venmo,Fortnightly,No,No,38.7857142857143,Medium Loyalty,Mixed Behavior
3011,70,Female,Ohio,45,15,Belt,Accessories,M,Violet,Winter,3.3,No,Free Shipping,Credit Card,Annually,No,No,24.07142857142857,Low Loyalty,"At Risk (Low Value, No Discounts)"
3012,20,Female,Nevada,70,18,Belt,Accessories,S,Brown,Summer,3.0,No,Next Day Air,Credit Card,Every 3 Months,No,No,35.40816326530612,Medium Loyalty,Mixed Behavior
3013,42,Female,Idaho,65,16,Belt,Accessories,M,Teal,Fall,3.5,No,Standard,PayPal,Annually,No,No,34.683673469387756,Medium Loyalty,Mixed Behavior
3014,41,Female,Arizona,55,13,Skirt,Clothing,L,Peach,Summer,4.2,No,Store Pickup,Cash,Monthly,No,No,30.846938775510203,Low Loyalty,"At Risk (Low Value, No Discounts)"
3015,24,Female,Utah,65,38,T-shirt,Clothing,M,Maroon,Spring,4.5,No,Express,PayPal,Every 3 Months,No,No,45.1530612244898,Medium Loyalty,Mixed Behavior
3016,37,Female,Wyoming,21,27,Scarf,Accessories,XL,Lavender,Spring,2.8,No,Express,Bank Transfer,Bi-Weekly,No,No,16.418367346938773,Low Loyalty,"At Risk (Low Value, No Discounts)"
3017,30,Female,Indiana,26,31,Blouse,Clothing,L,Lavender,Summer,4.9,No,Store Pickup,Bank Transfer,Quarterly,No,No,21.367346938775505,Low Loyalty,"At Risk (Low Value, No Discounts)"
3018,58,Female,Wisconsin,71,24,Sunglasses,Accessories,S,Purple,Summer,3.3,No,Next Day Air,Cash,Bi-Weekly,No,No,39.58163265306123,Medium Loyalty,Mixed Behavior
3019,43,Female,Texas,41,21,Boots,Footwear,M,Green,Summer,3.0,No,Free Shipping,Debit Card,Bi-Weekly,No,No,22.744897959183675,Low Loyalty,"At Risk (Low Value, No Discounts)"
3020,19,Female,Utah,44,15,Jacket,Outerwear,M,Yellow,Winter,3.9,No,2-Day Shipping,PayPal,Annually,No,No,23.57142857142857,Low Loyalty,"At Risk (Low Value, No Discounts)"
3021,23,Female,Arkansas,81,48,Jeans,Clothing,S,Charcoal,Fall,2.8,No,Store Pickup,Venmo,Every 3 Months,No,No,59.27551020408163,High Loyalty,Genuinely Loyal (No Discounts Needed)
3022,65,Female,Pennsylvania,77,47,Sunglasses,Accessories,S,Blue,Summer,4.5,No,2-Day Shipping,Cash,Quarterly,No,No,56.66326530612245,High Loyalty,Genuinely Loyal (No Discounts Needed)
3023,58,Female,Georgia,26,23,Sandals,Footwear,M,Lavender,Fall,4.0,No,Free Shipping,PayPal,Weekly,No,No,26.469387755102037,Low Loyalty,"At Risk (Low Value, No Discounts)"
3024,50,Female,Indiana,31,4,Backpack,Accessories,M,Brown,Summer,2.9,No,Express,PayPal,Quarterly,No,No,7.336734693877552,Low Loyalty,"At Risk (Low Value, No Discounts)"
3025,67,Female,Idaho,82,47,Blouse,Clothing,S,White,Spring,4.0,No,Free Shipping,Credit Card,Every 3 Months,No,No,59.16326530612246,High Loyalty,Genuinely Loyal (No Discounts Needed)
3026,40,Female,Montana,60,7,Shoes,Footwear,XL,Green,Summer,3.4,No,Store Pickup,PayPal,Monthly,No,No,29.6734693877551,Low Loyalty,"At Risk (Low Value, No Discounts)"
3027,55,Female,Tennessee,70,6,Shirt,Clothing,L,Magenta,Fall,2.5,No,Free Shipping,Credit Card,Annually,No,No,31.06122448979591,Low Loyalty,"At Risk (Low Value, No Discounts)"
3028,52,Female,West Virginia,26,47,Hoodie,Clothing,XL,Peach,Winter,2.8,No,2-Day Shipping,Credit Card,Quarterly,No,No,31.16326530612245,Low Loyalty,"At Risk (Low Value, No Discounts)"
3029,62,Female,California,100,7,Dress,Clothing,L,Charcoal,Summer,3.0,No,Free Shipping,PayPal,Every 3 Months,No,No,43.673469387755105,Medium Loyalty,Mixed Behavior
3030,64,Female,Georgia,82,1,Dress,Clothing,M,Gold,Summer,3.1,No,Free Shipping,Debit Card,Quarterly,No,No,31.000000000000007,Low Loyalty,"At Risk (Low Value, No Discounts)"
3031,43,Female,Maryland,24,23,Sneakers,Footwear,XL,Purple,Spring,2.6,No,2-Day Shipping,Credit Card,Weekly,No,No,25.46938775510204,Low Loyalty,"At Risk (Low Value, No Discounts)"
3032,61,Female,Idaho,74,30,Blouse,Clothing,L,Teal,Summer,4.9,No,2-Day Shipping,Credit Card,Monthly,No,No,50.755102040816325,Medium Loyalty,Mixed Behavior
3033,26,Female,California,58,24,Backpack,Accessories,XL,Green,Summer,3.5,No,Next Day Air,Credit Card,Quarterly,No,No,33.081632653061234,Low Loyalty,"At Risk (Low Value, No Discounts)"
3034,22,Female,Alabama,56,9,Sweater,Clothing,L,Orange,Spring,2.6,No,Store Pickup,PayPal,Weekly,No,No,32.89795918367348,Low Loyalty,"At Risk (Low Value, No Discounts)"
3035,51,Female,Utah,37,25,Boots,Footwear,L,Peach,Spring,3.5,No,2-Day Shipping,Credit Card,Quarterly,No,No,23.19387755102041,Low Loyalty,"At Risk (Low Value, No Discounts)"
3036,69,Female,Kentucky,64,18,Handbag,Accessories,M,Gold,Spring,4.5,No,Free Shipping,Cash,Bi-Weekly,No,No,32.40816326530612,Low Loyalty,"At Risk (Low Value, No Discounts)"
3037,50,Female,Vermont,58,7,Hoodie,Clothing,S,Violet,Spring,4.3,No,Next Day Air,Venmo,Fortnightly,No,No,30.67346938775511,Low Loyalty,"At Risk (Low Value, No Discounts)"
3038,51,Female,Iowa,44,2,Belt,Accessories,L,Charcoal,Summer,4.8,No,Next Day Air,Cash,Annually,No,No,15.612244897959185,Low Loyalty,"At Risk (Low Value, No Discounts)"
3039,56,Female,Georgia,39,36,Jewelry,Accessories,M,Brown,Summer,4.2,No,Free Shipping,Debit Card,Annually,No,No,33.92857142857143,Medium Loyalty,Mixed Behavior
3040,59,Female,Alabama,48,31,Blouse,Clothing,L,Blue,Spring,3.2,No,Next Day Air,PayPal,Bi-Weekly,No,No,32.36734693877551,Low Loyalty,"At Risk (Low Value, No Discounts)"
3041,18,Female,Nebraska,32,10,Handbag,Accessories,M,Gold,Fall,4.1,No,Express,Cash,Fortnightly,No,No,19.510204081632654,Low Loyalty,"At Risk (Low Value, No Discounts)"
3042,48,Female,Rhode Island,79,27,Handbag,Accessories,M,Orange,Winter,4.0,No,Express,PayPal,Monthly,No,No,51.41836734693877,Medium Loyalty,Mixed Behavior
3043,53,Female,South Dakota,27,14,Coat,Outerwear,L,Turquoise,Winter,2.9,No,Next Day Air,PayPal,Every 3 Months,No,No,11.459183673469386,Low Loyalty,"At Risk (Low Value, No Discounts)"
3044,45,Female,Illinois,98,17,Belt,Accessories,S,Peach,Fall,2.6,No,Store Pickup,Credit Card,Monthly,No,No,54.79591836734694,High Loyalty,Genuinely Loyal (No Discounts Needed)
3045,21,Female,North Carolina,67,10,Boots,Footwear,M,Magenta,Winter,2.7,No,Free Shipping,Bank Transfer,Quarterly,No,No,29.01020408163265,Low Loyalty,"At Risk (Low Value, No Discounts)"
3046,42,Female,Florida,37,4,Socks,Clothing,L,Black,Winter,4.6,No,2-Day Shipping,PayPal,Bi-Weekly,No,No,10.336734693877553,Low Loyalty,"At Risk (Low Value, No Discounts)"
3047,60,Female,Pennsylvania,49,25,Shoes,Footwear,M,White,Spring,3.2,No,Store Pickup,Cash,Every 3 Months,No,No,29.193877551020407,Low Loyalty,"At Risk (Low Value, No Discounts)"
3048,21,Female,Vermont,74,3,Sneakers,Footwear,M,Violet,Fall,4.1,No,2-Day Shipping,PayPal,Bi-Weekly,No,No,28.224489795918366,Low Loyalty,"At Risk (Low Value, No Discounts)"
3049,69,Female,Colorado,93,47,Jewelry,Accessories,M,Olive,Summer,3.9,No,Standard,Venmo,Fortnightly,No,No,72.66326530612245,High Loyalty,Genuinely Loyal (No Discounts Needed)
3050,40,Female,Utah,60,41,Handbag,Accessories,L,Red,Summer,3.0,No,Next Day Air,Bank Transfer,Bi-Weekly,No,No,44.48979591836735,Medium Loyalty,Mixed Behavior
3051,31,Female,Kentucky,76,28,Coat,Outerwear,S,Green,Spring,3.6,No,Standard,Venmo,Every 3 Months,No,No,44.53061224489796,Medium Loyalty,Mixed Behavior
3052,44,Female,Wyoming,64,49,Sunglasses,Accessories,L,Gold,Summer,4.6,No,Express,Debit Card,Every 3 Months,No,No,51.38775510204081,Medium Loyalty,Mixed Behavior
3053,48,Female,Maine,38,7,Shoes,Footwear,XL,Olive,Spring,4.5,No,Store Pickup,Bank Transfer,Fortnightly,No,No,20.673469387755105,Low Loyalty,"At Risk (Low Value, No Discounts)"
3054,32,Female,Maine,91,22,Shoes,Footwear,L,Brown,Winter,3.2,No,Next Day Air,Bank Transfer,Monthly,No,No,54.35714285714286,High Loyalty,Genuinely Loyal (No Discounts Needed)
3055,42,Female,New Hampshire,70,34,Boots,Footwear,S,Magenta,Summer,4.9,No,2-Day Shipping,Venmo,Monthly,No,No,51.204081632653065,Medium Loyalty,Mixed Behavior
3056,27,Female,Kansas,22,5,Sandals,Footwear,M,Violet,Fall,5.0,No,Standard,Debit Card,Bi-Weekly,No,No,3.4489795918367356,Low Loyalty,"At Risk (Low Value, No Discounts)"
3057,69,Female,New Jersey,59,15,Gloves,Accessories,M,Beige,Spring,3.8,No,Standard,Cash,Bi-Weekly,No,No,28.07142857142857,Low Loyalty,"At Risk (Low Value, No Discounts)"
3058,67,Female,North Carolina,22,26,Backpack,Accessories,M,Blue,Spring,3.4,No,Next Day Air,Bank Transfer,Weekly,No,No,26.30612244897959,Low Loyalty,"At Risk (Low Value, No Discounts)"
3059,41,Female,West Virginia,74,3,Handbag,Accessories,S,Orange,Winter,3.8,No,Store Pickup,Bank Transfer,Fortnightly,No,No,36.224489795918366,Medium Loyalty,Mixed Behavior
3060,46,Female,Kentucky,71,42,Sweater,Clothing,L,Maroon,Spring,3.2,No,Express,Credit Card,Quarterly,No,No,50.602040816326536,Medium Loyalty,Mixed Behavior
3061,47,Female,California,80,1,Coat,Outerwear,S,Charcoal,Summer,4.7,No,Store Pickup,Venmo,Monthly,No,No,36.00000000000001,Medium Loyalty,Mixed Behavior
3062,33,Female,South Dakota,59,20,T-shirt,Clothing,L,Olive,Fall,4.5,No,Express,PayPal,Every 3 Months,No,No,31.13265306122449,Low Loyalty,"At Risk (Low Value, No Discounts)"
3063,51,Female,California,96,39,Backpack,Accessories,L,Green,Fall,3.3,No,Standard,PayPal,Monthly,No,No,67.26530612244899,High Loyalty,Genuinely Loyal (No Discounts Needed)
3064,26,Female,Connecticut,43,24,Sunglasses,Accessories,L,Brown,Winter,3.9,No,Store Pickup,Credit Card,Fortnightly,No,No,33.58163265306123,Low Loyalty,"At Risk (Low Value, No Discounts)"
3065,22,Female,Idaho,76,49,Belt,Accessories,S,Cyan,Winter,3.6,No,Express,Bank Transfer,Quarterly,No,No,57.38775510204081,High Loyalty,Genuinely Loyal (No Discounts Needed)
3066,49,Female,North Dakota,59,7,Jacket,Outerwear,M,Beige,Fall,2.8,No,Store Pickup,Venmo,Bi-Weekly,No,No,23.173469387755105,Low Loyalty,"At Risk (Low Value, No Discounts)"
3067,58,Female,Michigan,48,13,Skirt,Clothing,L,Teal,Summer,4.3,No,Free Shipping,Venmo,Every 3 Months,No,No,21.346938775510207,Low Loyalty,"At Risk (Low Value, No Discounts)"
3068,70,Female,Missouri,22,2,Belt,Accessories,S,Gray,Spring,3.5,No,Free Shipping,Cash,Weekly,No,No,11.612244897959185,Low Loyalty,"At Risk (Low Value, No Discounts)"
3069,32,Female,California,40,4,Boots,Footwear,M,Indigo,Winter,4.2,No,Express,Debit Card,Weekly,No,No,21.836734693877553,Low Loyalty,"At Risk (Low Value, No Discounts)"
3070,62,Female,Delaware,73,17,Jeans,Clothing,L,Magenta,Spring,4.6,No,Express,Debit Card,Quarterly,No,No,36.29591836734695,Medium Loyalty,Mixed Behavior
3071,52,Female,Alabama,26,43,Shoes,Footwear,XL,Red,Fall,2.6,No,Free Shipping,PayPal,Bi-Weekly,No,No,28.714285714285715,Low Loyalty,"At Risk (Low Value, No Discounts)"
3072,23,Female,New Hampshire,41,6,Sweater,Clothing,L,Turquoise,Spring,3.4,No,Next Day Air,PayPal,Monthly,No,No,19.561224489795922,Low Loyalty,"At Risk (Low Value, No Discounts)"
3073,26,Female,New York,98,46,Jewelry,Accessories,L,Peach,Spring,3.1,No,Standard,PayPal,Quarterly,No,No,66.55102040816328,High Loyalty,Genuinely Loyal (No Discounts Needed)
3074,58,Female,Oregon,63,7,Shirt,Clothing,L,White,Winter,3.6,No,Free Shipping,Debit Card,Bi-Weekly,No,No,25.17346938775511,Low Loyalty,"At Risk (Low Value, No Discounts)"
3075,26,Female,Massachusetts,55,34,Boots,Footwear,L,Maroon,Winter,4.2,No,Next Day Air,Debit Card,Fortnightly,No,No,45.704081632653065,Medium Loyalty,Mixed Behavior
3076,54,Female,Utah,90,21,Shorts,Clothing,XL,Beige,Winter,3.6,No,Standard,PayPal,Every 3 Months,No,No,47.244897959183675,Medium Loyalty,Mixed Behavior
3077,66,Female,New Hampshire,46,13,Handbag,Accessories,M,Blue,Summer,3.6,No,Express,Venmo,Bi-Weekly,No,No,20.346938775510207,Low Loyalty,"At Risk (Low Value, No Discounts)"
3078,60,Female,Illinois,88,33,Sweater,Clothing,S,Red,Spring,3.0,No,Store Pickup,Debit Card,Bi-Weekly,No,No,53.591836734693885,High Loyalty,Genuinely Loyal (No Discounts Needed)
3079,32,Female,Alaska,95,24,Belt,Accessories,M,Blue,Spring,2.5,No,2-Day Shipping,Bank Transfer,Bi-Weekly,No,No,51.58163265306123,Medium Loyalty,Mixed Behavior
3080,48,Female,Wyoming,31,4,Belt,Accessories,M,Maroon,Fall,4.0,No,Store Pickup,Bank Transfer,Annually,No,No,10.33673469387755,Low Loyalty,"At Risk (Low Value, No Discounts)"
3081,69,Female,Colorado,42,5,Hoodie,Clothing,L,Yellow,Spring,4.1,No,Next Day Air,Cash,Bi-Weekly,No,No,13.448979591836736,Low Loyalty,"At Risk (Low Value, No Discounts)"
3082,64,Female,Vermont,44,11,Sneakers,Footwear,L,Pink,Winter,4.9,No,Next Day Air,Credit Card,Weekly,No,No,28.12244897959184,Low Loyalty,"At Risk (Low Value, No Discounts)"
3083,56,Female,Utah,99,20,T-shirt,Clothing,M,Maroon,Spring,4.0,No,Next Day Air,Bank Transfer,Annually,No,No,54.13265306122449,High Loyalty,Genuinely Loyal (No Discounts Needed)
3084,22,Female,Illinois,20,28,Pants,Clothing,S,Purple,Summer,3.5,No,Store Pickup,PayPal,Quarterly,No,No,16.53061224489796,Low Loyalty,"At Risk (Low Value, No Discounts)"
3085,46,Female,Idaho,37,43,Scarf,Accessories,S,Indigo,Spring,3.2,No,Store Pickup,PayPal,Monthly,No,No,40.214285714285715,Medium Loyalty,Mixed Behavior
3086,24,Female,Nevada,50,10,Sweater,Clothing,L,Gray,Winter,2.8,No,Store Pickup,Venmo,Every 3 Months,No,No,20.510204081632654,Low Loyalty,"At Risk (Low Value, No Discounts)"
3087,47,Female,Utah,73,26,Handbag,Accessories,M,Lavender,Summer,3.5,No,Next Day Air,Venmo,Every 3 Months,No,No,41.8061224489796,Medium Loyalty,Mixed Behavior
3088,62,Female,North Carolina,84,29,Shirt,Clothing,M,Charcoal,Spring,3.1,No,Free Shipping,Bank Transfer,Monthly,No,No,55.14285714285714,High Loyalty,Genuinely Loyal (No Discounts Needed)
3089,34,Female,Arkansas,64,35,Dress,Clothing,M,Teal,Spring,3.3,No,Store Pickup,Bank Transfer,Quarterly,No,No,42.816326530612244,Medium Loyalty,Mixed Behavior
3090,50,Female,North Carolina,21,23,Sandals,Footwear,L,Blue,Fall,4.6,No,Free Shipping,Cash,Bi-Weekly,No,No,13.969387755102039,Low Loyalty,"At Risk (Low Value, No Discounts)"
3091,29,Female,Texas,36,15,Shirt,Clothing,M,Peach,Summer,4.9,No,Store Pickup,Bank Transfer,Quarterly,No,No,16.57142857142857,Low Loyalty,"At Risk (Low Value, No Discounts)"
3092,68,Female,Nevada,81,46,Dress,Clothing,L,Orange,Winter,3.4,No,2-Day Shipping,Credit Card,Annually,No,No,61.05102040816326,High Loyalty,Genuinely Loyal (No Discounts Needed)
3093,52,Female,Utah,54,14,Sunglasses,Accessories,L,Silver,Fall,3.5,No,Next Day Air,Bank Transfer,Bi-Weekly,No,No,24.95918367346939,Low Loyalty,"At Risk (Low Value, No Discounts)"
3094,29,Female,Pennsylvania,63,17,Socks,Clothing,L,Red,Summer,4.8,No,Store Pickup,Cash,Every 3 Months,No,No,31.295918367346943,Low Loyalty,"At Risk (Low Value, No Discounts)"
3095,22,Female,Georgia,59,9,Sandals,Footwear,M,Gray,Summer,2.7,No,Store Pickup,Cash,Weekly,No,No,34.39795918367348,Medium Loyalty,Mixed Behavior
3096,62,Female,Minnesota,53,13,Hat,Accessories,S,Beige,Fall,3.4,No,Standard,Venmo,Fortnightly,No,No,31.846938775510207,Low Loyalty,"At Risk (Low Value, No Discounts)"
3097,69,Female,Kansas,63,20,Shirt,Clothing,L,White,Winter,3.5,No,Next Day Air,Bank Transfer,Monthly,No,No,39.132653061224495,Medium Loyalty,Mixed Behavior
3098,48,Female,Delaware,33,39,Shoes,Footwear,M,Silver,Fall,3.7,No,Free Shipping,Bank Transfer,Quarterly,No,No,29.765306122448976,Low Loyalty,"At Risk (Low Value, No Discounts)"
3099,66,Female,New Mexico,64,50,Pants,Clothing,L,Cyan,Summer,3.3,No,Next Day Air,Bank Transfer,Quarterly,No,No,52.0,Medium Loyalty,Mixed Behavior
3100,42,Female,Michigan,98,21,Shirt,Clothing,S,Maroon,Fall,2.9,No,Free Shipping,Bank Transfer,Bi-Weekly,No,No,51.244897959183675,Medium Loyalty,Mixed Behavior
3101,50,Female,Vermont,85,3,Hat,Accessories,L,Purple,Winter,3.9,No,Express,Bank Transfer,Weekly,No,No,43.724489795918366,Medium Loyalty,Mixed Behavior
3102,32,Female,Idaho,82,9,Jewelry,Accessories,S,Brown,Summer,2.7,No,Express,PayPal,Fortnightly,No,No,43.89795918367347,Medium Loyalty,Mixed Behavior
3103,51,Female,South Dakota,85,29,Jacket,Outerwear,M,Green,Summer,4.3,No,Standard,Cash,Bi-Weekly,No,No,49.642857142857146,Medium Loyalty,Mixed Behavior
3104,27,Female,Illinois,37,42,Shirt,Clothing,S,Peach,Winter,3.0,No,2-Day Shipping,Bank Transfer,Weekly,No,No,43.60204081632653,Medium Loyalty,Mixed Behavior
3105,43,Female,Georgia,56,41,Pants,Clothing,S,Turquoise,Summer,5.0,No,2-Day Shipping,Debit Card,Fortnightly,No,No,50.48979591836735,Medium Loyalty,Mixed Behavior
3106,48,Female,Oregon,33,17,Skirt,Clothing,M,Olive,Fall,2.7,No,Express,Debit Card,Monthly,No,No,22.29591836734694,Low Loyalty,"At Risk (Low Value, No Discounts)"
3107,62,Female,Alabama,57,20,Sandals,Footwear,M,Yellow,Winter,4.7,No,Next Day Air,PayPal,Annually,No,No,33.132653061224495,Low Loyalty,"At Risk (Low Value, No Discounts)"
3108,65,Female,Hawaii,31,18,Blouse,Clothing,L,Gray,Winter,4.6,No,Standard,Credit Card,Bi-Weekly,No,No,15.908163265306122,Low Loyalty,"At Risk (Low Value, No Discounts)"
3109,50,Female,Oregon,69,7,Socks,Clothing,M,Purple,Fall,3.2,No,2-Day Shipping,PayPal,Monthly,No,No,34.1734693877551,Medium Loyalty,Mixed Behavior
3110,60,Female,Illinois,92,47,Jacket,Outerwear,M,Gray,Winter,4.3,No,Free Shipping,Bank Transfer,Fortnightly,No,No,72.16326530612247,High Loyalty,Genuinely Loyal (No Discounts Needed)
3111,19,Female,Texas,46,2,Handbag,Accessories,L,Lavender,Fall,4.6,No,Next Day Air,Bank Transfer,Bi-Weekly,No,No,13.612244897959187,Low Loyalty,"At Risk (Low Value, No Discounts)"
3112,21,Female,Kansas,81,25,Belt,Accessories,XL,Indigo,Spring,4.9,No,Free Shipping,Debit Card,Quarterly,No,No,45.19387755102041,Medium Loyalty,Mixed Behavior
3113,19,Female,Texas,97,26,Blouse,Clothing,S,Green,Fall,3.8,No,Express,Venmo,Annually,No,No,56.8061224489796,High Loyalty,Genuinely Loyal (No Discounts Needed)
3114,46,Female,Nebraska,93,2,Shirt,Clothing,L,Green,Summer,2.6,No,Express,Debit Card,Weekly,No,No,47.11224489795919,Medium Loyalty,Mixed Behavior
3115,21,Female,Arkansas,56,45,Handbag,Accessories,M,Olive,Spring,4.7,No,Store Pickup,Venmo,Bi-Weekly,No,No,44.93877551020408,Medium Loyalty,Mixed Behavior
3116,26,Female,South Dakota,53,9,Scarf,Accessories,M,Charcoal,Fall,4.1,No,Free Shipping,Bank Transfer,Bi-Weekly,No,No,21.397959183673475,Low Loyalty,"At Risk (Low Value, No Discounts)"
3117,50,Female,Montana,66,1,Coat,Outerwear,L,Gray,Spring,3.7,No,Store Pickup,Venmo,Weekly,No,No,33.00000000000001,Low Loyalty,"At Risk (Low Value, No Discounts)"
3118,43,Female,Florida,50,4,Hoodie,Clothing,M,Olive,Fall,3.0,No,Free Shipping,PayPal,Bi-Weekly,No,No,16.836734693877553,Low Loyalty,"At Risk (Low Value, No Discounts)"
3119,61,Female,Virginia,97,31,Shorts,Clothing,L,Blue,Summer,4.7,No,Standard,Debit Card,Quarterly,No,No,56.86734693877551,High Loyalty,Genuinely Loyal (No Discounts Needed)
3120,63,Female,Louisiana,79,21,Sandals,Footwear,XL,Silver,Winter,4.7,No,2-Day Shipping,Credit Card,Every 3 Months,No,No,41.744897959183675,Medium Loyalty,Mixed Behavior
3121,46,Female,Louisiana,76,32,Shirt,Clothing,M,Magenta,Fall,4.0,No,Store Pickup,Debit Card,Fortnightly,No,No,54.979591836734684,High Loyalty,Genuinely Loyal (No Discounts Needed)
3122,63,Female,Louisiana,38,16,Hoodie,Clothing,L,Black,Fall,2.6,No,Standard,Venmo,Weekly,No,No,28.18367346938776,Low Loyalty,"At Risk (Low Value, No Discounts)"
3123,23,Female,Georgia,45,34,Socks,Clothing,M,Pink,Fall,3.0,No,Express,Credit Card,Fortnightly,No,No,40.70408163265306,Medium Loyalty,Mixed Behavior
3124,57,Female,Iowa,77,40,Handbag,Accessories,XL,Red,Fall,3.3,No,Next Day Air,Venmo,Bi-Weekly,No,No,52.37755102040816,Medium Loyalty,Mixed Behavior
3125,57,Female,California,51,4,Jewelry,Accessories,M,Peach,Summer,3.4,No,Standard,Cash,Every 3 Months,No,No,17.336734693877553,Low Loyalty,"At Risk (Low Value, No Discounts)"
3126,33,Female,Oregon,26,3,Coat,Outerwear,L,Lavender,Spring,4.0,No,Standard,Cash,Quarterly,No,No,4.224489795918368,Low Loyalty,"At Risk (Low Value, No Discounts)"
3127,57,Female,Maine,76,28,Sunglasses,Accessories,L,Lavender,Winter,2.6,No,Store Pickup,Bank Transfer,Bi-Weekly,No,No,44.53061224489796,Medium Loyalty,Mixed Behavior
3128,55,Female,Louisiana,94,43,Gloves,Accessories,M,Beige,Winter,3.4,No,Free Shipping,Credit Card,Every 3 Months,No,No,62.71428571428572,High Loyalty,Genuinely Loyal (No Discounts Needed)
3129,65,Female,Arkansas,32,20,Jacket,Outerwear,S,Indigo,Fall,4.4,No,Standard,Cash,Annually,No,No,20.63265306122449,Low Loyalty,"At Risk (Low Value, No Discounts)"
3130,60,Female,Maryland,20,40,Sandals,Footwear,S,Cyan,Summer,4.7,No,Express,Venmo,Every 3 Months,No,No,23.87755102040816,Low Loyalty,"At Risk (Low Value, No Discounts)"
3131,52,Female,Vermont,20,34,Pants,Clothing,M,Yellow,Summer,4.5,No,Store Pickup,Venmo,Every 3 Months,No,No,20.204081632653057,Low Loyalty,"At Risk (Low Value, No Discounts)"
3132,34,Female,North Dakota,59,11,Jacket,Outerwear,M,Peach,Fall,2.9,No,Store Pickup,Bank Transfer,Every 3 Months,No,No,25.622448979591837,Low Loyalty,"At Risk (Low Value, No Discounts)"
3133,33,Female,Michigan,97,26,Sweater,Clothing,M,Yellow,Summer,4.2,No,Express,Cash,Quarterly,No,No,53.8061224489796,High Loyalty,Genuinely Loyal (No Discounts Needed)
3134,58,Female,Arkansas,68,29,T-shirt,Clothing,M,Orange,Spring,4.1,No,Next Day Air,Cash,Bi-Weekly,No,No,41.142857142857146,Medium Loyalty,Mixed Behavior
3135,35,Female,Kentucky,66,47,Boots,Footwear,L,Gray,Spring,4.4,No,Store Pickup,Bank Transfer,Weekly,No,No,61.16326530612245,High Loyalty,Genuinely Loyal (No Discounts Needed)
3136,68,Female,Indiana,85,48,Shoes,Footwear,L,Yellow,Spring,4.7,No,Free Shipping,Venmo,Fortnightly,No,No,69.27551020408163,High Loyalty,Genuinely Loyal (No Discounts Needed)
3137,58,Female,Minnesota,32,29,Skirt,Clothing,M,Gray,Fall,3.1,No,Next Day Air,Cash,Bi-Weekly,No,No,23.142857142857142,Low Loyalty,"At Risk (Low Value, No Discounts)"
3138,34,Female,Louisiana,44,14,Coat,Outerwear,M,Turquoise,Spring,2.7,No,2-Day Shipping,Bank Transfer,Monthly,No,No,25.95918367346939,Low Loyalty,"At Risk (Low Value, No Discounts)"
3139,47,Female,Kentucky,95,40,Blouse,Clothing,L,Gray,Fall,4.6,No,Next Day Air,Cash,Every 3 Months,No,No,61.37755102040816,High Loyalty,Genuinely Loyal (No Discounts Needed)
3140,35,Female,Georgia,85,4,Sunglasses,Accessories,M,Olive,Winter,4.4,No,Next Day Air,Venmo,Weekly,No,No,44.33673469387755,Medium Loyalty,Mixed Behavior
3141,34,Female,Alaska,44,37,Gloves,Accessories,XL,Peach,Summer,4.6,No,Free Shipping,Bank Transfer,Weekly,No,No,44.04081632653061,Medium Loyalty,Mixed Behavior
3142,36,Female,Mississippi,30,47,Sunglasses,Accessories,S,Peach,Winter,4.9,No,Express,Credit Card,Bi-Weekly,No,No,33.16326530612245,Low Loyalty,"At Risk (Low Value, No Discounts)"
3143,23,Female,Kansas,21,1,Sneakers,Footwear,L,Magenta,Winter,4.0,No,2-Day Shipping,Venmo,Quarterly,No,No,0.5000000000000004,Low Loyalty,"At Risk (Low Value, No Discounts)"
3144,68,Female,Arizona,22,26,Hoodie,Clothing,M,Purple,Summer,2.9,No,Store Pickup,Cash,Quarterly,No,No,16.30612244897959,Low Loyalty,"At Risk (Low Value, No Discounts)"
3145,23,Female,Maine,70,12,Boots,Footwear,L,Beige,Spring,2.6,No,Free Shipping,Debit Card,Quarterly,No,No,31.734693877551024,Low Loyalty,"At Risk (Low Value, No Discounts)"
3146,57,Female,Texas,29,16,Handbag,Accessories,XL,Purple,Spring,4.6,No,Standard,PayPal,Fortnightly,No,No,21.683673469387756,Low Loyalty,"At Risk (Low Value, No Discounts)"
3147,21,Female,Virginia,83,19,Shirt,Clothing,S,Yellow,Winter,4.9,No,Free Shipping,PayPal,Annually,No,No,45.520408163265316,Medium Loyalty,Mixed Behavior
3148,45,Female,North Dakota,99,21,Sweater,Clothing,M,Pink,Winter,4.3,No,Express,Credit Card,Weekly,No,No,61.744897959183675,High Loyalty,Genuinely Loyal (No Discounts Needed)
3149,37,Female,West Virginia,35,15,Shorts,Clothing,L,Purple,Fall,4.3,No,Free Shipping,Venmo,Weekly,No,No,26.07142857142857,Low Loyalty,"At Risk (Low Value, No Discounts)"
3150,18,Female,North Carolina,40,9,Belt,Accessories,M,Lavender,Winter,4.6,No,Free Shipping,Venmo,Annually,No,No,17.89795918367347,Low Loyalty,"At Risk (Low Value, No Discounts)"
3151,55,Female,Georgia,25,7,Blouse,Clothing,M,Peach,Spring,2.6,No,Express,Bank Transfer,Bi-Weekly,No,No,6.173469387755102,Low Loyalty,"At Risk (Low Value, No Discounts)"
3152,52,Female,New Mexico,64,47,T-shirt,Clothing,L,Orange,Fall,3.1,No,2-Day Shipping,Bank Transfer,Quarterly,No,No,50.163265306122454,Medium Loyalty,Mixed Behavior
3153,49,Female,North Carolina,90,17,Belt,Accessories,M,Red,Fall,3.1,No,Store Pickup,PayPal,Monthly,No,No,50.795918367346935,Medium Loyalty,Mixed Behavior
3154,56,Female,Alabama,88,46,Socks,Clothing,L,Red,Fall,3.1,No,Next Day Air,Venmo,Fortnightly,No,No,69.55102040816328,High Loyalty,Genuinely Loyal (No Discounts Needed)
3155,27,Female,Connecticut,55,32,Belt,Accessories,M,Gold,Winter,4.4,No,Standard,Cash,Quarterly,No,No,36.47959183673469,Medium Loyalty,Mixed Behavior
3156,22,Female,Montana,90,34,Handbag,Accessories,M,Brown,Fall,4.3,No,Free Shipping,Cash,Annually,No,No,58.20408163265307,High Loyalty,Genuinely Loyal (No Discounts Needed)
3157,18,Female,Montana,50,18,Shirt,Clothing,M,Black,Winter,3.1,No,2-Day Shipping,Cash,Monthly,No,No,31.408163265306122,Low Loyalty,"At Risk (Low Value, No Discounts)"
3158,21,Female,Maine,34,5,Belt,Accessories,L,Red,Fall,3.1,No,Store Pickup,Debit Card,Fortnightly,No,No,17.44897959183674,Low Loyalty,"At Risk (Low Value, No Discounts)"
3159,30,Female,Mississippi,77,44,Jewelry,Accessories,M,Gray,Winter,4.9,No,2-Day Shipping,Credit Card,Monthly,No,No,60.8265306122449,High Loyalty,Genuinely Loyal (No Discounts Needed)
3160,62,Female,Louisiana,89,4,Hat,Accessories,L,Pink,Winter,2.9,No,Store Pickup,Bank Transfer,Quarterly,No,No,36.33673469387755,Medium Loyalty,Mixed Behavior
3161,28,Female,Nebraska,87,37,Backpack,Accessories,XL,Turquoise,Fall,3.8,No,Next Day Air,Cash,Fortnightly,No,No,63.54081632653062,High Loyalty,Genuinely Loyal (No Discounts Needed)
3162,66,Female,Massachusetts,77,43,Dress,Clothing,S,Charcoal,Winter,4.2,No,2-Day Shipping,Cash,Monthly,No,No,60.21428571428571,High Loyalty,Genuinely Loyal (No Discounts Needed)
3163,66,Female,Wisconsin,85,28,Shoes,Footwear,L,Blue,Winter,3.9,No,Standard,Bank Transfer,Quarterly,No,No,49.03061224489796,Medium Loyalty,Mixed Behavior
3164,49,Female,Nebraska,66,36,Pants,Clothing,XL,Turquoise,Summer,2.8,No,Express,Cash,Monthly,No,No,50.42857142857142,Medium Loyalty,Mixed Behavior
3165,40,Female,Arizona,32,16,Dress,Clothing,L,Silver,Winter,2.6,No,Standard,Credit Card,Annually,No,No,18.183673469387752,Low Loyalty,"At Risk (Low Value, No Discounts)"
3166,49,Female,Hawaii,92,38,Jacket,Outerwear,M,Lavender,Spring,3.0,No,Store Pickup,Bank Transfer,Every 3 Months,No,No,58.6530612244898,High Loyalty,Genuinely Loyal (No Discounts Needed)
3167,19,Female,Georgia,80,37,Shirt,Clothing,M,Gold,Winter,2.7,No,Next Day Air,Bank Transfer,Fortnightly,No,No,60.040816326530624,High Loyalty,Genuinely Loyal (No Discounts Needed)
3168,24,Female,Oregon,78,9,Dress,Clothing,M,Blue,Fall,2.8,No,2-Day Shipping,Cash,Bi-Weekly,No,No,33.89795918367347,Medium Loyalty,Mixed Behavior
3169,31,Female,Montana,24,14,Jeans,Clothing,M,Orange,Spring,2.9,No,2-Day Shipping,PayPal,Fortnightly,No,No,17.95918367346939,Low Loyalty,"At Risk (Low Value, No Discounts)"
3170,35,Female,Georgia,59,3,T-shirt,Clothing,M,White,Fall,3.8,No,Free Shipping,Venmo,Weekly,No,No,30.724489795918373,Low Loyalty,"At Risk (Low Value, No Discounts)"
3171,65,Female,Rhode Island,41,10,Sunglasses,Accessories,XL,Charcoal,Spring,4.4,No,Express,Credit Card,Fortnightly,No,No,24.010204081632658,Low Loyalty,"At Risk (Low Value, No Discounts)"
3172,68,Female,Tennessee,26,26,Jewelry,Accessories,M,Maroon,Spring,3.1,No,Express,Bank Transfer,Bi-Weekly,No,No,18.30612244897959,Low Loyalty,"At Risk (Low Value, No Discounts)"
3173,57,Female,Missouri,52,30,Socks,Clothing,M,Olive,Fall,3.7,No,Standard,Debit Card,Bi-Weekly,No,No,33.755102040816325,Low Loyalty,"At Risk (Low Value, No Discounts)"
3174,69,Female,Washington,46,32,Skirt,Clothing,L,Teal,Summer,4.9,No,Next Day Air,PayPal,Fortnightly,No,No,39.9795918367347,Medium Loyalty,Mixed Behavior
3175,45,Female,Oklahoma,52,35,Pants,Clothing,L,Orange,Winter,3.8,No,Store Pickup,PayPal,Monthly,No,No,42.816326530612244,Medium Loyalty,Mixed Behavior
3176,35,Female,Connecticut,42,26,Socks,Clothing,M,Maroon,Fall,3.4,No,Store Pickup,Debit Card,Every 3 Months,No,No,26.30612244897959,Low Loyalty,"At Risk (Low Value, No Discounts)"
3177,36,Female,Arkansas,37,39,Sandals,Footwear,XL,Turquoise,Spring,4.6,No,2-Day Shipping,Credit Card,Monthly,No,No,37.765306122448976,Medium Loyalty,Mixed Behavior
3178,55,Female,Missouri,52,31,Belt,Accessories,L,Beige,Fall,3.2,No,Standard,Credit Card,Monthly,No,No,40.36734693877551,Medium Loyalty,Mixed Behavior
3179,66,Female,Washington,34,28,Sandals,Footwear,L,Beige,Spring,2.7,No,Free Shipping,Credit Card,Annually,No,No,26.530612244897956,Low Loyalty,"At Risk (Low Value, No Discounts)"
3180,57,Female,Idaho,88,12,Shorts,Clothing,M,Olive,Spring,4.3,No,Free Shipping,Debit Card,Bi-Weekly,No,No,40.73469387755103,Medium Loyalty,Mixed Behavior
3181,18,Female,Montana,88,46,Handbag,Accessories,L,Turquoise,Fall,3.8,No,Standard,PayPal,Weekly,No,No,71.55102040816327,High Loyalty,Genuinely Loyal (No Discounts Needed)
3182,31,Female,Montana,51,27,Jacket,Outerwear,M,Charcoal,Summer,4.4,No,Free Shipping,PayPal,Every 3 Months,No,No,31.418367346938776,Low Loyalty,"At Risk (Low Value, No Discounts)"
3183,50,Female,Georgia,97,4,Sunglasses,Accessories,L,Green,Fall,3.6,No,Free Shipping,Credit Card,Annually,No,No,43.33673469387755,Medium Loyalty,Mixed Behavior
3184,50,Female,Mississippi,56,14,Sneakers,Footwear,M,Green,Winter,3.5,No,Standard,Cash,Every 3 Months,No,No,25.95918367346939,Low Loyalty,"At Risk (Low Value, No Discounts)"
3185,61,Female,Hawaii,53,30,Sweater,Clothing,L,Green,Spring,4.2,No,2-Day Shipping,Venmo,Quarterly,No,No,34.255102040816325,Medium Loyalty,Mixed Behavior
3186,52,Female,Ohio,71,6,Skirt,Clothing,L,Gold,Fall,4.7,No,Express,PayPal,Annually,No,No,31.561224489795926,Low Loyalty,"At Risk (Low Value, No Discounts)"
3187,38,Female,Virginia,93,43,Jewelry,Accessories,S,Cyan,Winter,4.8,No,Store Pickup,Venmo,Annually,No,No,65.21428571428571,High Loyalty,Genuinely Loyal (No Discounts Needed)
3188,67,Female,Texas,72,28,Blouse,Clothing,L,Indigo,Winter,3.2,No,Free Shipping,Debit Card,Weekly,No,No,52.53061224489796,Medium Loyalty,Mixed Behavior
3189,42,Female,Vermont,59,39,Blouse,Clothing,M,Lavender,Winter,3.5,No,Standard,Bank Transfer,Monthly,No,No,48.765306122448976,Medium Loyalty,Mixed Behavior
3190,25,Female,Kansas,87,30,Boots,Footwear,M,Beige,Summer,4.2,No,Store Pickup,PayPal,Bi-Weekly,No,No,51.25510204081634,Medium Loyalty,Mixed Behavior
3191,41,Female,California,78,5,Jeans,Clothing,S,Purple,Fall,3.4,No,Free Shipping,Credit Card,Fortnightly,No,No,39.44897959183674,Medium Loyalty,Mixed Behavior
3192,62,Female,Mississippi,68,42,Hoodie,Clothing,XL,Maroon,Winter,4.7,No,Store Pickup,Credit Card,Every 3 Months,No,No,49.10204081632653,Medium Loyalty,Mixed Behavior
3193,19,Female,Iowa,76,20,Sweater,Clothing,S,Maroon,Fall,3.0,No,Free Shipping,Cash,Fortnightly,No,No,47.63265306122449,Medium Loyalty,Mixed Behavior
3194,63,Female,Virginia,99,35,Gloves,Accessories,L,Teal,Winter,4.0,No,Express,Credit Card,Fortnightly,No,No,68.31632653061223,High Loyalty,Genuinely Loyal (No Discounts Needed)
3195,43,Female,Maryland,52,10,Sneakers,Footwear,L,Gold,Summer,4.6,No,Standard,Credit Card,Bi-Weekly,No,No,21.510204081632654,Low Loyalty,"At Risk (Low Value, No Discounts)"
3196,68,Female,Missouri,58,36,Sunglasses,Accessories,S,Red,Spring,4.9,No,Next Day Air,Credit Card,Quarterly,No,No,40.42857142857143,Medium Loyalty,Mixed Behavior
3197,24,Female,Wisconsin,59,21,Belt,Accessories,L,Maroon,Winter,2.8,No,Express,Debit Card,Fortnightly,No,No,39.744897959183675,Medium Loyalty,Mixed Behavior
3198,27,Female,Maine,71,29,Sweater,Clothing,M,Teal,Spring,3.2,No,Free Shipping,Credit Card,Every 3 Months,No,No,42.642857142857146,Medium Loyalty,Mixed Behavior
3199,61,Female,Pennsylvania,94,39,Gloves,Accessories,L,Peach,Winter,2.8,No,Free Shipping,Debit Card,Weekly,No,No,70.26530612244898,High Loyalty,Genuinely Loyal (No Discounts Needed)
3200,59,Female,Maine,40,16,Handbag,Accessories,XL,Pink,Winter,4.2,No,Express,PayPal,Monthly,No,No,25.183673469387752,Low Loyalty,"At Risk (Low Value, No Discounts)"
3201,67,Female,Missouri,24,32,Socks,Clothing,L,Black,Spring,4.8,No,Free Shipping,Credit Card,Monthly,No,No,26.979591836734695,Low Loyalty,"At Risk (Low Value, No Discounts)"
3202,46,Female,Vermont,38,34,Pants,Clothing,S,Indigo,Fall,2.8,No,2-Day Shipping,Cash,Monthly,No,No,35.204081632653065,Medium Loyalty,Mixed Behavior
3203,65,Female,Wisconsin,37,38,Scarf,Accessories,L,Green,Fall,4.5,No,Standard,Venmo,Annually,No,No,34.153061224489804,Medium Loyalty,Mixed Behavior
3204,63,Female,New Jersey,29,14,Coat,Outerwear,L,Teal,Spring,4.1,No,Express,Venmo,Annually,No,No,15.459183673469386,Low Loyalty,"At Risk (Low Value, No Discounts)"
3205,57,Female,New Mexico,92,23,Jacket,Outerwear,XL,Lavender,Fall,4.3,No,Free Shipping,Debit Card,Bi-Weekly,No,No,49.46938775510205,Medium Loyalty,Mixed Behavior
3206,40,Female,Colorado,24,50,Hoodie,Clothing,XL,Magenta,Fall,4.4,No,2-Day Shipping,Bank Transfer,Every 3 Months,No,No,32.0,Low Loyalty,"At Risk (Low Value, No Discounts)"
3207,36,Female,California,52,49,Boots,Footwear,M,Brown,Winter,3.0,No,Free Shipping,PayPal,Monthly,No,No,51.38775510204081,Medium Loyalty,Mixed Behavior
3208,67,Female,Arizona,29,14,Socks,Clothing,XL,Beige,Summer,2.7,No,Next Day Air,PayPal,Annually,No,No,15.459183673469386,Low Loyalty,"At Risk (Low Value, No Discounts)"
3209,61,Female,Indiana,30,42,Jewelry,Accessories,L,Indigo,Winter,3.3,No,2-Day Shipping,PayPal,Weekly,No,No,40.10204081632652,Medium Loyalty,Mixed Behavior
3210,64,Female,Arkansas,31,39,Shoes,Footwear,L,Peach,Fall,4.3,No,Standard,Debit Card,Annually,No,No,31.765306122448976,Low Loyalty,"At Risk (Low Value, No Discounts)"
3211,30,Female,Nevada,67,43,Socks,Clothing,M,Magenta,Summer,2.9,No,Express,Venmo,Bi-Weekly,No,No,49.21428571428571,Medium Loyalty,Mixed Behavior
3212,53,Female,Rhode Island,65,12,Pants,Clothing,L,Turquoise,Winter,4.9,No,Standard,Cash,Monthly,No,No,35.234693877551024,Medium Loyalty,Mixed Behavior
3213,27,Female,Wyoming,22,21,Sneakers,Footwear,M,Indigo,Winter,3.6,No,2-Day Shipping,Debit Card,Weekly,No,No,23.24489795918367,Low Loyalty,"At Risk (Low Value, No Discounts)"
3214,27,Female,Texas,56,33,Sunglasses,Accessories,M,Brown,Winter,3.3,No,Standard,Credit Card,Monthly,No,No,43.591836734693885,Medium Loyalty,Mixed Behavior
3215,53,Female,Washington,78,6,Skirt,Clothing,M,Yellow,Spring,3.1,No,Free Shipping,Debit Card,Annually,No,No,35.06122448979592,Medium Loyalty,Mixed Behavior
3216,34,Female,Rhode Island,90,10,Coat,Outerwear,M,Magenta,Summer,2.7,No,Free Shipping,PayPal,Every 3 Months,No,No,40.51020408163266,Medium Loyalty,Mixed Behavior
3217,39,Female,Illinois,85,18,Hoodie,Clothing,S,Olive,Winter,3.4,No,Next Day Air,Cash,Weekly,No,No,52.908163265306115,Medium Loyalty,Mixed Behavior
3218,44,Female,Oregon,58,46,Sunglasses,Accessories,M,Silver,Fall,3.4,No,Express,Venmo,Weekly,No,No,56.55102040816327,High Loyalty,Genuinely Loyal (No Discounts Needed)
3219,37,Female,Florida,34,49,Skirt,Clothing,M,Teal,Fall,3.9,No,Express,PayPal,Monthly,No,No,42.38775510204081,Medium Loyalty,Mixed Behavior
3220,57,Female,Kansas,40,39,Coat,Outerwear,L,White,Summer,3.5,No,2-Day Shipping,Credit Card,Weekly,No,No,43.265306122448976,Medium Loyalty,Mixed Behavior
3221,38,Female,North Dakota,29,16,Handbag,Accessories,M,Blue,Fall,4.1,No,Free Shipping,Cash,Monthly,No,No,19.683673469387756,Low Loyalty,"At Risk (Low Value, No Discounts)"
3222,21,Female,New Hampshire,76,28,T-shirt,Clothing,M,Yellow,Winter,3.2,No,Standard,Cash,Annually,No,No,47.530612244897966,Medium Loyalty,Mixed Behavior
3223,45,Female,Texas,84,22,Sunglasses,Accessories,S,Maroon,Fall,4.6,No,Store Pickup,PayPal,Quarterly,No,No,44.85714285714286,Medium Loyalty,Mixed Behavior
3224,68,Female,Montana,65,36,Shirt,Clothing,S,Gray,Spring,3.9,No,Standard,Venmo,Bi-Weekly,No,No,43.92857142857143,Medium Loyalty,Mixed Behavior
3225,37,Female,Delaware,80,18,Hoodie,Clothing,L,Indigo,Winter,2.7,No,Free Shipping,PayPal,Monthly,No,No,46.40816326530612,Medium Loyalty,Mixed Behavior
3226,53,Female,New Hampshire,98,31,Blouse,Clothing,M,Pink,Fall,3.0,No,Store Pickup,Credit Card,Weekly,No,No,67.36734693877551,High Loyalty,Genuinely Loyal (No Discounts Needed)
3227,57,Female,Minnesota,71,38,Sneakers,Footwear,XL,Beige,Spring,3.3,No,Next Day Air,Bank Transfer,Fortnightly,No,No,56.1530612244898,High Loyalty,Genuinely Loyal (No Discounts Needed)
3228,28,Female,Alaska,69,42,Scarf,Accessories,XL,White,Fall,2.7,No,Free Shipping,Debit Card,Quarterly,No,No,49.60204081632653,Medium Loyalty,Mixed Behavior
3229,37,Female,Connecticut,95,27,Jewelry,Accessories,M,Yellow,Spring,4.6,No,2-Day Shipping,PayPal,Annually,No,No,56.418367346938766,High Loyalty,Genuinely Loyal (No Discounts Needed)
3230,54,Female,Connecticut,67,24,Pants,Clothing,M,Teal,Fall,2.7,No,Express,Cash,Monthly,No,No,43.58163265306123,Medium Loyalty,Mixed Behavior
3231,49,Female,Kansas,49,38,Sneakers,Footwear,M,Olive,Summer,2.5,No,Next Day Air,Debit Card,Annually,No,No,40.1530612244898,Medium Loyalty,Mixed Behavior
3232,62,Female,Nevada,97,9,Shoes,Footwear,M,Maroon,Winter,4.4,No,Free Shipping,Credit Card,Annually,No,No,46.39795918367348,Medium Loyalty,Mixed Behavior
3233,45,Female,Massachusetts,34,19,T-shirt,Clothing,M,White,Spring,4.0,No,Next Day Air,Bank Transfer,Monthly,No,No,24.020408163265305,Low Loyalty,"At Risk (Low Value, No Discounts)"
3234,45,Female,Indiana,74,11,Belt,Accessories,M,Lavender,Fall,3.8,No,Express,Debit Card,Bi-Weekly,No,No,33.12244897959184,Low Loyalty,"At Risk (Low Value, No Discounts)"
3235,49,Female,Washington,96,16,Jewelry,Accessories,M,Black,Winter,2.5,No,2-Day Shipping,Debit Card,Quarterly,No,No,47.18367346938776,Medium Loyalty,Mixed Behavior
3236,27,Female,Kansas,68,18,Belt,Accessories,M,Green,Summer,4.0,No,Free Shipping,Venmo,Monthly,No,No,40.40816326530612,Medium Loyalty,Mixed Behavior
3237,63,Female,South Carolina,84,8,Belt,Accessories,L,Olive,Fall,4.1,No,Next Day Air,Cash,Monthly,No,No,42.28571428571429,Medium Loyalty,Mixed Behavior
3238,61,Female,Vermont,57,4,T-shirt,Clothing,M,Gray,Summer,2.8,No,Express,Cash,Weekly,No,No,30.336734693877553,Low Loyalty,"At Risk (Low Value, No Discounts)"
3239,25,Female,Wyoming,84,37,Sneakers,Footwear,XL,Teal,Fall,3.4,No,2-Day Shipping,Cash,Quarterly,No,No,54.04081632653062,High Loyalty,Genuinely Loyal (No Discounts Needed)
3240,33,Female,Colorado,32,30,Sunglasses,Accessories,M,Charcoal,Fall,2.7,No,2-Day Shipping,Cash,Monthly,No,No,29.755102040816322,Low Loyalty,"At Risk (Low Value, No Discounts)"
3241,56,Female,West Virginia,37,37,Sandals,Footwear,M,Violet,Fall,3.8,No,2-Day Shipping,Bank Transfer,Monthly,No,No,36.54081632653061,Medium Loyalty,Mixed Behavior
3242,50,Female,Connecticut,58,30,Handbag,Accessories,M,Lavender,Summer,4.4,No,Store Pickup,PayPal,Quarterly,No,No,36.755102040816325,Medium Loyalty,Mixed Behavior
3243,45,Female,Oregon,74,17,Socks,Clothing,S,Beige,Fall,2.8,No,Express,Venmo,Weekly,No,No,46.79591836734694,Medium Loyalty,Mixed Behavior
3244,45,Female,Idaho,99,11,Hoodie,Clothing,L,Black,Summer,5.0,No,Store Pickup,Bank Transfer,Every 3 Months,No,No,45.62244897959184,Medium Loyalty,Mixed Behavior
3245,65,Female,Arkansas,81,42,Sweater,Clothing,M,Black,Fall,4.7,No,Express,Credit Card,Annually,No,No,58.60204081632653,High Loyalty,Genuinely Loyal (No Discounts Needed)
3246,63,Female,Kansas,76,20,Pants,Clothing,M,Purple,Fall,3.2,No,Next Day Air,Cash,Weekly,No,No,49.63265306122449,Medium Loyalty,Mixed Behavior
3247,70,Female,Michigan,98,37,Sneakers,Footwear,M,Magenta,Summer,2.9,No,Store Pickup,Cash,Monthly,No,No,67.04081632653063,High Loyalty,Genuinely Loyal (No Discounts Needed)
3248,53,Female,Arkansas,91,12,Gloves,Accessories,M,Teal,Summer,3.7,No,Express,PayPal,Fortnightly,No,No,50.23469387755102,Medium Loyalty,Mixed Behavior
3249,22,Female,Pennsylvania,79,41,T-shirt,Clothing,S,Teal,Summer,4.2,No,Free Shipping,Bank Transfer,Quarterly,No,No,53.98979591836734,High Loyalty,Genuinely Loyal (No Discounts Needed)
3250,26,Female,Virginia,83,32,Backpack,Accessories,M,Pink,Summer,3.4,No,Express,Credit Card,Quarterly,No,No,50.47959183673469,Medium Loyalty,Mixed Behavior
3251,23,Female,Minnesota,90,15,Coat,Outerwear,M,Teal,Spring,2.9,No,2-Day Shipping,Venmo,Weekly,No,No,53.57142857142857,High Loyalty,Genuinely Loyal (No Discounts Needed)
3252,25,Female,Nevada,20,39,Coat,Outerwear,M,Gold,Winter,3.7,No,Standard,Venmo,Quarterly,No,No,23.265306122448976,Low Loyalty,"At Risk (Low Value, No Discounts)"
3253,69,Female,Montana,21,48,Sandals,Footwear,L,Brown,Spring,2.7,No,Store Pickup,Credit Card,Fortnightly,No,No,37.27551020408163,Medium Loyalty,Mixed Behavior
3254,36,Female,Nebraska,60,8,Backpack,Accessories,M,Brown,Fall,3.2,No,2-Day Shipping,Venmo,Fortnightly,No,No,32.285714285714285,Low Loyalty,"At Risk (Low Value, No Discounts)"
3255,21,Female,Indiana,31,11,Sweater,Clothing,S,Magenta,Winter,4.9,No,Store Pickup,Bank Transfer,Every 3 Months,No,No,11.622448979591837,Low Loyalty,"At Risk (Low Value, No Discounts)"
3256,57,Female,New Jersey,40,36,Shorts,Clothing,M,Black,Fall,2.8,No,Next Day Air,Bank Transfer,Monthly,No,No,37.42857142857143,Medium Loyalty,Mixed Behavior
3257,60,Female,Wisconsin,26,50,Sunglasses,Accessories,L,Teal,Winter,4.7,No,Free Shipping,Venmo,Every 3 Months,No,No,33.0,Low Loyalty,"At Risk (Low Value, No Discounts)"
3258,44,Female,Minnesota,98,39,Shirt,Clothing,M,Brown,Fall,3.3,No,Express,Venmo,Every 3 Months,No,No,62.26530612244898,High Loyalty,Genuinely Loyal (No Discounts Needed)
3259,31,Female,New Jersey,51,11,Shoes,Footwear,M,Magenta,Spring,4.3,No,Express,Credit Card,Bi-Weekly,No,No,21.622448979591837,Low Loyalty,"At Risk (Low Value, No Discounts)"
3260,57,Female,Oklahoma,95,5,Hat,Accessories,XL,Indigo,Fall,3.7,No,2-Day Shipping,Debit Card,Every 3 Months,No,No,39.94897959183674,Medium Loyalty,Mixed Behavior
3261,39,Female,Wisconsin,36,7,Scarf,Accessories,M,Violet,Summer,4.5,No,2-Day Shipping,Credit Card,Annually,No,No,14.673469387755103,Low Loyalty,"At Risk (Low Value, No Discounts)"
3262,48,Female,Rhode Island,52,50,Belt,Accessories,L,Cyan,Winter,3.4,No,Store Pickup,Debit Card,Weekly,No,No,56.00000000000001,High Loyalty,Genuinely Loyal (No Discounts Needed)
3263,42,Female,Indiana,35,21,T-shirt,Clothing,M,Violet,Spring,2.7,No,Standard,Cash,Every 3 Months,No,No,19.74489795918367,Low Loyalty,"At Risk (Low Value, No Discounts)"
3264,56,Female,Vermont,68,31,Shorts,Clothing,S,Black,Fall,4.4,No,Express,Debit Card,Fortnightly,No,No,50.36734693877551,Medium Loyalty,Mixed Behavior
3265,28,Female,Maine,50,39,Pants,Clothing,S,Charcoal,Winter,4.0,No,Express,Cash,Bi-Weekly,No,No,38.265306122448976,Medium Loyalty,Mixed Behavior
3266,40,Female,Alabama,100,28,Sunglasses,Accessories,M,White,Winter,3.2,No,Express,Credit Card,Fortnightly,No,No,64.53061224489795,High Loyalty,Genuinely Loyal (No Discounts Needed)
3267,49,Female,Alabama,74,33,Coat,Outerwear,S,Gray,Winter,4.2,No,Next Day Air,Bank Transfer,Weekly,No,No,56.59183673469388,High Loyalty,Genuinely Loyal (No Discounts Needed)
3268,37,Female,Idaho,45,42,Hoodie,Clothing,L,Pink,Winter,3.0,No,Store Pickup,Credit Card,Quarterly,No,No,37.60204081632653,Medium Loyalty,Mixed Behavior
3269,22,Female,Arkansas,97,5,Dress,Clothing,M,Cyan,Fall,2.8,No,Free Shipping,Bank Transfer,Every 3 Months,No,No,40.948979591836746,Medium Loyalty,Mixed Behavior
3270,27,Female,Ohio,60,25,Blouse,Clothing,M,Blue,Winter,4.9,No,Express,Cash,Monthly,No,No,40.69387755102041,Medium Loyalty,Mixed Behavior
3271,59,Female,Illinois,25,48,Socks,Clothing,M,Indigo,Winter,4.7,No,Express,PayPal,Annually,No,No,34.27551020408163,Medium Loyalty,Mixed Behavior
3272,35,Female,Nevada,55,30,Socks,Clothing,XL,Magenta,Spring,4.4,No,Standard,Credit Card,Weekly,No,No,45.25510204081632,Medium Loyalty,Mixed Behavior
3273,58,Female,Texas,99,34,Shoes,Footwear,M,Lavender,Winter,3.1,No,Next Day Air,PayPal,Quarterly,No,No,59.70408163265306,High Loyalty,Genuinely Loyal (No Discounts Needed)
3274,58,Female,Nevada,45,34,Belt,Accessories,S,Orange,Summer,2.6,No,Free Shipping,PayPal,Every 3 Months,No,No,32.70408163265306,Low Loyalty,"At Risk (Low Value, No Discounts)"
3275,46,Female,Oklahoma,20,14,Sweater,Clothing,M,Cyan,Spring,3.9,No,Store Pickup,Cash,Fortnightly,No,No,15.959183673469388,Low Loyalty,"At Risk (Low Value, No Discounts)"
3276,43,Female,Alabama,88,2,Pants,Clothing,XL,Green,Summer,2.6,No,2-Day Shipping,Debit Card,Weekly,No,No,44.612244897959194,Medium Loyalty,Mixed Behavior
3277,39,Female,South Dakota,99,41,Scarf,Accessories,M,White,Summer,4.0,No,Store Pickup,PayPal,Every 3 Months,No,No,63.98979591836734,High Loyalty,Genuinely Loyal (No Discounts Needed)
3278,59,Female,Texas,86,3,Skirt,Clothing,M,Blue,Spring,4.9,No,Store Pickup,Credit Card,Monthly,No,No,40.224489795918366,Medium Loyalty,Mixed Behavior
3279,59,Female,Montana,70,18,Dress,Clothing,M,Black,Summer,3.3,No,2-Day Shipping,Bank Transfer,Weekly,No,No,45.40816326530612,Medium Loyalty,Mixed Behavior
3280,59,Female,Wyoming,50,1,Hat,Accessories,S,Red,Fall,3.0,No,Express,Debit Card,Fortnightly,No,No,23.000000000000004,Low Loyalty,"At Risk (Low Value, No Discounts)"
3281,45,Female,New York,57,5,Handbag,Accessories,L,Red,Winter,2.7,No,Next Day Air,PayPal,Monthly,No,No,26.948979591836736,Low Loyalty,"At Risk (Low Value, No Discounts)"
3282,27,Female,Oregon,69,41,Pants,Clothing,L,Gold,Winter,3.1,No,Free Shipping,Bank Transfer,Annually,No,No,51.98979591836734,Medium Loyalty,Mixed Behavior
3283,24,Female,California,94,5,T-shirt,Clothing,M,Red,Fall,4.8,No,Next Day Air,Credit Card,Monthly,No,No,45.44897959183674,Medium Loyalty,Mixed Behavior
3284,47,Female,North Carolina,24,10,Jacket,Outerwear,L,Purple,Spring,2.9,No,Express,Debit Card,Every 3 Months,No,No,7.510204081632654,Low Loyalty,"At Risk (Low Value, No Discounts)"
3285,70,Female,Kentucky,79,20,Scarf,Accessories,L,White,Spring,4.5,No,2-Day Shipping,Venmo,Annually,No,No,44.13265306122449,Medium Loyalty,Mixed Behavior
3286,58,Female,Hawaii,31,11,Hat,Accessories,XL,Magenta,Fall,4.6,No,Free Shipping,Cash,Weekly,No,No,21.622448979591837,Low Loyalty,"At Risk (Low Value, No Discounts)"
3287,45,Female,Illinois,67,4,Jacket,Outerwear,L,Pink,Winter,5.0,No,Express,Venmo,Fortnightly,No,No,33.33673469387755,Low Loyalty,"At Risk (Low Value, No Discounts)"
3288,24,Female,West Virginia,63,38,Skirt,Clothing,L,Black,Spring,4.3,No,2-Day Shipping,Credit Card,Weekly,No,No,54.1530612244898,High Loyalty,Genuinely Loyal (No Discounts Needed)
3289,67,Female,South Carolina,61,19,Handbag,Accessories,XL,White,Spring,4.9,No,Next Day Air,Credit Card,Bi-Weekly,No,No,31.520408163265312,Low Loyalty,"At Risk (Low Value, No Discounts)"
3290,31,Female,Montana,50,16,Backpack,Accessories,M,Maroon,Summer,4.0,No,2-Day Shipping,Venmo,Every 3 Months,No,No,24.183673469387756,Low Loyalty,"At Risk (Low Value, No Discounts)"
3291,52,Female,North Dakota,82,2,Coat,Outerwear,L,Black,Spring,3.1,No,Free Shipping,PayPal,Monthly,No,No,37.612244897959194,Medium Loyalty,Mixed Behavior
3292,29,Female,New Mexico,51,11,Belt,Accessories,L,Olive,Fall,2.6,No,2-Day Shipping,Cash,Monthly,No,No,27.62244897959184,Low Loyalty,"At Risk (Low Value, No Discounts)"
3293,62,Female,Missouri,23,18,Handbag,Accessories,L,Gray,Spring,4.9,No,Standard,Bank Transfer,Fortnightly,No,No,19.908163265306122,Low Loyalty,"At Risk (Low Value, No Discounts)"
3294,19,Female,West Virginia,91,47,Coat,Outerwear,M,Gold,Spring,3.5,No,2-Day Shipping,Credit Card,Fortnightly,No,No,71.66326530612245,High Loyalty,Genuinely Loyal (No Discounts Needed)
3295,62,Female,South Carolina,60,15,Sweater,Clothing,S,Magenta,Spring,4.5,No,Store Pickup,Bank Transfer,Bi-Weekly,No,No,28.57142857142857,Low Loyalty,"At Risk (Low Value, No Discounts)"
3296,70,Female,West Virginia,34,15,Blouse,Clothing,S,Lavender,Summer,2.8,No,Next Day Air,Cash,Weekly,No,No,25.571428571428566,Low Loyalty,"At Risk (Low Value, No Discounts)"
3297,20,Female,Alaska,23,47,Blouse,Clothing,M,Green,Spring,4.2,No,Next Day Air,Venmo,Quarterly,No,No,29.66326530612245,Low Loyalty,"At Risk (Low Value, No Discounts)"
3298,67,Female,West Virginia,82,47,Belt,Accessories,M,Violet,Fall,4.1,No,Free Shipping,PayPal,Monthly,No,No,65.16326530612247,High Loyalty,Genuinely Loyal (No Discounts Needed)
3299,65,Female,New Mexico,73,6,Jacket,Outerwear,M,Brown,Fall,3.5,No,Express,Bank Transfer,Every 3 Months,No,No,29.561224489795922,Low Loyalty,"At Risk (Low Value, No Discounts)"
3300,45,Female,South Dakota,32,18,Shorts,Clothing,L,Teal,Spring,4.0,No,2-Day Shipping,Venmo,Monthly,No,No,22.408163265306122,Low Loyalty,"At Risk (Low Value, No Discounts)"
3301,26,Female,Oklahoma,80,40,Hat,Accessories,M,Charcoal,Spring,4.0,No,Express,Bank Transfer,Bi-Weekly,No,No,53.87755102040816,High Loyalty,Genuinely Loyal (No Discounts Needed)
3302,36,Female,Oklahoma,58,31,Pants,Clothing,XL,Charcoal,Summer,2.5,No,Free Shipping,Credit Card,Fortnightly,No,No,45.36734693877552,Medium Loyalty,Mixed Behavior
3303,36,Female,Alabama,82,31,Blouse,Clothing,XL,Beige,Winter,4.2,No,Standard,Venmo,Bi-Weekly,No,No,49.36734693877551,Medium Loyalty,Mixed Behavior
3304,20,Female,Mississippi,60,4,Belt,Accessories,S,Turquoise,Summer,3.4,No,Next Day Air,Credit Card,Fortnightly,No,No,29.836734693877553,Low Loyalty,"At Risk (Low Value, No Discounts)"
3305,30,Female,Mississippi,79,36,Handbag,Accessories,XL,Orange,Fall,4.8,No,Next Day Air,Bank Transfer,Every 3 Months,No,No,50.92857142857143,Medium Loyalty,Mixed Behavior
3306,34,Female,Nebraska,41,31,Hoodie,Clothing,L,Cyan,Summer,4.9,No,Standard,PayPal,Bi-Weekly,No,No,28.867346938775505,Low Loyalty,"At Risk (Low Value, No Discounts)"
3307,63,Female,Colorado,39,6,Jacket,Outerwear,L,Orange,Summer,3.6,No,Store Pickup,Venmo,Fortnightly,No,No,20.561224489795922,Low Loyalty,"At Risk (Low Value, No Discounts)"
3308,18,Female,Pennsylvania,36,1,Scarf,Accessories,S,Green,Winter,4.0,No,Store Pickup,Cash,Monthly,No,No,14.000000000000002,Low Loyalty,"At Risk (Low Value, No Discounts)"
3309,55,Female,Utah,70,29,Jeans,Clothing,M,Pink,Fall,2.6,No,Express,Cash,Monthly,No,No,48.14285714285714,Medium Loyalty,Mixed Behavior
3310,48,Female,Massachusetts,47,19,Handbag,Accessories,M,Blue,Summer,3.1,No,Store Pickup,PayPal,Monthly,No,No,30.520408163265305,Low Loyalty,"At Risk (Low Value, No Discounts)"
3311,45,Female,Iowa,27,12,Jacket,Outerwear,M,Pink,Winter,3.6,No,Free Shipping,PayPal,Fortnightly,No,No,18.234693877551024,Low Loyalty,"At Risk (Low Value, No Discounts)"
3312,29,Female,Florida,52,18,Hat,Accessories,L,Blue,Summer,4.0,No,Express,Bank Transfer,Annually,No,No,29.40816326530612,Low Loyalty,"At Risk (Low Value, No Discounts)"
3313,55,Female,Louisiana,75,45,Sneakers,Footwear,L,Black,Summer,3.9,No,Next Day Air,Cash,Quarterly,No,No,54.43877551020408,High Loyalty,Genuinely Loyal (No Discounts Needed)
3314,55,Female,Kansas,30,45,Hat,Accessories,XL,Black,Fall,3.9,No,Express,Credit Card,Monthly,No,No,37.938775510204074,Medium Loyalty,Mixed Behavior
3315,55,Female,Kansas,94,8,Socks,Clothing,M,Violet,Spring,3.3,No,Standard,Credit Card,Quarterly,No,No,41.28571428571429,Medium Loyalty,Mixed Behavior
3316,48,Female,Kentucky,68,4,Scarf,Accessories,S,Gold,Summer,2.9,No,Standard,PayPal,Every 3 Months,No,No,25.836734693877556,Low Loyalty,"At Risk (Low Value, No Discounts)"
3317,42,Female,New Mexico,45,5,Socks,Clothing,M,Olive,Summer,3.1,No,Free Shipping,Debit Card,Fortnightly,No,No,22.948979591836736,Low Loyalty,"At Risk (Low Value, No Discounts)"
3318,21,Female,North Carolina,67,30,Hat,Accessories,XL,Pink,Summer,4.7,No,Standard,Cash,Quarterly,No,No,41.255102040816325,Medium Loyalty,Mixed Behavior
3319,45,Female,North Dakota,46,15,Jacket,Outerwear,M,Olive,Summer,3.9,No,Free Shipping,PayPal,Monthly,No,No,27.57142857142857,Low Loyalty,"At Risk (Low Value, No Discounts)"
3320,23,Female,North Dakota,31,17,Shorts,Clothing,M,Indigo,Summer,4.3,No,Next Day Air,Credit Card,Every 3 Months,No,No,15.295918367346939,Low Loyalty,"At Risk (Low Value, No Discounts)"
3321,66,Female,Illinois,44,45,Blouse,Clothing,XL,Silver,Fall,4.2,No,2-Day Shipping,Cash,Every 3 Months,No,No,38.93877551020408,Medium Loyalty,Mixed Behavior
3322,32,Female,Maine,100,3,Coat,Outerwear,S,Charcoal,Winter,4.3,No,Next Day Air,Venmo,Annually,No,No,44.224489795918366,Medium Loyalty,Mixed Behavior
3323,52,Female,Indiana,92,43,Sweater,Clothing,XL,Orange,Winter,4.6,No,Next Day Air,PayPal,Weekly,No,No,71.71428571428572,High Loyalty,Genuinely Loyal (No Discounts Needed)
3324,54,Female,North Dakota,78,4,Handbag,Accessories,M,Yellow,Winter,3.8,No,Free Shipping,Credit Card,Monthly,No,No,36.83673469387755,Medium Loyalty,Mixed Behavior
3325,37,Female,Missouri,32,41,T-shirt,Clothing,S,Red,Fall,3.3,No,Standard,Venmo,Weekly,No,No,40.48979591836734,Medium Loyalty,Mixed Behavior
3326,29,Female,Alaska,97,16,Sandals,Footwear,M,Maroon,Fall,3.7,No,2-Day Shipping,Venmo,Monthly,No,No,53.68367346938776,High Loyalty,Genuinely Loyal (No Discounts Needed)
3327,47,Female,North Dakota,95,10,Gloves,Accessories,M,Magenta,Summer,4.3,No,Standard,Debit Card,Annually,No,No,46.01020408163266,Medium Loyalty,Mixed Behavior
3328,47,Female,Connecticut,64,2,Shorts,Clothing,M,Black,Spring,4.1,No,Express,Debit Card,Quarterly,No,No,22.612244897959187,Low Loyalty,"At Risk (Low Value, No Discounts)"
3329,42,Female,Wisconsin,35,11,Sandals,Footwear,M,Violet,Spring,3.2,No,Free Shipping,Cash,Bi-Weekly,No,No,13.622448979591836,Low Loyalty,"At Risk (Low Value, No Discounts)"
3330,34,Female,New Jersey,54,1,Backpack,Accessories,M,Gray,Winter,3.8,No,Express,Debit Card,Bi-Weekly,No,No,17.000000000000004,Low Loyalty,"At Risk (Low Value, No Discounts)"
3331,38,Female,Missouri,96,41,Sneakers,Footwear,M,Black,Spring,3.2,No,2-Day Shipping,Bank Transfer,Quarterly,No,No,62.48979591836735,High Loyalty,Genuinely Loyal (No Discounts Needed)
3332,55,Female,California,58,39,Sunglasses,Accessories,M,Pink,Summer,3.5,No,Free Shipping,PayPal,Quarterly,No,No,42.26530612244898,Medium Loyalty,Mixed Behavior
3333,27,Female,Washington,23,1,T-shirt,Clothing,M,Silver,Summer,3.1,No,2-Day Shipping,PayPal,Bi-Weekly,No,No,1.5000000000000013,Low Loyalty,"At Risk (Low Value, No Discounts)"
3334,55,Female,Minnesota,35,3,Jeans,Clothing,M,Violet,Spring,4.2,No,Express,PayPal,Monthly,No,No,14.72448979591837,Low Loyalty,"At Risk (Low Value, No Discounts)"
3335,66,Female,California,23,21,Shirt,Clothing,M,Beige,Summer,3.4,No,Free Shipping,Credit Card,Annually,No,No,16.74489795918367,Low Loyalty,"At Risk (Low Value, No Discounts)"
3336,44,Female,Texas,94,48,Hat,Accessories,XL,Cyan,Winter,3.5,No,Express,Bank Transfer,Quarterly,No,No,65.77551020408163,High Loyalty,Genuinely Loyal (No Discounts Needed)
3337,39,Female,Montana,45,24,Blouse,Clothing,M,Brown,Fall,4.0,No,Free Shipping,Debit Card,Annually,No,No,29.58163265306123,Low Loyalty,"At Risk (Low Value, No Discounts)"
3338,23,Female,Arizona,23,45,Jacket,Outerwear,L,Blue,Winter,4.4,No,2-Day Shipping,Bank Transfer,Bi-Weekly,No,No,28.438775510204078,Low Loyalty,"At Risk (Low Value, No Discounts)"
3339,29,Female,Minnesota,94,46,Skirt,Clothing,L,White,Winter,2.9,No,2-Day Shipping,Credit Card,Monthly,No,No,70.55102040816328,High Loyalty,Genuinely Loyal (No Discounts Needed)
3340,20,Female,Nebraska,99,35,Gloves,Accessories,M,Cyan,Fall,3.6,No,Store Pickup,Cash,Fortnightly,No,No,68.31632653061223,High Loyalty,Genuinely Loyal (No Discounts Needed)
3341,42,Female,Virginia,36,47,T-shirt,Clothing,XL,Maroon,Fall,4.4,No,Free Shipping,Credit Card,Fortnightly,No,No,44.163265306122454,Medium Loyalty,Mixed Behavior
3342,55,Female,Connecticut,50,35,Jacket,Outerwear,XL,Olive,Summer,4.5,No,Standard,Credit Card,Monthly,No,No,41.816326530612244,Medium Loyalty,Mixed Behavior
3343,66,Female,New Jersey,81,45,Jacket,Outerwear,M,Violet,Spring,3.8,No,Free Shipping,Credit Card,Weekly,No,No,67.43877551020407,High Loyalty,Genuinely Loyal (No Discounts Needed)
3344,24,Female,Kentucky,31,6,Shorts,Clothing,XL,Green,Winter,3.6,No,2-Day Shipping,Cash,Bi-Weekly,No,No,8.561224489795919,Low Loyalty,"At Risk (Low Value, No Discounts)"
3345,62,Female,Washington,48,20,Hat,Accessories,XL,Magenta,Fall,4.3,No,Free Shipping,Cash,Annually,No,No,28.632653061224488,Low Loyalty,"At Risk (Low Value, No Discounts)"
3346,28,Female,Florida,91,3,Handbag,Accessories,M,Turquoise,Summer,4.0,No,2-Day Shipping,Venmo,Bi-Weekly,No,No,36.724489795918366,Medium Loyalty,Mixed Behavior
3347,30,Female,Oklahoma,99,30,Jeans,Clothing,M,Black,Summer,3.4,No,Express,Venmo,Quarterly,No,No,57.25510204081632,High Loyalty,Genuinely Loyal (No Discounts Needed)
3348,22,Female,Iowa,70,28,Shoes,Footwear,XL,Cyan,Summer,4.4,No,Standard,PayPal,Bi-Weekly,No,No,41.53061224489796,Medium Loyalty,Mixed Behavior
3349,28,Female,New Hampshire,74,15,T-shirt,Clothing,L,Gray,Winter,2.8,No,Standard,Cash,Every 3 Months,No,No,35.57142857142857,Medium Loyalty,Mixed Behavior
3350,35,Female,Georgia,79,29,Jewelry,Accessories,M,Red,Fall,2.8,No,Store Pickup,PayPal,Quarterly,No,No,46.64285714285714,Medium Loyalty,Mixed Behavior
3351,45,Female,Mississippi,33,15,Handbag,Accessories,S,Olive,Fall,4.9,No,2-Day Shipping,Cash,Bi-Weekly,No,No,15.07142857142857,Low Loyalty,"At Risk (Low Value, No Discounts)"
3352,43,Female,New Hampshire,49,18,Shirt,Clothing,L,Cyan,Spring,4.2,No,2-Day Shipping,Bank Transfer,Fortnightly,No,No,32.90816326530612,Low Loyalty,"At Risk (Low Value, No Discounts)"
3353,55,Female,Washington,96,7,Belt,Accessories,M,Teal,Summer,2.9,No,Next Day Air,Bank Transfer,Bi-Weekly,No,No,41.67346938775511,Medium Loyalty,Mixed Behavior
3354,31,Female,Ohio,66,19,Dress,Clothing,L,Teal,Fall,4.6,No,Free Shipping,Credit Card,Every 3 Months,No,No,34.02040816326531,Medium Loyalty,Mixed Behavior
3355,42,Female,Maryland,45,15,Skirt,Clothing,M,Orange,Fall,2.8,No,Next Day Air,PayPal,Weekly,No,No,31.071428571428573,Low Loyalty,"At Risk (Low Value, No Discounts)"
3356,40,Female,Delaware,28,3,Blouse,Clothing,M,Peach,Spring,2.6,No,Store Pickup,Bank Transfer,Bi-Weekly,No,No,5.224489795918369,Low Loyalty,"At Risk (Low Value, No Discounts)"
3357,39,Female,Tennessee,48,13,Jeans,Clothing,M,Silver,Summer,3.5,No,Store Pickup,PayPal,Bi-Weekly,No,No,21.346938775510207,Low Loyalty,"At Risk (Low Value, No Discounts)"
3358,41,Female,Arkansas,67,37,Hoodie,Clothing,M,Pink,Winter,3.5,No,Free Shipping,Credit Card,Monthly,No,No,51.5408163265306,Medium Loyalty,Mixed Behavior
3359,56,Female,Tennessee,59,26,T-shirt,Clothing,M,Magenta,Fall,3.4,No,2-Day Shipping,Cash,Annually,No,No,37.80612244897959,Medium Loyalty,Mixed Behavior
3360,43,Female,New Hampshire,74,29,Sunglasses,Accessories,L,Red,Fall,3.9,No,Next Day Air,Debit Card,Monthly,No,No,50.14285714285713,Medium Loyalty,Mixed Behavior
3361,22,Female,Minnesota,81,47,Jacket,Outerwear,M,Maroon,Spring,3.3,No,2-Day Shipping,Cash,Every 3 Months,No,No,58.66326530612245,High Loyalty,Genuinely Loyal (No Discounts Needed)
3362,47,Female,Florida,26,47,Shoes,Footwear,M,Silver,Spring,4.1,No,Free Shipping,Credit Card,Bi-Weekly,No,No,31.16326530612245,Low Loyalty,"At Risk (Low Value, No Discounts)"
3363,50,Female,Tennessee,61,48,Handbag,Accessories,M,Gray,Summer,3.0,No,Next Day Air,Venmo,Fortnightly,No,No,57.275510204081634,High Loyalty,Genuinely Loyal (No Discounts Needed)
3364,58,Female,California,23,46,Sweater,Clothing,M,Turquoise,Winter,3.0,No,Next Day Air,Bank Transfer,Bi-Weekly,No,No,29.051020408163264,Low Loyalty,"At Risk (Low Value, No Discounts)"
3365,50,Female,Oregon,33,7,Scarf,Accessories,M,Peach,Fall,3.2,No,Standard,Credit Card,Monthly,No,No,16.1734693877551,Low Loyalty,"At Risk (Low Value, No Discounts)"
3366,43,Female,Tennessee,58,45,Skirt,Clothing,L,Teal,Fall,3.9,No,Express,Credit Card,Every 3 Months,No,No,45.93877551020408,Medium Loyalty,Mixed Behavior
3367,38,Female,North Carolina,65,47,Gloves,Accessories,M,Red,Spring,3.6,No,2-Day Shipping,Debit Card,Quarterly,No,No,50.663265306122454,Medium Loyalty,Mixed Behavior
3368,44,Female,Tennessee,48,6,T-shirt,Clothing,M,Blue,Summer,3.1,No,Store Pickup,Venmo,Fortnightly,No,No,25.061224489795926,Low Loyalty,"At Risk (Low Value, No Discounts)"
3369,30,Female,Nebraska,25,29,Sandals,Footwear,M,Blue,Spring,4.8,No,Express,Bank Transfer,Every 3 Months,No,No,19.64285714285714,Low Loyalty,"At Risk (Low Value, No Discounts)"
3370,47,Female,Maine,51,42,Sweater,Clothing,M,Indigo,Winter,3.8,No,2-Day Shipping,Cash,Monthly,No,No,46.60204081632653,Medium Loyalty,Mixed Behavior
3371,30,Female,Illinois,31,46,Belt,Accessories,M,Charcoal,Summer,2.8,No,Store Pickup,Cash,Fortnightly,No,No,41.05102040816326,Medium Loyalty,Mixed Behavior
3372,49,Female,Colorado,99,28,Hoodie,Clothing,S,Turquoise,Winter,4.0,No,Next Day Air,PayPal,Annually,No,No,59.03061224489796,High Loyalty,Genuinely Loyal (No Discounts Needed)
3373,56,Female,Pennsylvania,25,14,Socks,Clothing,M,Maroon,Winter,4.6,No,Free Shipping,Credit Card,Every 3 Months,No,No,10.459183673469386,Low Loyalty,"At Risk (Low Value, No Discounts)"
3374,70,Female,Minnesota,52,12,Sandals,Footwear,M,Purple,Spring,3.5,No,Store Pickup,Debit Card,Every 3 Months,No,No,22.734693877551024,Low Loyalty,"At Risk (Low Value, No Discounts)"
3375,22,Female,Nevada,47,41,Blouse,Clothing,S,Lavender,Spring,3.7,No,2-Day Shipping,Debit Card,Annually,No,No,40.98979591836734,Medium Loyalty,Mixed Behavior
3376,51,Female,Connecticut,98,8,Boots,Footwear,XL,Yellow,Fall,4.9,No,Express,Credit Card,Annually,No,No,46.2857142857143,Medium Loyalty,Mixed Behavior
3377,22,Female,Ohio,46,24,Hat,Accessories,M,Green,Winter,4.1,No,Store Pickup,Cash,Quarterly,No,No,27.081632653061227,Low Loyalty,"At Risk (Low Value, No Discounts)"
3378,37,Female,Kentucky,32,18,Shirt,Clothing,M,Yellow,Winter,4.6,No,Next Day Air,PayPal,Fortnightly,No,No,24.408163265306122,Low Loyalty,"At Risk (Low Value, No Discounts)"
3379,49,Female,Minnesota,75,6,Shorts,Clothing,L,Gold,Fall,4.5,No,Next Day Air,Cash,Quarterly,No,No,30.56122448979592,Low Loyalty,"At Risk (Low Value, No Discounts)"
3380,61,Female,Tennessee,51,40,Handbag,Accessories,L,Turquoise,Summer,5.0,No,Store Pickup,Cash,Weekly,No,No,49.37755102040816,Medium Loyalty,Mixed Behavior
3381,41,Female,North Dakota,52,6,Dress,Clothing,L,Blue,Summer,3.8,No,Standard,PayPal,Every 3 Months,No,No,19.061224489795922,Low Loyalty,"At Risk (Low Value, No Discounts)"
3382,57,Female,Minnesota,66,27,Hat,Accessories,L,Turquoise,Winter,4.7,No,Standard,Credit Card,Quarterly,No,No,38.91836734693877,Medium Loyalty,Mixed Behavior
3383,34,Female,Nebraska,35,2,Sweater,Clothing,M,Maroon,Spring,2.8,No,Express,Bank Transfer,Weekly,No,No,18.112244897959183,Low Loyalty,"At Risk (Low Value, No Discounts)"
3384,27,Female,Delaware,43,39,Coat,Outerwear,M,Pink,Fall,2.6,No,Next Day Air,Venmo,Bi-Weekly,No,No,34.765306122448976,Medium Loyalty,Mixed Behavior
3385,39,Female,Minnesota,24,9,Hoodie,Clothing,L,Maroon,Summer,3.8,No,Free Shipping,Venmo,Quarterly,No,No,6.897959183673471,Low Loyalty,"At Risk (Low Value, No Discounts)"
3386,62,Female,Rhode Island,83,16,Jewelry,Accessories,M,Olive,Winter,2.8,No,Standard,Credit Card,Every 3 Months,No,No,40.68367346938776,Medium Loyalty,Mixed Behavior
3387,34,Female,Michigan,62,36,T-shirt,Clothing,M,Lavender,Fall,2.6,No,2-Day Shipping,Cash,Quarterly,No,No,42.42857142857142,Medium Loyalty,Mixed Behavior
3388,53,Female,New Jersey,78,2,Pants,Clothing,S,Pink,Spring,3.4,No,2-Day Shipping,Credit Card,Bi-Weekly,No,No,29.61224489795919,Low Loyalty,"At Risk (Low Value, No Discounts)"
3389,35,Female,South Dakota,61,21,Sweater,Clothing,M,Cyan,Spring,4.5,No,Store Pickup,Credit Card,Weekly,No,No,42.74489795918368,Medium Loyalty,Mixed Behavior
3390,38,Female,North Carolina,57,39,Pants,Clothing,L,Maroon,Fall,3.8,No,Free Shipping,Venmo,Annually,No,No,44.765306122448976,Medium Loyalty,Mixed Behavior
3391,32,Female,Oregon,70,38,Socks,Clothing,S,Red,Summer,3.0,No,Next Day Air,PayPal,Annually,No,No,50.65306122448979,Medium Loyalty,Mixed Behavior
3392,47,Female,Montana,57,6,Hoodie,Clothing,M,Silver,Fall,3.7,No,2-Day Shipping,Debit Card,Every 3 Months,No,No,21.561224489795922,Low Loyalty,"At Risk (Low Value, No Discounts)"
3393,53,Female,New Jersey,74,6,Scarf,Accessories,XL,Blue,Winter,4.4,No,Free Shipping,Venmo,Bi-Weekly,No,No,30.06122448979592,Low Loyalty,"At Risk (Low Value, No Discounts)"
3394,60,Female,Arizona,90,50,Dress,Clothing,M,Gold,Fall,3.1,No,Next Day Air,Debit Card,Monthly,No,No,71.0,High Loyalty,Genuinely Loyal (No Discounts Needed)
3395,31,Female,Vermont,98,9,Sandals,Footwear,S,Yellow,Spring,4.2,No,Store Pickup,PayPal,Annually,No,No,46.89795918367348,Medium Loyalty,Mixed Behavior
3396,44,Female,Colorado,43,15,Dress,Clothing,M,Silver,Winter,3.1,No,Free Shipping,Debit Card,Every 3 Months,No,No,20.07142857142857,Low Loyalty,"At Risk (Low Value, No Discounts)"
3397,29,Female,Tennessee,37,5,Pants,Clothing,XL,Black,Winter,5.0,No,Next Day Air,PayPal,Quarterly,No,No,10.948979591836737,Low Loyalty,"At Risk (Low Value, No Discounts)"
3398,19,Female,New Jersey,38,13,Blouse,Clothing,L,Yellow,Summer,2.7,No,Standard,Bank Transfer,Bi-Weekly,No,No,16.346938775510207,Low Loyalty,"At Risk (Low Value, No Discounts)"
3399,54,Female,Montana,60,44,Jeans,Clothing,L,Pink,Winter,3.8,No,Standard,Cash,Fortnightly,No,No,54.326530612244895,High Loyalty,Genuinely Loyal (No Discounts Needed)
3400,40,Female,Montana,55,36,Pants,Clothing,XL,Yellow,Winter,3.3,No,Standard,Debit Card,Annually,No,No,41.92857142857142,Medium Loyalty,Mixed Behavior
3401,39,Female,Nevada,51,18,Sunglasses,Accessories,M,Lavender,Fall,4.8,No,Free Shipping,Venmo,Fortnightly,No,No,33.90816326530612,Medium Loyalty,Mixed Behavior
3402,44,Female,Nevada,71,39,Backpack,Accessories,L,Peach,Winter,3.4,No,Standard,Credit Card,Weekly,No,No,58.765306122448976,High Loyalty,Genuinely Loyal (No Discounts Needed)
3403,22,Female,Louisiana,61,11,Hoodie,Clothing,M,Black,Spring,4.4,No,2-Day Shipping,PayPal,Every 3 Months,No,No,26.62244897959184,Low Loyalty,"At Risk (Low Value, No Discounts)"
3404,30,Female,Illinois,65,1,Boots,Footwear,M,Olive,Summer,3.9,No,Standard,Cash,Bi-Weekly,No,No,22.5,Low Loyalty,"At Risk (Low Value, No Discounts)"
3405,69,Female,South Carolina,34,34,Gloves,Accessories,L,Olive,Fall,3.9,No,2-Day Shipping,Credit Card,Annually,No,No,30.204081632653057,Low Loyalty,"At Risk (Low Value, No Discounts)"
3406,28,Female,Washington,87,47,Blouse,Clothing,M,White,Summer,4.2,No,Store Pickup,Bank Transfer,Bi-Weekly,No,No,61.66326530612245,High Loyalty,Genuinely Loyal (No Discounts Needed)
3407,57,Female,Nebraska,79,24,Sweater,Clothing,M,Red,Spring,4.0,No,Store Pickup,Venmo,Quarterly,No,No,43.581632653061234,Medium Loyalty,Mixed Behavior
3408,46,Female,Alabama,46,20,Dress,Clothing,S,Purple,Spring,2.6,No,Store Pickup,Cash,Quarterly,No,No,24.63265306122449,Low Loyalty,"At Risk (Low Value, No Discounts)"
3409,48,Female,Montana,72,11,Socks,Clothing,L,Purple,Summer,4.4,No,Standard,Bank Transfer,Annually,No,No,35.12244897959184,Medium Loyalty,Mixed Behavior
3410,24,Female,Minnesota,93,3,Shirt,Clothing,M,Teal,Summer,3.2,No,Next Day Air,Credit Card,Every 3 Months,No,No,37.72448979591837,Medium Loyalty,Mixed Behavior
3411,50,Female,Ohio,76,38,Sandals,Footwear,L,Teal,Summer,4.3,No,Free Shipping,Bank Transfer,Bi-Weekly,No,No,50.65306122448979,Medium Loyalty,Mixed Behavior
3412,29,Female,New York,56,45,Shoes,Footwear,L,Gray,Winter,4.9,No,2-Day Shipping,Cash,Weekly,No,No,54.93877551020409,High Loyalty,Genuinely Loyal (No Discounts Needed)
3413,61,Female,Indiana,83,31,Sandals,Footwear,M,Magenta,Fall,3.8,No,Store Pickup,Venmo,Quarterly,No,No,49.86734693877551,Medium Loyalty,Mixed Behavior
3414,34,Female,Delaware,90,16,Gloves,Accessories,XL,Black,Winter,2.5,No,Express,PayPal,Bi-Weekly,No,No,44.183673469387756,Medium Loyalty,Mixed Behavior
3415,27,Female,Connecticut,94,3,Boots,Footwear,M,Maroon,Spring,4.9,No,Next Day Air,Bank Transfer,Quarterly,No,No,38.22448979591837,Medium Loyalty,Mixed Behavior
3416,38,Female,New York,68,15,Blouse,Clothing,M,Gold,Fall,3.0,No,2-Day Shipping,Bank Transfer,Annually,No,No,35.57142857142858,Medium Loyalty,Mixed Behavior
3417,25,Female,Alabama,53,11,Sandals,Footwear,M,Purple,Spring,3.2,No,Store Pickup,Bank Transfer,Every 3 Months,No,No,22.622448979591837,Low Loyalty,"At Risk (Low Value, No Discounts)"
3418,54,Female,Massachusetts,35,22,Coat,Outerwear,M,Blue,Summer,2.9,No,2-Day Shipping,Debit Card,Fortnightly,No,No,28.357142857142858,Low Loyalty,"At Risk (Low Value, No Discounts)"
3419,53,Female,South Carolina,30,35,Jacket,Outerwear,M,Beige,Summer,2.8,No,Free Shipping,Debit Card,Annually,No,No,28.816326530612248,Low Loyalty,"At Risk (Low Value, No Discounts)"
3420,23,Female,West Virginia,26,5,Jewelry,Accessories,L,Indigo,Winter,3.1,No,Store Pickup,Venmo,Bi-Weekly,No,No,5.448979591836735,Low Loyalty,"At Risk (Low Value, No Discounts)"
3421,19,Female,Kentucky,60,35,Hat,Accessories,M,Purple,Winter,3.4,No,Express,PayPal,Bi-Weekly,No,No,40.816326530612244,Medium Loyalty,Mixed Behavior
3422,57,Female,New Jersey,30,27,Shoes,Footwear,M,Maroon,Summer,2.9,No,Free Shipping,PayPal,Weekly,No,No,30.91836734693877,Low Loyalty,"At Risk (Low Value, No Discounts)"
3423,19,Female,New York,91,9,Coat,Outerwear,L,Beige,Winter,3.2,No,Next Day Air,Venmo,Monthly,No,No,46.397959183673464,Medium Loyalty,Mixed Behavior
3424,33,Female,Massachusetts,71,21,Boots,Footwear,M,Brown,Spring,3.8,No,Next Day Air,PayPal,Bi-Weekly,No,No,37.744897959183675,Medium Loyalty,Mixed Behavior
3425,33,Female,Florida,64,23,Scarf,Accessories,L,Green,Summer,3.6,No,2-Day Shipping,Credit Card,Monthly,No,No,41.46938775510204,Medium Loyalty,Mixed Behavior
3426,38,Female,Michigan,54,3,Hat,Accessories,M,Blue,Summer,4.3,No,Next Day Air,Debit Card,Bi-Weekly,No,No,18.224489795918373,Low Loyalty,"At Risk (Low Value, No Discounts)"
3427,47,Female,Oregon,35,31,Socks,Clothing,XL,Magenta,Fall,4.8,No,2-Day Shipping,Credit Card,Annually,No,No,28.867346938775505,Low Loyalty,"At Risk (Low Value, No Discounts)"
3428,39,Female,Michigan,38,44,T-shirt,Clothing,XL,Turquoise,Winter,2.5,No,Store Pickup,Cash,Annually,No,No,38.326530612244895,Medium Loyalty,Mixed Behavior
3429,32,Female,Washington,69,20,Jewelry,Accessories,M,Gray,Fall,2.5,No,Next Day Air,Venmo,Monthly,No,No,42.13265306122449,Medium Loyalty,Mixed Behavior
3430,27,Female,Alaska,96,34,Skirt,Clothing,S,Purple,Winter,4.6,No,Express,Debit Card,Weekly,No,No,68.20408163265307,High Loyalty,Genuinely Loyal (No Discounts Needed)
3431,67,Female,Montana,73,17,Socks,Clothing,M,Lavender,Winter,4.2,No,Next Day Air,Bank Transfer,Every 3 Months,No,No,36.29591836734695,Medium Loyalty,Mixed Behavior
3432,46,Female,New Mexico,49,20,Belt,Accessories,S,Green,Summer,4.2,No,Express,Venmo,Annually,No,No,29.132653061224488,Low Loyalty,"At Risk (Low Value, No Discounts)"
3433,36,Female,Connecticut,44,46,Boots,Footwear,M,Gray,Summer,4.8,No,2-Day Shipping,PayPal,Every 3 Months,No,No,39.55102040816326,Medium Loyalty,Mixed Behavior
3434,62,Female,Alaska,93,28,Socks,Clothing,M,Yellow,Spring,4.5,No,Free Shipping,PayPal,Annually,No,No,56.03061224489796,High Loyalty,Genuinely Loyal (No Discounts Needed)
3435,31,Female,Ohio,72,6,Pants,Clothing,S,Orange,Summer,3.3,No,2-Day Shipping,Venmo,Fortnightly,No,No,37.06122448979592,Medium Loyalty,Mixed Behavior
3436,68,Female,Montana,91,50,Socks,Clothing,M,Beige,Summer,2.7,No,2-Day Shipping,Debit Card,Bi-Weekly,No,No,65.5,High Loyalty,Genuinely Loyal (No Discounts Needed)
3437,57,Female,Nebraska,83,41,Belt,Accessories,L,Peach,Winter,2.8,No,2-Day Shipping,Bank Transfer,Monthly,No,No,61.98979591836735,High Loyalty,Genuinely Loyal (No Discounts Needed)
3438,22,Female,Oklahoma,62,50,Jacket,Outerwear,S,Green,Winter,3.5,No,2-Day Shipping,PayPal,Annually,No,No,54.0,High Loyalty,Genuinely Loyal (No Discounts Needed)
3439,26,Female,Kentucky,71,33,Shirt,Clothing,M,Violet,Fall,3.0,No,Store Pickup,Credit Card,Monthly,No,No,51.091836734693885,Medium Loyalty,Mixed Behavior
3440,43,Female,Idaho,93,25,Gloves,Accessories,M,Gray,Summer,4.5,No,Express,Venmo,Quarterly,No,No,51.19387755102041,Medium Loyalty,Mixed Behavior
3441,45,Female,Maryland,63,2,Handbag,Accessories,L,Magenta,Fall,4.3,No,2-Day Shipping,PayPal,Weekly,No,No,32.11224489795919,Low Loyalty,"At Risk (Low Value, No Discounts)"
3442,64,Female,Tennessee,96,15,Sweater,Clothing,XL,Charcoal,Fall,4.1,No,Standard,Credit Card,Annually,No,No,49.57142857142858,Medium Loyalty,Mixed Behavior
3443,28,Female,Michigan,78,12,Skirt,Clothing,M,Violet,Spring,4.3,No,Next Day Air,PayPal,Weekly,No,No,45.734693877551024,Medium Loyalty,Mixed Behavior
3444,47,Female,Tennessee,24,28,Dress,Clothing,L,Silver,Summer,5.0,No,Free Shipping,Cash,Bi-Weekly,No,No,18.53061224489796,Low Loyalty,"At Risk (Low Value, No Discounts)"
3445,53,Female,Rhode Island,63,12,Pants,Clothing,S,Green,Summer,3.8,No,2-Day Shipping,Bank Transfer,Bi-Weekly,No,No,28.234693877551027,Low Loyalty,"At Risk (Low Value, No Discounts)"
3446,42,Female,Florida,58,3,Hat,Accessories,M,Magenta,Fall,4.9,No,Standard,Debit Card,Annually,No,No,23.224489795918373,Low Loyalty,"At Risk (Low Value, No Discounts)"
3447,51,Female,Louisiana,55,20,Boots,Footwear,S,Purple,Spring,5.0,No,2-Day Shipping,Cash,Weekly,No,No,39.13265306122449,Medium Loyalty,Mixed Behavior
3448,62,Female,Arkansas,58,3,Sandals,Footwear,M,Blue,Fall,4.3,No,Express,Bank Transfer,Bi-Weekly,No,No,20.224489795918373,Low Loyalty,"At Risk (Low Value, No Discounts)"
3449,18,Female,Kentucky,28,32,Coat,Outerwear,S,Yellow,Winter,4.1,No,Express,Bank Transfer,Fortnightly,No,No,30.979591836734695,Low Loyalty,"At Risk (Low Value, No Discounts)"
3450,48,Female,Kansas,37,35,Blouse,Clothing,M,Brown,Spring,4.5,No,Standard,Cash,Monthly,No,No,35.316326530612244,Medium Loyalty,Mixed Behavior
3451,20,Female,Vermont,78,31,Shorts,Clothing,M,Pink,Spring,3.6,No,Store Pickup,PayPal,Monthly,No,No,53.36734693877552,Medium Loyalty,Mixed Behavior
3452,32,Female,Nevada,73,13,Blouse,Clothing,XL,Silver,Fall,3.0,No,Free Shipping,Credit Card,Annually,No,No,36.84693877551021,Medium Loyalty,Mixed Behavior
3453,26,Female,Oklahoma,20,3,Jacket,Outerwear,M,Indigo,Spring,3.7,No,Next Day Air,Venmo,Fortnightly,No,No,9.22448979591837,Low Loyalty,"At Risk (Low Value, No Discounts)"
3454,31,Female,Alabama,60,48,Shirt,Clothing,L,Pink,Winter,4.3,No,Standard,Venmo,Bi-Weekly,No,No,48.77551020408163,Medium Loyalty,Mixed Behavior
3455,55,Female,Louisiana,71,15,Handbag,Accessories,S,Lavender,Fall,4.6,No,Store Pickup,PayPal,Bi-Weekly,No,No,34.07142857142858,Medium Loyalty,Mixed Behavior
3456,49,Female,Ohio,89,13,T-shirt,Clothing,M,Orange,Fall,4.7,No,Standard,Venmo,Annually,No,No,44.8469387755102,Medium Loyalty,Mixed Behavior
3457,42,Female,Texas,53,21,Hoodie,Clothing,M,Red,Fall,4.6,No,Express,Venmo,Monthly,No,No,34.744897959183675,Medium Loyalty,Mixed Behavior
3458,64,Female,Maryland,87,29,Jewelry,Accessories,M,Gray,Summer,3.0,No,Express,Cash,Fortnightly,No,No,58.64285714285715,High Loyalty,Genuinely Loyal (No Discounts Needed)
3459,68,Female,West Virginia,37,24,Jewelry,Accessories,L,Violet,Spring,3.4,No,Standard,Venmo,Quarterly,No,No,22.581632653061227,Low Loyalty,"At Risk (Low Value, No Discounts)"
3460,68,Female,Ohio,37,21,Hoodie,Clothing,L,Green,Fall,3.8,No,Express,PayPal,Annually,No,No,23.74489795918367,Low Loyalty,"At Risk (Low Value, No Discounts)"
3461,41,Female,Indiana,78,5,Scarf,Accessories,M,Gold,Spring,3.1,No,Express,Bank Transfer,Bi-Weekly,No,No,31.44897959183674,Low Loyalty,"At Risk (Low Value, No Discounts)"
3462,51,Female,Wyoming,23,47,Shoes,Footwear,S,Maroon,Spring,4.4,No,Standard,Cash,Quarterly,No,No,29.66326530612245,Low Loyalty,"At Risk (Low Value, No Discounts)"
3463,44,Female,Michigan,73,34,Jeans,Clothing,L,Olive,Spring,4.5,No,Standard,Credit Card,Every 3 Months,No,No,46.704081632653065,Medium Loyalty,Mixed Behavior
3464,27,Female,Maine,27,45,Jewelry,Accessories,M,Yellow,Fall,2.8,No,2-Day Shipping,PayPal,Fortnightly,No,No,38.43877551020408,Medium Loyalty,Mixed Behavior
3465,36,Female,Utah,59,12,Coat,Outerwear,S,Peach,Winter,2.7,No,Next Day Air,PayPal,Annually,No,No,29.23469387755102,Low Loyalty,"At Risk (Low Value, No Discounts)"
3466,19,Female,Iowa,53,31,Backpack,Accessories,M,Gold,Spring,3.4,No,Standard,Debit Card,Weekly,No,No,44.86734693877551,Medium Loyalty,Mixed Behavior
3467,49,Female,Maryland,42,43,Socks,Clothing,S,Purple,Summer,4.6,No,Standard,Bank Transfer,Annually,No,No,39.714285714285715,Medium Loyalty,Mixed Behavior
3468,18,Female,Texas,45,5,Scarf,Accessories,M,Charcoal,Fall,5.0,No,Next Day Air,Credit Card,Annually,No,No,17.948979591836732,Low Loyalty,"At Risk (Low Value, No Discounts)"
3469,36,Female,Ohio,89,36,Sunglasses,Accessories,S,Indigo,Winter,3.5,No,Standard,Debit Card,Quarterly,No,No,55.92857142857143,High Loyalty,Genuinely Loyal (No Discounts Needed)
3470,36,Female,North Dakota,85,12,Socks,Clothing,L,Magenta,Fall,3.3,No,Store Pickup,Cash,Annually,No,No,42.234693877551024,Medium Loyalty,Mixed Behavior
3471,19,Female,West Virginia,69,31,Coat,Outerwear,S,Olive,Summer,4.5,No,Free Shipping,Cash,Bi-Weekly,No,No,42.867346938775505,Medium Loyalty,Mixed Behavior
3472,43,Female,North Carolina,66,31,Sandals,Footwear,S,Blue,Spring,3.1,No,Store Pickup,Cash,Bi-Weekly,No,No,41.367346938775505,Medium Loyalty,Mixed Behavior
3473,31,Female,Georgia,42,15,Blouse,Clothing,S,White,Summer,4.0,No,Free Shipping,Debit Card,Weekly,No,No,29.57142857142857,Low Loyalty,"At Risk (Low Value, No Discounts)"
3474,63,Female,Kansas,40,11,Dress,Clothing,M,Cyan,Spring,2.5,No,Express,Cash,Weekly,No,No,26.122448979591837,Low Loyalty,"At Risk (Low Value, No Discounts)"
3475,41,Female,Maine,82,18,Pants,Clothing,M,Cyan,Winter,4.4,No,Store Pickup,Venmo,Monthly,No,No,47.40816326530612,Medium Loyalty,Mixed Behavior
3476,48,Female,South Carolina,88,9,Sneakers,Footwear,M,Orange,Spring,4.4,No,Express,Cash,Quarterly,No,No,38.89795918367348,Medium Loyalty,Mixed Behavior
3477,68,Female,South Carolina,99,11,Boots,Footwear,XL,Orange,Summer,3.2,No,Free Shipping,Cash,Weekly,No,No,55.622448979591844,High Loyalty,Genuinely Loyal (No Discounts Needed)
3478,53,Female,Kentucky,85,38,Handbag,Accessories,S,Teal,Spring,3.8,No,Store Pickup,Debit Card,Bi-Weekly,No,No,55.1530612244898,High Loyalty,Genuinely Loyal (No Discounts Needed)
3479,36,Female,Arizona,57,42,Handbag,Accessories,M,Magenta,Fall,4.6,No,Store Pickup,PayPal,Quarterly,No,No,43.60204081632653,Medium Loyalty,Mixed Behavior
3480,46,Female,New York,56,41,Sweater,Clothing,S,Orange,Summer,4.9,No,Standard,Cash,Monthly,No,No,48.48979591836734,Medium Loyalty,Mixed Behavior
3481,21,Female,New Hampshire,79,45,Sandals,Footwear,L,Peach,Winter,3.5,No,Free Shipping,PayPal,Monthly,No,No,62.438775510204096,High Loyalty,Genuinely Loyal (No Discounts Needed)
3482,52,Female,Ohio,67,41,Socks,Clothing,S,Maroon,Summer,3.4,No,Store Pickup,Debit Card,Bi-Weekly,No,No,47.98979591836734,Medium Loyalty,Mixed Behavior
3483,66,Female,Hawaii,61,35,Gloves,Accessories,M,Gold,Winter,3.9,No,Next Day Air,Debit Card,Weekly,No,No,51.316326530612244,Medium Loyalty,Mixed Behavior
3484,19,Female,Texas,37,21,Hoodie,Clothing,L,White,Winter,3.9,No,Express,Credit Card,Every 3 Months,No,No,20.74489795918367,Low Loyalty,"At Risk (Low Value, No Discounts)"
3485,44,Female,Illinois,75,13,Dress,Clothing,L,Gray,Fall,4.2,No,Free Shipping,Credit Card,Bi-Weekly,No,No,34.8469387755102,Medium Loyalty,Mixed Behavior
3486,50,Female,Massachusetts,21,23,Shirt,Clothing,XL,Brown,Winter,3.4,No,Standard,Debit Card,Fortnightly,No,No,21.96938775510204,Low Loyalty,"At Risk (Low Value, No Discounts)"
3487,51,Female,North Carolina,89,6,Shorts,Clothing,L,Charcoal,Winter,4.9,No,Standard,PayPal,Weekly,No,No,47.56122448979592,Medium Loyalty,Mixed Behavior
3488,25,Female,West Virginia,24,39,Sandals,Footwear,L,Beige,Fall,2.9,No,Store Pickup,Bank Transfer,Annually,No,No,28.265306122448976,Low Loyalty,"At Risk (Low Value, No Discounts)"
3489,62,Female,Delaware,27,7,Sweater,Clothing,XL,Teal,Spring,4.9,No,Store Pickup,Cash,Quarterly,No,No,7.173469387755102,Low Loyalty,"At Risk (Low Value, No Discounts)"
3490,48,Female,Idaho,26,32,Dress,Clothing,L,Black,Summer,4.6,No,2-Day Shipping,PayPal,Every 3 Months,No,No,21.97959183673469,Low Loyalty,"At Risk (Low Value, No Discounts)"
3491,62,Female,Oregon,82,43,Boots,Footwear,M,Violet,Spring,3.6,No,Store Pickup,Credit Card,Quarterly,No,No,56.714285714285715,High Loyalty,Genuinely Loyal (No Discounts Needed)
3492,22,Female,Maine,28,15,Pants,Clothing,M,Orange,Winter,4.3,No,Express,Cash,Monthly,No,No,18.57142857142857,Low Loyalty,"At Risk (Low Value, No Discounts)"
3493,48,Female,South Dakota,65,48,Gloves,Accessories,M,Turquoise,Fall,4.6,No,Standard,Bank Transfer,Annually,No,No,54.275510204081634,High Loyalty,Genuinely Loyal (No Discounts Needed)
3494,48,Female,New Mexico,82,35,Pants,Clothing,XL,Black,Winter,4.7,No,Store Pickup,Credit Card,Weekly,No,No,61.816326530612244,High Loyalty,Genuinely Loyal (No Discounts Needed)
3495,62,Female,Washington,38,41,Scarf,Accessories,M,Silver,Winter,3.5,No,Free Shipping,PayPal,Quarterly,No,No,33.48979591836735,Low Loyalty,"At Risk (Low Value, No Discounts)"
3496,24,Female,Georgia,33,14,Shorts,Clothing,XL,Gray,Spring,2.8,No,Free Shipping,Cash,Weekly,No,No,24.45918367346939,Low Loyalty,"At Risk (Low Value, No Discounts)"
3497,39,Female,Idaho,38,22,Shoes,Footwear,M,Pink,Summer,4.0,No,Free Shipping,PayPal,Monthly,No,No,27.857142857142858,Low Loyalty,"At Risk (Low Value, No Discounts)"
3498,35,Female,Colorado,48,16,Handbag,Accessories,M,Red,Spring,4.3,No,Store Pickup,Venmo,Every 3 Months,No,No,23.183673469387756,Low Loyalty,"At Risk (Low Value, No Discounts)"
3499,47,Female,Kentucky,35,2,Sandals,Footwear,M,Lavender,Summer,3.8,No,Standard,Bank Transfer,Bi-Weekly,No,No,8.112244897959185,Low Loyalty,"At Risk (Low Value, No Discounts)"
3500,22,Female,New Jersey,29,13,Socks,Clothing,L,Indigo,Fall,3.0,No,Next Day Air,PayPal,Every 3 Months,No,No,11.846938775510205,Low Loyalty,"At Risk (Low Value, No Discounts)"
3501,38,Female,Oregon,48,38,Shirt,Clothing,S,Silver,Fall,4.6,No,Next Day Air,Debit Card,Fortnightly,No,No,44.6530612244898,Medium Loyalty,Mixed Behavior
3502,53,Female,Nebraska,87,43,Shoes,Footwear,M,Silver,Fall,4.8,No,Standard,Bank Transfer,Weekly,No,No,69.21428571428572,High Loyalty,Genuinely Loyal (No Discounts Needed)
3503,31,Female,Massachusetts,62,26,Backpack,Accessories,M,Green,Fall,4.7,No,Next Day Air,Bank Transfer,Quarterly,No,No,36.30612244897959,Medium Loyalty,Mixed Behavior
3504,31,Female,Nebraska,96,39,Shirt,Clothing,M,Pink,Spring,3.9,No,Free Shipping,Cash,Weekly,No,No,71.26530612244898,High Loyalty,Genuinely Loyal (No Discounts Needed)
3505,65,Female,Hawaii,41,50,Handbag,Accessories,S,Violet,Fall,4.0,No,Next Day Air,Venmo,Monthly,No,No,46.5,Medium Loyalty,Mixed Behavior
3506,48,Female,Indiana,42,40,Jewelry,Accessories,L,Red,Winter,3.7,No,2-Day Shipping,Bank Transfer,Every 3 Months,No,No,34.87755102040816,Medium Loyalty,Mixed Behavior
3507,18,Female,Illinois,57,12,Shirt,Clothing,L,Olive,Winter,3.7,No,2-Day Shipping,Cash,Fortnightly,No,No,33.234693877551024,Low Loyalty,"At Risk (Low Value, No Discounts)"
3508,46,Female,Colorado,65,33,Handbag,Accessories,S,Purple,Spring,4.2,No,Store Pickup,Credit Card,Every 3 Months,No,No,42.09183673469388,Medium Loyalty,Mixed Behavior
3509,52,Female,Pennsylvania,54,49,Pants,Clothing,M,Gray,Fall,4.7,No,Standard,Bank Transfer,Weekly,No,No,56.38775510204081,High Loyalty,Genuinely Loyal (No Discounts Needed)
3510,50,Female,Ohio,22,43,T-shirt,Clothing,L,Brown,Winter,4.3,No,Next Day Air,Venmo,Bi-Weekly,No,No,26.71428571428571,Low Loyalty,"At Risk (Low Value, No Discounts)"
3511,49,Female,Pennsylvania,96,14,Sneakers,Footwear,S,Orange,Fall,4.9,No,2-Day Shipping,Venmo,Monthly,No,No,51.95918367346939,Medium Loyalty,Mixed Behavior
3512,69,Female,Mississippi,81,21,Jewelry,Accessories,M,Blue,Summer,3.9,No,2-Day Shipping,Credit Card,Every 3 Months,No,No,42.74489795918367,Medium Loyalty,Mixed Behavior
3513,36,Female,Kentucky,46,31,Shirt,Clothing,M,White,Fall,3.4,No,Free Shipping,Debit Card,Quarterly,No,No,31.36734693877551,Low Loyalty,"At Risk (Low Value, No Discounts)"
3514,30,Female,Alaska,74,29,Blouse,Clothing,XL,Charcoal,Spring,4.2,No,Store Pickup,Credit Card,Fortnightly,No,No,52.14285714285714,Medium Loyalty,Mixed Behavior
3515,25,Female,Georgia,50,32,Sneakers,Footwear,XL,Gray,Winter,4.7,No,Express,Cash,Monthly,No,No,39.97959183673469,Medium Loyalty,Mixed Behavior
3516,19,Female,South Dakota,80,16,Dress,Clothing,XL,Charcoal,Winter,4.0,No,Next Day Air,Debit Card,Bi-Weekly,No,No,39.183673469387756,Medium Loyalty,Mixed Behavior
3517,34,Female,South Carolina,56,38,Boots,Footwear,S,White,Summer,4.0,No,Free Shipping,PayPal,Bi-Weekly,No,No,40.6530612244898,Medium Loyalty,Mixed Behavior
3518,29,Female,Tennessee,69,34,Skirt,Clothing,M,Orange,Winter,3.1,No,Next Day Air,Debit Card,Every 3 Months,No,No,44.70408163265306,Medium Loyalty,Mixed Behavior
3519,50,Female,Colorado,97,30,Shirt,Clothing,M,Black,Spring,4.2,No,Standard,PayPal,Quarterly,No,No,56.25510204081633,High Loyalty,Genuinely Loyal (No Discounts Needed)
3520,31,Female,Wisconsin,66,14,Shorts,Clothing,M,White,Winter,3.7,No,Next Day Air,Bank Transfer,Fortnightly,No,No,38.9591836734694,Medium Loyalty,Mixed Behavior
3521,41,Female,Georgia,70,33,Hat,Accessories,S,Brown,Spring,3.1,No,Express,Bank Transfer,Monthly,No,No,50.59183673469387,Medium Loyalty,Mixed Behavior
3522,52,Female,Maryland,50,35,Shoes,Footwear,M,Pink,Winter,3.7,No,Store Pickup,Venmo,Weekly,No,No,45.81632653061224,Medium Loyalty,Mixed Behavior
3523,27,Female,New Jersey,85,13,Pants,Clothing,M,Yellow,Spring,3.2,No,Store Pickup,Cash,Quarterly,No,No,39.8469387755102,Medium Loyalty,Mixed Behavior
3524,49,Female,Nevada,59,30,Backpack,Accessories,M,Cyan,Summer,2.8,No,Standard,Cash,Fortnightly,No,No,45.255102040816325,Medium Loyalty,Mixed Behavior
3525,69,Female,Michigan,74,30,Pants,Clothing,L,Silver,Summer,2.9,No,Free Shipping,Credit Card,Monthly,No,No,50.755102040816325,Medium Loyalty,Mixed Behavior
3526,45,Female,Wyoming,38,47,Sunglasses,Accessories,L,Olive,Winter,3.5,No,Standard,Bank Transfer,Annually,No,No,40.163265306122454,Medium Loyalty,Mixed Behavior
3527,20,Female,Massachusetts,99,1,Sweater,Clothing,M,Olive,Spring,3.8,No,Express,PayPal,Every 3 Months,No,No,39.5,Medium Loyalty,Mixed Behavior
3528,25,Female,Washington,97,1,Blouse,Clothing,S,Charcoal,Spring,4.7,No,Free Shipping,Cash,Weekly,No,No,48.50000000000001,Medium Loyalty,Mixed Behavior
3529,38,Female,Maine,67,33,Scarf,Accessories,L,Gray,Summer,4.5,No,Free Shipping,PayPal,Annually,No,No,46.09183673469388,Medium Loyalty,Mixed Behavior
3530,55,Female,Montana,20,43,T-shirt,Clothing,S,Maroon,Winter,3.9,No,Next Day Air,Bank Transfer,Weekly,No,No,35.71428571428571,Medium Loyalty,Mixed Behavior
3531,62,Female,Oklahoma,45,37,Sunglasses,Accessories,L,Black,Spring,3.4,No,Express,PayPal,Weekly,No,No,44.54081632653061,Medium Loyalty,Mixed Behavior
3532,54,Female,North Dakota,52,23,Shoes,Footwear,XL,Violet,Winter,4.6,No,2-Day Shipping,Cash,Quarterly,No,No,29.46938775510204,Low Loyalty,"At Risk (Low Value, No Discounts)"
3533,61,Female,Connecticut,68,12,Pants,Clothing,L,Indigo,Fall,4.6,No,Standard,Credit Card,Annually,No,No,33.734693877551024,Low Loyalty,"At Risk (Low Value, No Discounts)"
3534,50,Female,Texas,98,30,Sneakers,Footwear,L,Yellow,Fall,4.7,No,Standard,Venmo,Fortnightly,No,No,64.75510204081634,High Loyalty,Genuinely Loyal (No Discounts Needed)
3535,65,Female,Delaware,83,7,Shoes,Footwear,M,Gray,Fall,3.2,No,Express,Cash,Weekly,No,No,45.173469387755105,Medium Loyalty,Mixed Behavior
3536,68,Female,Mississippi,51,20,Shorts,Clothing,M,Red,Summer,5.0,No,Express,Debit Card,Monthly,No,No,33.13265306122449,Low Loyalty,"At Risk (Low Value, No Discounts)"
3537,55,Female,Minnesota,21,10,Handbag,Accessories,L,Peach,Spring,4.5,No,Express,Venmo,Monthly,No,No,12.010204081632653,Low Loyalty,"At Risk (Low Value, No Discounts)"
3538,57,Female,Georgia,92,40,Handbag,Accessories,M,Gray,Spring,3.5,No,Standard,Credit Card,Every 3 Months,No,No,59.87755102040817,High Loyalty,Genuinely Loyal (No Discounts Needed)
3539,56,Female,Iowa,63,21,Shoes,Footwear,S,White,Spring,4.5,No,Store Pickup,Venmo,Monthly,No,No,39.744897959183675,Medium Loyalty,Mixed Behavior
3540,29,Female,New York,56,17,Jewelry,Accessories,S,Green,Spring,3.2,No,Express,Credit Card,Bi-Weekly,No,No,27.795918367346946,Low Loyalty,"At Risk (Low Value, No Discounts)"
3541,24,Female,Nevada,95,5,Shorts,Clothing,M,Magenta,Spring,4.6,No,Free Shipping,Bank Transfer,Weekly,No,No,49.94897959183674,Medium Loyalty,Mixed Behavior
3542,59,Female,Virginia,66,22,Blouse,Clothing,M,Olive,Winter,4.0,No,Next Day Air,PayPal,Annually,No,No,38.857142857142854,Medium Loyalty,Mixed Behavior
3543,62,Female,Idaho,28,5,Coat,Outerwear,S,Olive,Spring,4.2,No,Express,Venmo,Weekly,No,No,16.44897959183674,Low Loyalty,"At Risk (Low Value, No Discounts)"
3544,58,Female,Colorado,83,18,Hat,Accessories,M,Blue,Winter,4.1,No,Standard,PayPal,Every 3 Months,No,No,41.90816326530612,Medium Loyalty,Mixed Behavior
3545,64,Female,Wisconsin,55,42,Socks,Clothing,XL,Charcoal,Fall,3.6,No,2-Day Shipping,Cash,Every 3 Months,No,No,42.60204081632652,Medium Loyalty,Mixed Behavior
3546,48,Female,Connecticut,28,22,Sandals,Footwear,M,Yellow,Spring,3.7,No,2-Day Shipping,Debit Card,Annually,No,No,19.857142857142854,Low Loyalty,"At Risk (Low Value, No Discounts)"
3547,60,Female,Kansas,79,37,Scarf,Accessories,M,Violet,Summer,3.6,No,Free Shipping,Bank Transfer,Bi-Weekly,No,No,51.54081632653062,Medium Loyalty,Mixed Behavior
3548,52,Female,Pennsylvania,31,23,Scarf,Accessories,L,Magenta,Summer,3.8,No,Standard,Credit Card,Annually,No,No,21.96938775510204,Low Loyalty,"At Risk (Low Value, No Discounts)"
3549,63,Female,Utah,37,47,Blouse,Clothing,M,Red,Fall,3.0,No,Standard,Debit Card,Fortnightly,No,No,44.663265306122454,Medium Loyalty,Mixed Behavior
3550,44,Female,Oregon,34,11,T-shirt,Clothing,M,Cyan,Summer,3.4,No,2-Day Shipping,Bank Transfer,Fortnightly,No,No,21.12244897959184,Low Loyalty,"At Risk (Low Value, No Discounts)"
3551,63,Female,West Virginia,74,32,Shoes,Footwear,S,Orange,Winter,4.8,No,Standard,Cash,Weekly,No,No,55.979591836734684,High Loyalty,Genuinely Loyal (No Discounts Needed)
3552,66,Female,Montana,31,20,Gloves,Accessories,L,Black,Spring,2.6,No,Store Pickup,Venmo,Weekly,No,No,27.132653061224488,Low Loyalty,"At Risk (Low Value, No Discounts)"
3553,22,Female,Kentucky,66,3,Sunglasses,Accessories,M,Blue,Winter,2.9,No,Next Day Air,PayPal,Quarterly,No,No,24.224489795918373,Low Loyalty,"At Risk (Low Value, No Discounts)"
3554,62,Female,Minnesota,99,32,Shoes,Footwear,M,Charcoal,Spring,4.9,No,Free Shipping,Bank Transfer,Weekly,No,No,68.47959183673468,High Loyalty,Genuinely Loyal (No Discounts Needed)
3555,39,Female,Louisiana,55,5,Dress,Clothing,M,Indigo,Spring,5.0,No,Free Shipping,Credit Card,Fortnightly,No,No,27.948979591836736,Low Loyalty,"At Risk (Low Value, No Discounts)"
3556,25,Female,Delaware,23,45,Blouse,Clothing,L,Silver,Spring,4.6,No,Next Day Air,Cash,Quarterly,No,No,28.438775510204078,Low Loyalty,"At Risk (Low Value, No Discounts)"
3557,70,Female,Arizona,88,43,Sweater,Clothing,M,Brown,Fall,4.2,No,Express,Cash,Bi-Weekly,No,No,59.71428571428572,High Loyalty,Genuinely Loyal (No Discounts Needed)
3558,52,Female,Nevada,26,1,Jacket,Outerwear,M,Peach,Summer,4.9,No,Next Day Air,PayPal,Every 3 Months,No,No,3.0000000000000004,Low Loyalty,"At Risk (Low Value, No Discounts)"
3559,68,Female,Alaska,94,9,Backpack,Accessories,L,Magenta,Summer,4.8,No,Standard,Venmo,Quarterly,No,No,41.89795918367347,Medium Loyalty,Mixed Behavior
3560,18,Female,Utah,25,13,Shorts,Clothing,M,Beige,Fall,3.0,No,Next Day Air,Venmo,Every 3 Months,No,No,9.846938775510203,Low Loyalty,"At Risk (Low Value, No Discounts)"
3561,18,Female,Kansas,96,5,Socks,Clothing,XL,Violet,Fall,3.5,No,Express,Credit Card,Annually,No,No,43.448979591836746,Medium Loyalty,Mixed Behavior
3562,63,Female,North Carolina,29,39,Sneakers,Footwear,L,Black,Spring,3.4,No,Standard,Credit Card,Fortnightly,No,No,35.76530612244898,Medium Loyalty,Mixed Behavior
3563,47,Female,Maryland,36,7,Sneakers,Footwear,M,Cyan,Winter,3.4,No,Free Shipping,Bank Transfer,Weekly,No,No,21.673469387755105,Low Loyalty,"At Risk (Low Value, No Discounts)"
3564,43,Female,Maine,90,8,Blouse,Clothing,M,Green,Summer,4.9,No,Standard,Credit Card,Every 3 Months,No,No,39.28571428571429,Medium Loyalty,Mixed Behavior
3565,60,Female,Illinois,38,40,Gloves,Accessories,S,Brown,Summer,4.4,No,Free Shipping,Venmo,Annually,No,No,35.87755102040816,Medium Loyalty,Mixed Behavior
3566,49,Female,Pennsylvania,52,35,Handbag,Accessories,S,Gray,Spring,4.2,No,Store Pickup,PayPal,Monthly,No,No,42.816326530612244,Medium Loyalty,Mixed Behavior
3567,28,Female,Alaska,88,14,Jeans,Clothing,S,Orange,Spring,3.1,No,Next Day Air,Venmo,Monthly,No,No,47.95918367346939,Medium Loyalty,Mixed Behavior
3568,32,Female,New Mexico,56,26,Scarf,Accessories,S,Silver,Summer,4.0,No,Next Day Air,Credit Card,Monthly,No,No,39.30612244897959,Medium Loyalty,Mixed Behavior
3569,29,Female,Arkansas,71,14,Sandals,Footwear,M,Purple,Spring,4.8,No,Next Day Air,PayPal,Quarterly,No,No,33.4591836734694,Low Loyalty,"At Risk (Low Value, No Discounts)"
3570,35,Female,Alaska,94,9,Sandals,Footwear,M,Olive,Fall,3.3,No,Express,Bank Transfer,Fortnightly,No,No,49.89795918367347,Medium Loyalty,Mixed Behavior
3571,23,Female,Louisiana,97,32,Dress,Clothing,XL,Teal,Winter,4.7,No,Standard,Debit Card,Annually,No,No,60.479591836734706,High Loyalty,Genuinely Loyal (No Discounts Needed)
3572,70,Female,North Dakota,27,15,Skirt,Clothing,M,White,Summer,3.2,No,Standard,Bank Transfer,Every 3 Months,No,No,12.07142857142857,Low Loyalty,"At Risk (Low Value, No Discounts)"
3573,23,Female,Rhode Island,28,25,Shorts,Clothing,M,Black,Spring,5.0,No,Standard,Credit Card,Monthly,No,No,24.693877551020407,Low Loyalty,"At Risk (Low Value, No Discounts)"
3574,43,Female,Connecticut,67,27,Jeans,Clothing,L,Maroon,Fall,4.9,No,Free Shipping,PayPal,Monthly,No,No,45.41836734693877,Medium Loyalty,Mixed Behavior
3575,29,Female,New York,70,39,Socks,Clothing,M,Cyan,Fall,4.9,No,Express,Bank Transfer,Quarterly,No,No,48.265306122448976,Medium Loyalty,Mixed Behavior
3576,61,Female,Kentucky,95,49,Coat,Outerwear,M,Violet,Fall,3.7,No,Express,Venmo,Bi-Weekly,No,No,66.88775510204081,High Loyalty,Genuinely Loyal (No Discounts Needed)
3577,29,Female,Maine,24,12,Boots,Footwear,L,Yellow,Spring,3.0,No,Express,Venmo,Bi-Weekly,No,No,8.734693877551022,Low Loyalty,"At Risk (Low Value, No Discounts)"
3578,66,Female,Missouri,35,13,Belt,Accessories,S,Yellow,Winter,2.6,No,Standard,Bank Transfer,Weekly,No,No,24.846938775510203,Low Loyalty,"At Risk (Low Value, No Discounts)"
3579,46,Female,Georgia,22,22,Shoes,Footwear,L,Olive,Winter,2.6,No,Standard,Bank Transfer,Quarterly,No,No,13.857142857142854,Low Loyalty,"At Risk (Low Value, No Discounts)"
3580,34,Female,Arizona,66,19,Scarf,Accessories,L,Olive,Fall,4.8,No,Standard,Credit Card,Every 3 Months,No,No,34.02040816326531,Medium Loyalty,Mixed Behavior
3581,51,Female,New Hampshire,83,3,Blouse,Clothing,M,Magenta,Summer,3.2,No,2-Day Shipping,Cash,Bi-Weekly,No,No,32.72448979591837,Low Loyalty,"At Risk (Low Value, No Discounts)"
3582,26,Female,Georgia,95,50,Dress,Clothing,M,Orange,Fall,4.9,No,Next Day Air,Credit Card,Weekly,No,No,77.5,High Loyalty,Genuinely Loyal (No Discounts Needed)
3583,23,Female,California,41,15,Shorts,Clothing,S,Beige,Summer,3.4,No,2-Day Shipping,PayPal,Annually,No,No,22.071428571428573,Low Loyalty,"At Risk (Low Value, No Discounts)"
3584,52,Female,Arizona,77,44,Blouse,Clothing,L,Brown,Summer,2.7,No,Store Pickup,Credit Card,Every 3 Months,No,No,54.826530612244895,High Loyalty,Genuinely Loyal (No Discounts Needed)
3585,39,Female,Florida,52,48,Sneakers,Footwear,L,Indigo,Fall,4.8,No,Express,Debit Card,Monthly,No,No,50.775510204081634,Medium Loyalty,Mixed Behavior
3586,39,Female,New York,41,4,Gloves,Accessories,XL,Gray,Winter,4.1,No,Standard,Venmo,Bi-Weekly,No,No,12.336734693877554,Low Loyalty,"At Risk (Low Value, No Discounts)"
3587,33,Female,Idaho,28,12,Hoodie,Clothing,M,Yellow,Winter,4.6,No,Store Pickup,PayPal,Bi-Weekly,No,No,10.734693877551022,Low Loyalty,"At Risk (Low Value, No Discounts)"
3588,33,Female,Virginia,90,33,Sweater,Clothing,S,Violet,Summer,4.4,No,Standard,Debit Card,Annually,No,No,57.59183673469388,High Loyalty,Genuinely Loyal (No Discounts Needed)
3589,23,Female,Michigan,55,40,Sunglasses,Accessories,M,Magenta,Spring,3.5,No,2-Day Shipping,Cash,Annually,No,No,44.377551020408156,Medium Loyalty,Mixed Behavior
3590,31,Female,New Hampshire,73,38,Belt,Accessories,M,Blue,Spring,4.8,No,Next Day Air,Cash,Every 3 Months,No,No,49.153061224489804,Medium Loyalty,Mixed Behavior
3591,27,Female,South Dakota,87,19,Dress,Clothing,M,Gray,Fall,2.9,No,2-Day Shipping,Venmo,Every 3 Months,No,No,44.520408163265316,Medium Loyalty,Mixed Behavior
3592,48,Female,South Dakota,89,38,Jacket,Outerwear,M,Gold,Winter,3.2,No,2-Day Shipping,Bank Transfer,Quarterly,No,No,57.1530612244898,High Loyalty,Genuinely Loyal (No Discounts Needed)
3593,61,Female,New Jersey,82,18,Boots,Footwear,L,Lavender,Spring,4.4,No,2-Day Shipping,Venmo,Fortnightly,No,No,49.40816326530613,Medium Loyalty,Mixed Behavior
3594,63,Female,Wyoming,80,24,Sandals,Footwear,M,Black,Spring,4.6,No,Next Day Air,PayPal,Monthly,No,No,50.08163265306123,Medium Loyalty,Mixed Behavior
3595,19,Female,Alabama,87,29,Scarf,Accessories,L,Charcoal,Summer,2.6,No,2-Day Shipping,Venmo,Quarterly,No,No,50.642857142857146,Medium Loyalty,Mixed Behavior
3596,21,Female,South Dakota,41,14,Blouse,Clothing,M,Violet,Spring,3.1,No,Store Pickup,PayPal,Annually,No,No,21.45918367346939,Low Loyalty,"At Risk (Low Value, No Discounts)"
3597,28,Female,South Carolina,83,44,Hoodie,Clothing,M,Charcoal,Spring,4.3,No,Standard,Cash,Fortnightly,No,No,65.82653061224491,High Loyalty,Genuinely Loyal (No Discounts Needed)
3598,29,Female,New Mexico,71,18,Sunglasses,Accessories,M,Maroon,Summer,3.1,No,Standard,Bank Transfer,Quarterly,No,No,35.90816326530613,Medium Loyalty,Mixed Behavior
3599,23,Female,Connecticut,76,19,Hoodie,Clothing,XL,Purple,Spring,4.6,No,Store Pickup,Bank Transfer,Bi-Weekly,No,No,39.02040816326531,Medium Loyalty,Mixed Behavior
3600,37,Female,Kansas,34,4,Scarf,Accessories,S,Peach,Spring,4.6,No,Express,Cash,Weekly,No,No,18.836734693877556,Low Loyalty,"At Risk (Low Value, No Discounts)"
3601,67,Female,South Carolina,81,25,Dress,Clothing,XL,Olive,Spring,2.7,No,Free Shipping,Cash,Bi-Weekly,No,No,45.19387755102041,Medium Loyalty,Mixed Behavior
3602,34,Female,North Carolina,47,3,T-shirt,Clothing,M,Indigo,Summer,3.0,No,Next Day Air,PayPal,Monthly,No,No,20.72448979591837,Low Loyalty,"At Risk (Low Value, No Discounts)"
3603,58,Female,Wyoming,36,40,Skirt,Clothing,S,Magenta,Summer,3.3,No,Store Pickup,Debit Card,Quarterly,No,No,31.877551020408156,Low Loyalty,"At Risk (Low Value, No Discounts)"
3604,45,Female,Louisiana,51,5,Jeans,Clothing,M,Gold,Spring,2.7,No,Free Shipping,Cash,Weekly,No,No,27.948979591836736,Low Loyalty,"At Risk (Low Value, No Discounts)"
3605,63,Female,Louisiana,86,17,Hoodie,Clothing,M,Orange,Fall,3.3,No,Standard,Debit Card,Annually,No,No,45.79591836734694,Medium Loyalty,Mixed Behavior
3606,68,Female,Alabama,41,36,Jeans,Clothing,M,Gold,Fall,4.3,No,Store Pickup,Bank Transfer,Every 3 Months,No,No,31.928571428571427,Low Loyalty,"At Risk (Low Value, No Discounts)"
3607,41,Female,Minnesota,90,41,Sandals,Footwear,XL,Purple,Fall,4.8,No,Express,Venmo,Annually,No,No,62.48979591836735,High Loyalty,Genuinely Loyal (No Discounts Needed)
3608,50,Female,New Mexico,93,20,Hat,Accessories,L,Charcoal,Fall,3.3,No,Standard,Venmo,Bi-Weekly,No,No,48.132653061224495,Medium Loyalty,Mixed Behavior
3609,24,Female,Tennessee,56,2,Gloves,Accessories,M,Cyan,Fall,4.3,No,Next Day Air,Cash,Every 3 Months,No,No,18.612244897959187,Low Loyalty,"At Risk (Low Value, No Discounts)"
3610,21,Female,New Mexico,39,31,Socks,Clothing,M,Cyan,Summer,3.0,No,2-Day Shipping,Debit Card,Monthly,No,No,33.867346938775505,Medium Loyalty,Mixed Behavior
3611,18,Female,Texas,86,23,Jacket,Outerwear,XL,Green,Fall,4.8,No,2-Day Shipping,Bank Transfer,Fortnightly,No,No,54.46938775510204,High Loyalty,Genuinely Loyal (No Discounts Needed)
3612,63,Female,Washington,82,30,T-shirt,Clothing,M,Silver,Spring,2.9,No,Standard,Credit Card,Annually,No,No,51.755102040816325,Medium Loyalty,Mixed Behavior
3613,47,Female,Michigan,29,26,Sandals,Footwear,M,Teal,Summer,3.6,No,Standard,Cash,Every 3 Months,No,No,19.80612244897959,Low Loyalty,"At Risk (Low Value, No Discounts)"
3614,58,Female,Minnesota,27,40,Hat,Accessories,M,Magenta,Fall,3.5,No,Store Pickup,Venmo,Annually,No,No,30.377551020408156,Low Loyalty,"At Risk (Low Value, No Discounts)"
3615,46,Female,Delaware,25,19,Gloves,Accessories,L,Maroon,Spring,4.7,No,2-Day Shipping,Bank Transfer,Annually,No,No,16.520408163265305,Low Loyalty,"At Risk (Low Value, No Discounts)"
3616,35,Female,California,31,4,Dress,Clothing,M,Gold,Winter,4.4,No,Free Shipping,Credit Card,Monthly,No,No,13.336734693877549,Low Loyalty,"At Risk (Low Value, No Discounts)"
3617,42,Female,Wisconsin,23,33,Hoodie,Clothing,L,Purple,Winter,3.3,No,Store Pickup,Debit Card,Fortnightly,No,No,29.091836734693878,Low Loyalty,"At Risk (Low Value, No Discounts)"
3618,48,Female,Kentucky,47,29,Belt,Accessories,M,Lavender,Fall,4.3,No,Express,Debit Card,Monthly,No,No,36.64285714285714,Medium Loyalty,Mixed Behavior
3619,28,Female,Nevada,67,47,Gloves,Accessories,M,Maroon,Fall,4.0,No,2-Day Shipping,PayPal,Bi-Weekly,No,No,51.663265306122454,Medium Loyalty,Mixed Behavior
3620,44,Female,North Carolina,75,50,Scarf,Accessories,S,Magenta,Winter,4.9,No,2-Day Shipping,Venmo,Weekly,No,No,67.5,High Loyalty,Genuinely Loyal (No Discounts Needed)
3621,60,Female,Louisiana,82,28,Sandals,Footwear,M,Turquoise,Summer,2.9,No,Express,Credit Card,Fortnightly,No,No,55.530612244897966,High Loyalty,Genuinely Loyal (No Discounts Needed)
3622,38,Female,New Jersey,32,5,Sneakers,Footwear,XL,Silver,Summer,4.0,No,2-Day Shipping,Cash,Fortnightly,No,No,16.44897959183674,Low Loyalty,"At Risk (Low Value, No Discounts)"
3623,46,Female,Wisconsin,41,12,Dress,Clothing,M,Purple,Fall,4.3,No,Store Pickup,Credit Card,Annually,No,No,20.234693877551024,Low Loyalty,"At Risk (Low Value, No Discounts)"
3624,39,Female,Arkansas,89,4,Jewelry,Accessories,M,Violet,Winter,2.7,No,2-Day Shipping,PayPal,Weekly,No,No,46.33673469387756,Medium Loyalty,Mixed Behavior
3625,22,Female,Texas,82,22,Hat,Accessories,XL,Peach,Fall,5.0,No,Store Pickup,Bank Transfer,Bi-Weekly,No,No,43.85714285714286,Medium Loyalty,Mixed Behavior
3626,44,Female,Illinois,99,32,Scarf,Accessories,L,Green,Winter,4.4,No,Express,PayPal,Weekly,No,No,68.47959183673468,High Loyalty,Genuinely Loyal (No Discounts Needed)
3627,69,Female,Mississippi,98,32,Blouse,Clothing,L,Teal,Fall,3.5,No,Express,Venmo,Quarterly,No,No,57.9795918367347,High Loyalty,Genuinely Loyal (No Discounts Needed)
3628,39,Female,Delaware,54,48,Belt,Accessories,M,Silver,Winter,3.3,No,Next Day Air,Cash,Every 3 Months,No,No,45.775510204081634,Medium Loyalty,Mixed Behavior
3629,53,Female,Georgia,88,35,Blouse,Clothing,L,Purple,Summer,3.8,No,Free Shipping,Credit Card,Monthly,No,No,60.816326530612244,High Loyalty,Genuinely Loyal (No Discounts Needed)
3630,52,Female,Kansas,43,44,T-shirt,Clothing,L,Lavender,Summer,4.5,No,Standard,Debit Card,Fortnightly,No,No,45.826530612244895,Medium Loyalty,Mixed Behavior
3631,65,Female,Oklahoma,73,29,Hat,Accessories,M,Lavender,Winter,4.8,No,Store Pickup,Cash,Weekly,No,No,53.642857142857146,High Loyalty,Genuinely Loyal (No Discounts Needed)
3632,48,Female,New Jersey,50,26,Hat,Accessories,M,Peach,Fall,2.9,No,Store Pickup,Credit Card,Monthly,No,No,36.306122448979586,Medium Loyalty,Mixed Behavior
3633,27,Female,Utah,73,3,Sneakers,Footwear,L,Green,Spring,3.2,No,Express,Debit Card,Quarterly,No,No,27.724489795918373,Low Loyalty,"At Risk (Low Value, No Discounts)"
3634,39,Female,Montana,51,1,Gloves,Accessories,M,Orange,Spring,2.8,No,Free Shipping,Bank Transfer,Bi-Weekly,No,No,15.500000000000004,Low Loyalty,"At Risk (Low Value, No Discounts)"
3635,59,Female,Ohio,22,17,Socks,Clothing,M,Pink,Winter,3.3,No,Standard,PayPal,Annually,No,No,13.795918367346937,Low Loyalty,"At Risk (Low Value, No Discounts)"
3636,52,Female,Colorado,32,17,Sandals,Footwear,L,Cyan,Fall,3.3,No,Free Shipping,Credit Card,Fortnightly,No,No,23.795918367346943,Low Loyalty,"At Risk (Low Value, No Discounts)"
3637,50,Female,California,38,36,Sandals,Footwear,L,Lavender,Summer,4.2,No,2-Day Shipping,Cash,Weekly,No,No,40.42857142857142,Medium Loyalty,Mixed Behavior
3638,32,Female,Utah,66,32,Boots,Footwear,L,Yellow,Winter,3.6,No,Express,Credit Card,Fortnightly,No,No,49.9795918367347,Medium Loyalty,Mixed Behavior
3639,40,Female,Kansas,20,50,Backpack,Accessories,M,Olive,Spring,4.6,No,Express,PayPal,Bi-Weekly,No,No,30.0,Low Loyalty,"At Risk (Low Value, No Discounts)"
3640,26,Female,Illinois,44,39,Coat,Outerwear,M,Brown,Summer,3.6,No,2-Day Shipping,Venmo,Annually,No,No,38.26530612244898,Medium Loyalty,Mixed Behavior
3641,47,Female,Minnesota,31,17,Sunglasses,Accessories,L,Pink,Spring,4.0,No,Next Day Air,PayPal,Monthly,No,No,21.29591836734694,Low Loyalty,"At Risk (Low Value, No Discounts)"
3642,51,Female,New York,45,39,Jacket,Outerwear,M,Cyan,Fall,2.7,No,Free Shipping,Bank Transfer,Every 3 Months,No,No,35.765306122448976,Medium Loyalty,Mixed Behavior
3643,47,Female,Arizona,71,5,Dress,Clothing,L,Maroon,Summer,4.4,No,Store Pickup,PayPal,Annually,No,No,30.948979591836746,Low Loyalty,"At Risk (Low Value, No Discounts)"
3644,53,Female,Tennessee,96,47,Scarf,Accessories,XL,Magenta,Fall,3.2,No,Standard,Debit Card,Annually,No,No,69.16326530612247,High Loyalty,Genuinely Loyal (No Discounts Needed)
3645,35,Female,Arkansas,32,18,Blouse,Clothing,M,Violet,Winter,2.6,No,Next Day Air,Venmo,Weekly,No,No,26.408163265306122,Low Loyalty,"At Risk (Low Value, No Discounts)"
3646,38,Female,Colorado,90,31,Backpack,Accessories,L,Silver,Summer,3.4,No,Free Shipping,Credit Card,Every 3 Months,No,No,53.367346938775505,Medium Loyalty,Mixed Behavior
3647,69,Female,Nevada,68,39,Jewelry,Accessories,M,Maroon,Spring,5.0,No,2-Day Shipping,Debit Card,Fortnightly,No,No,55.265306122448976,High Loyalty,Genuinely Loyal (No Discounts Needed)
3648,47,Female,Kansas,45,12,Shorts,Clothing,M,Gray,Winter,2.9,No,Store Pickup,Bank Transfer,Weekly,No,No,29.23469387755102,Low Loyalty,"At Risk (Low Value, No Discounts)"
3649,31,Female,New York,67,45,Skirt,Clothing,M,White,Winter,5.0,No,Free Shipping,Cash,Bi-Weekly,No,No,50.43877551020408,Medium Loyalty,Mixed Behavior
3650,68,Female,Minnesota,57,33,Skirt,Clothing,M,Brown,Fall,4.4,No,Standard,Credit Card,Fortnightly,No,No,46.09183673469388,Medium Loyalty,Mixed Behavior
3651,51,Female,Ohio,60,3,Jeans,Clothing,M,Silver,Summer,3.5,No,2-Day Shipping,PayPal,Annually,No,No,24.22448979591837,Low Loyalty,"At Risk (Low Value, No Discounts)"
3652,20,Female,Arizona,32,5,Handbag,Accessories,M,Yellow,Spring,3.8,No,Express,Venmo,Every 3 Months,No,No,8.448979591836736,Low Loyalty,"At Risk (Low Value, No Discounts)"
3653,27,Female,Kentucky,29,23,Handbag,Accessories,S,Magenta,Fall,3.8,No,Store Pickup,Debit Card,Monthly,No,No,23.96938775510204,Low Loyalty,"At Risk (Low Value, No Discounts)"
3654,67,Female,Minnesota,20,39,Coat,Outerwear,M,Blue,Spring,3.9,No,Next Day Air,Credit Card,Fortnightly,No,No,31.265306122448976,Low Loyalty,"At Risk (Low Value, No Discounts)"
3655,21,Female,Arkansas,98,10,Jewelry,Accessories,M,Green,Winter,3.3,No,Next Day Air,Credit Card,Annually,No,No,47.51020408163266,Medium Loyalty,Mixed Behavior
3656,20,Female,Wyoming,27,4,Sweater,Clothing,M,Yellow,Fall,2.9,No,Next Day Air,Credit Card,Bi-Weekly,No,No,5.336734693877552,Low Loyalty,"At Risk (Low Value, No Discounts)"
3657,35,Female,North Dakota,67,18,Jacket,Outerwear,XL,Cyan,Spring,3.7,No,2-Day Shipping,Credit Card,Monthly,No,No,39.90816326530612,Medium Loyalty,Mixed Behavior
3658,58,Female,Alabama,82,1,Shoes,Footwear,L,Gold,Winter,3.7,No,Express,Debit Card,Every 3 Months,No,No,31.000000000000007,Low Loyalty,"At Risk (Low Value, No Discounts)"
3659,28,Female,Mississippi,72,18,T-shirt,Clothing,M,Magenta,Fall,4.6,No,Standard,PayPal,Fortnightly,No,No,44.40816326530612,Medium Loyalty,Mixed Behavior
3660,27,Female,Illinois,77,46,Sandals,Footwear,S,Gray,Fall,4.9,No,Store Pickup,Bank Transfer,Annually,No,No,59.05102040816327,High Loyalty,Genuinely Loyal (No Discounts Needed)
3661,19,Female,Arkansas,74,13,Shoes,Footwear,L,Indigo,Winter,3.1,No,2-Day Shipping,Bank Transfer,Fortnightly,No,No,42.3469387755102,Medium Loyalty,Mixed Behavior
3662,63,Female,Kansas,39,5,Sandals,Footwear,S,White,Winter,3.5,No,Next Day Air,Credit Card,Fortnightly,No,No,19.94897959183674,Low Loyalty,"At Risk (Low Value, No Discounts)"
3663,69,Female,Rhode Island,80,11,Shorts,Clothing,M,Indigo,Spring,4.9,No,Next Day Air,Debit Card,Weekly,No,No,46.122448979591844,Medium Loyalty,Mixed Behavior
3664,65,Female,Florida,59,49,Backpack,Accessories,M,Green,Summer,4.4,No,Express,Credit Card,Weekly,No,No,58.88775510204082,High Loyalty,Genuinely Loyal (No Discounts Needed)
3665,63,Female,Missouri,68,1,Jacket,Outerwear,M,Turquoise,Fall,4.4,No,Store Pickup,Debit Card,Fortnightly,No,No,32.00000000000001,Low Loyalty,"At Risk (Low Value, No Discounts)"
3666,28,Female,North Carolina,77,11,Socks,Clothing,M,Peach,Fall,3.4,No,Next Day Air,Credit Card,Quarterly,No,No,34.622448979591844,Medium Loyalty,Mixed Behavior
3667,67,Female,Alabama,50,47,Jewelry,Accessories,M,Olive,Winter,3.0,No,2-Day Shipping,Cash,Every 3 Months,No,No,43.16326530612245,Medium Loyalty,Mixed Behavior
3668,51,Female,Washington,45,20,Pants,Clothing,L,Cyan,Fall,2.6,No,Next Day Air,Venmo,Monthly,No,No,30.13265306122449,Low Loyalty,"At Risk (Low Value, No Discounts)"
3669,59,Female,Michigan,71,18,Blouse,Clothing,XL,Magenta,Summer,3.2,No,Store Pickup,Venmo,Annually,No,No,38.90816326530613,Medium Loyalty,Mixed Behavior
3670,25,Female,Washington,52,43,Socks,Clothing,S,Silver,Fall,4.6,No,Store Pickup,PayPal,Quarterly,No,No,41.714285714285715,Medium Loyalty,Mixed Behavior
3671,31,Female,Vermont,50,4,Shoes,Footwear,S,White,Winter,3.8,No,Free Shipping,PayPal,Every 3 Months,No,No,16.836734693877553,Low Loyalty,"At Risk (Low Value, No Discounts)"
3672,62,Female,Illinois,66,20,Handbag,Accessories,L,Pink,Summer,4.8,No,2-Day Shipping,Venmo,Quarterly,No,No,34.632653061224495,Medium Loyalty,Mixed Behavior
3673,51,Female,New York,81,7,Sandals,Footwear,S,Pink,Fall,4.5,No,Free Shipping,PayPal,Monthly,No,No,40.1734693877551,Medium Loyalty,Mixed Behavior
3674,32,Female,Rhode Island,28,31,Socks,Clothing,M,Pink,Summer,4.2,No,2-Day Shipping,Bank Transfer,Fortnightly,No,No,30.36734693877551,Low Loyalty,"At Risk (Low Value, No Discounts)"
3675,35,Female,Washington,65,41,Handbag,Accessories,M,Blue,Winter,2.7,No,2-Day Shipping,Venmo,Fortnightly,No,No,54.98979591836735,High Loyalty,Genuinely Loyal (No Discounts Needed)
3676,70,Female,Virginia,80,3,Hat,Accessories,M,White,Winter,4.5,No,Express,Bank Transfer,Monthly,No,No,37.22448979591837,Medium Loyalty,Mixed Behavior
3677,19,Female,Wisconsin,94,16,Jewelry,Accessories,S,Teal,Spring,4.9,No,Free Shipping,PayPal,Monthly,No,No,52.183673469387756,Medium Loyalty,Mixed Behavior
3678,32,Female,Michigan,30,43,Backpack,Accessories,M,Gray,Fall,2.8,No,Standard,Cash,Annually,No,No,33.71428571428571,Low Loyalty,"At Risk (Low Value, No Discounts)"
3679,56,Female,Texas,45,29,Shirt,Clothing,S,Beige,Fall,3.5,No,Standard,Bank Transfer,Fortnightly,No,No,37.64285714285714,Medium Loyalty,Mixed Behavior
3680,53,Female,Idaho,91,5,Coat,Outerwear,M,Violet,Summer,2.5,No,Store Pickup,Cash,Bi-Weekly,No,No,37.94897959183673,Medium Loyalty,Mixed Behavior
3681,22,Female,Iowa,36,30,Sunglasses,Accessories,S,Blue,Winter,2.9,No,Standard,Debit Card,Quarterly,No,No,25.755102040816325,Low Loyalty,"At Risk (Low Value, No Discounts)"
3682,26,Female,Connecticut,73,33,Gloves,Accessories,XL,Magenta,Fall,4.2,No,Next Day Air,Debit Card,Monthly,No,No,52.091836734693885,Medium Loyalty,Mixed Behavior
3683,42,Female,Wyoming,60,46,Shirt,Clothing,M,Maroon,Fall,4.6,No,Store Pickup,Venmo,Bi-Weekly,No,No,47.55102040816326,Medium Loyalty,Mixed Behavior
3684,30,Female,Mississippi,77,17,Socks,Clothing,M,Purple,Winter,3.0,No,Free Shipping,Venmo,Fortnightly,No,No,46.29591836734694,Medium Loyalty,Mixed Behavior
3685,29,Female,Pennsylvania,86,47,Skirt,Clothing,L,Charcoal,Spring,4.4,No,Free Shipping,Credit Card,Bi-Weekly,No,No,61.16326530612245,High Loyalty,Genuinely Loyal (No Discounts Needed)
3686,47,Female,Tennessee,42,17,Shorts,Clothing,L,Red,Summer,2.6,No,Standard,Cash,Bi-Weekly,No,No,20.79591836734694,Low Loyalty,"At Risk (Low Value, No Discounts)"
3687,59,Female,Louisiana,70,17,Sandals,Footwear,M,Charcoal,Spring,4.8,No,Free Shipping,Cash,Bi-Weekly,No,No,34.79591836734694,Medium Loyalty,Mixed Behavior
3688,34,Female,Arkansas,44,28,Shirt,Clothing,L,Lavender,Summer,2.9,No,Next Day Air,Bank Transfer,Every 3 Months,No,No,28.530612244897956,Low Loyalty,"At Risk (Low Value, No Discounts)"
3689,52,Female,West Virginia,91,8,Sunglasses,Accessories,L,White,Spring,3.0,No,Next Day Air,Cash,Monthly,No,No,45.785714285714285,Medium Loyalty,Mixed Behavior
3690,47,Female,South Carolina,30,8,Jewelry,Accessories,L,Red,Fall,4.5,No,Standard,Bank Transfer,Quarterly,No,No,9.285714285714286,Low Loyalty,"At Risk (Low Value, No Discounts)"
3691,24,Female,Kansas,23,4,Blouse,Clothing,S,Violet,Fall,3.7,No,Store Pickup,Bank Transfer,Bi-Weekly,No,No,3.336734693877552,Low Loyalty,"At Risk (Low Value, No Discounts)"
3692,63,Female,Michigan,21,24,Sandals,Footwear,XL,Orange,Summer,4.8,No,Next Day Air,PayPal,Weekly,No,No,24.581632653061224,Low Loyalty,"At Risk (Low Value, No Discounts)"
3693,59,Female,Alabama,34,29,Coat,Outerwear,L,Turquoise,Spring,4.8,No,Free Shipping,Cash,Fortnightly,No,No,32.142857142857146,Low Loyalty,"At Risk (Low Value, No Discounts)"
3694,66,Female,South Dakota,46,10,Blouse,Clothing,M,Violet,Summer,4.7,No,2-Day Shipping,Venmo,Weekly,No,No,28.510204081632658,Low Loyalty,"At Risk (Low Value, No Discounts)"
3695,45,Female,Rhode Island,41,11,Sweater,Clothing,M,Blue,Winter,2.6,No,Express,PayPal,Bi-Weekly,No,No,16.622448979591837,Low Loyalty,"At Risk (Low Value, No Discounts)"
3696,38,Female,Florida,33,18,Skirt,Clothing,M,White,Fall,4.6,No,Standard,Bank Transfer,Fortnightly,No,No,24.908163265306126,Low Loyalty,"At Risk (Low Value, No Discounts)"
3697,63,Female,Connecticut,48,26,Blouse,Clothing,L,Turquoise,Fall,3.4,No,Next Day Air,Bank Transfer,Annually,No,No,32.30612244897959,Low Loyalty,"At Risk (Low Value, No Discounts)"
3698,55,Female,Pennsylvania,66,39,Hoodie,Clothing,L,Pink,Winter,3.0,No,Standard,Cash,Weekly,No,No,56.265306122448976,High Loyalty,Genuinely Loyal (No Discounts Needed)
3699,25,Female,California,54,4,Skirt,Clothing,XL,Maroon,Spring,4.0,No,2-Day Shipping,Venmo,Annually,No,No,21.836734693877556,Low Loyalty,"At Risk (Low Value, No Discounts)"
3700,51,Female,Oklahoma,55,24,Backpack,Accessories,M,Olive,Fall,2.6,No,Store Pickup,Bank Transfer,Weekly,No,No,41.58163265306123,Medium Loyalty,Mixed Behavior
3701,28,Female,North Dakota,84,2,Handbag,Accessories,XL,Charcoal,Summer,3.4,No,Store Pickup,Bank Transfer,Every 3 Months,No,No,32.612244897959194,Low Loyalty,"At Risk (Low Value, No Discounts)"
3702,46,Female,New Mexico,66,36,Sandals,Footwear,M,Charcoal,Spring,4.5,No,Store Pickup,Cash,Annually,No,No,47.42857142857143,Medium Loyalty,Mixed Behavior
3703,58,Female,South Carolina,65,36,Shoes,Footwear,M,Indigo,Spring,2.7,No,Store Pickup,Venmo,Weekly,No,No,53.92857142857142,High Loyalty,Genuinely Loyal (No Discounts Needed)
3704,30,Female,Michigan,83,23,Sandals,Footwear,S,Teal,Fall,2.9,No,Standard,PayPal,Every 3 Months,No,No,44.96938775510204,Medium Loyalty,Mixed Behavior
3705,68,Female,Missouri,61,36,Sunglasses,Accessories,L,Black,Winter,4.0,No,Store Pickup,Credit Card,Quarterly,No,No,41.92857142857142,Medium Loyalty,Mixed Behavior
3706,28,Female,Colorado,65,2,Skirt,Clothing,L,Teal,Summer,3.2,No,Free Shipping,Debit Card,Annually,No,No,26.11224489795918,Low Loyalty,"At Risk (Low Value, No Discounts)"
3707,26,Female,Kansas,55,17,Sandals,Footwear,M,Green,Spring,4.0,No,Store Pickup,Cash,Bi-Weekly,No,No,27.29591836734694,Low Loyalty,"At Risk (Low Value, No Discounts)"
3708,35,Female,Illinois,79,19,Gloves,Accessories,M,Gold,Fall,3.4,No,2-Day Shipping,Venmo,Weekly,No,No,50.52040816326531,Medium Loyalty,Mixed Behavior
3709,40,Female,South Carolina,96,41,Hoodie,Clothing,M,Red,Fall,4.9,No,Express,PayPal,Monthly,No,No,68.48979591836735,High Loyalty,Genuinely Loyal (No Discounts Needed)
3710,31,Female,Utah,43,27,Socks,Clothing,M,Silver,Fall,3.6,No,Free Shipping,PayPal,Quarterly,No,No,27.418367346938773,Low Loyalty,"At Risk (Low Value, No Discounts)"
3711,60,Female,Hawaii,40,32,Jewelry,Accessories,M,Yellow,Summer,3.6,No,2-Day Shipping,Bank Transfer,Fortnightly,No,No,36.97959183673469,Medium Loyalty,Mixed Behavior
3712,69,Female,Texas,62,33,Hat,Accessories,XL,Peach,Fall,3.2,No,Free Shipping,Cash,Annually,No,No,43.59183673469388,Medium Loyalty,Mixed Behavior
3713,51,Female,Oregon,72,24,Blouse,Clothing,M,Turquoise,Spring,3.7,No,2-Day Shipping,PayPal,Quarterly,No,No,40.08163265306123,Medium Loyalty,Mixed Behavior
3714,49,Female,Arizona,87,31,Shoes,Footwear,M,Peach,Spring,2.6,No,Express,Debit Card,Every 3 Months,No,No,51.86734693877552,Medium Loyalty,Mixed Behavior
3715,18,Female,New York,31,35,Hat,Accessories,S,Peach,Winter,3.9,No,Express,Credit Card,Weekly,No,No,36.316326530612244,Medium Loyalty,Mixed Behavior
3716,63,Female,Nebraska,34,2,Sunglasses,Accessories,S,Orange,Fall,3.4,No,Free Shipping,Bank Transfer,Monthly,No,No,13.612244897959187,Low Loyalty,"At Risk (Low Value, No Discounts)"
3717,57,Female,Vermont,53,42,Shirt,Clothing,M,Charcoal,Fall,3.4,No,Next Day Air,Debit Card,Every 3 Months,No,No,41.60204081632653,Medium Loyalty,Mixed Behavior
3718,45,Female,Maryland,85,47,T-shirt,Clothing,XL,White,Summer,4.2,No,Express,Bank Transfer,Every 3 Months,No,No,60.66326530612245,High Loyalty,Genuinely Loyal (No Discounts Needed)
3719,36,Female,Tennessee,50,44,Pants,Clothing,L,Turquoise,Fall,2.9,No,Standard,Bank Transfer,Bi-Weekly,No,No,41.326530612244895,Medium Loyalty,Mixed Behavior
3720,20,Female,Pennsylvania,91,8,Pants,Clothing,M,Red,Summer,4.1,No,Free Shipping,Bank Transfer,Every 3 Months,No,No,39.785714285714285,Medium Loyalty,Mixed Behavior
3721,21,Female,South Carolina,56,13,Hat,Accessories,M,Peach,Fall,3.6,No,Free Shipping,Credit Card,Quarterly,No,No,25.346938775510207,Low Loyalty,"At Risk (Low Value, No Discounts)"
3722,62,Female,Connecticut,60,10,Coat,Outerwear,L,Pink,Fall,4.0,No,Next Day Air,Cash,Annually,No,No,28.51020408163265,Low Loyalty,"At Risk (Low Value, No Discounts)"
3723,23,Female,Kentucky,34,1,Jacket,Outerwear,XL,Yellow,Fall,4.0,No,Standard,Credit Card,Fortnightly,No,No,15.000000000000002,Low Loyalty,"At Risk (Low Value, No Discounts)"
3724,26,Female,Rhode Island,30,1,Sandals,Footwear,M,Beige,Spring,3.6,No,Free Shipping,Debit Card,Monthly,No,No,11.0,Low Loyalty,"At Risk (Low Value, No Discounts)"
3725,30,Female,Colorado,71,18,Gloves,Accessories,L,Green,Winter,3.1,No,Express,Bank Transfer,Annually,No,No,38.90816326530613,Medium Loyalty,Mixed Behavior
3726,18,Female,Oklahoma,100,2,Dress,Clothing,S,Turquoise,Winter,4.4,No,Next Day Air,PayPal,Annually,No,No,43.61224489795919,Medium Loyalty,Mixed Behavior
3727,47,Female,Idaho,85,36,Belt,Accessories,XL,Orange,Fall,4.3,No,Next Day Air,Debit Card,Every 3 Months,No,No,53.92857142857142,High Loyalty,Genuinely Loyal (No Discounts Needed)
3728,41,Female,Maine,83,17,Socks,Clothing,M,Gold,Summer,3.5,No,Next Day Air,Debit Card,Bi-Weekly,No,No,41.29591836734694,Medium Loyalty,Mixed Behavior
3729,62,Female,Vermont,31,1,Jacket,Outerwear,L,Red,Winter,3.0,No,Standard,Debit Card,Annually,No,No,8.5,Low Loyalty,"At Risk (Low Value, No Discounts)"
3730,28,Female,Rhode Island,82,50,Boots,Footwear,M,Teal,Spring,4.7,No,2-Day Shipping,Cash,Quarterly,No,No,61.00000000000001,High Loyalty,Genuinely Loyal (No Discounts Needed)
3731,46,Female,Florida,79,3,Shirt,Clothing,M,Teal,Summer,2.5,No,2-Day Shipping,Credit Card,Bi-Weekly,No,No,30.72448979591837,Low Loyalty,"At Risk (Low Value, No Discounts)"
3732,54,Female,West Virginia,62,45,Hat,Accessories,M,Lavender,Spring,3.1,No,2-Day Shipping,PayPal,Quarterly,No,No,47.93877551020408,Medium Loyalty,Mixed Behavior
3733,36,Female,Indiana,92,28,Shoes,Footwear,L,Pink,Spring,3.3,No,Free Shipping,PayPal,Annually,No,No,55.530612244897966,High Loyalty,Genuinely Loyal (No Discounts Needed)
3734,25,Female,Illinois,58,6,Socks,Clothing,M,Maroon,Fall,4.7,No,Next Day Air,Debit Card,Every 3 Months,No,No,22.061224489795926,Low Loyalty,"At Risk (Low Value, No Discounts)"
3735,38,Female,California,88,33,Hoodie,Clothing,M,Beige,Spring,3.4,No,Next Day Air,Debit Card,Every 3 Months,No,No,53.591836734693885,High Loyalty,Genuinely Loyal (No Discounts Needed)
3736,38,Female,Massachusetts,44,29,Sandals,Footwear,L,Orange,Spring,3.1,No,2-Day Shipping,PayPal,Annually,No,No,32.14285714285714,Low Loyalty,"At Risk (Low Value, No Discounts)"
3737,42,Female,Idaho,56,2,Jeans,Clothing,M,Red,Spring,4.6,No,Store Pickup,PayPal,Every 3 Months,No,No,18.612244897959187,Low Loyalty,"At Risk (Low Value, No Discounts)"
3738,19,Female,Kentucky,23,43,Jewelry,Accessories,S,Maroon,Winter,4.9,No,Free Shipping,PayPal,Bi-Weekly,No,No,27.21428571428571,Low Loyalty,"At Risk (Low Value, No Discounts)"
3739,34,Female,Delaware,45,48,Shorts,Clothing,M,Brown,Spring,2.7,No,Free Shipping,Cash,Fortnightly,No,No,49.27551020408163,Medium Loyalty,Mixed Behavior
3740,38,Female,Idaho,31,43,Sunglasses,Accessories,M,Olive,Fall,4.2,No,Free Shipping,Credit Card,Weekly,No,No,41.214285714285715,Medium Loyalty,Mixed Behavior
3741,42,Female,Virginia,96,26,Pants,Clothing,M,Silver,Summer,2.6,No,Store Pickup,Debit Card,Bi-Weekly,No,No,53.3061224489796,Medium Loyalty,Mixed Behavior
3742,58,Female,Arizona,96,26,Shirt,Clothing,M,Purple,Spring,3.2,No,2-Day Shipping,Debit Card,Bi-Weekly,No,No,53.3061224489796,Medium Loyalty,Mixed Behavior
3743,56,Female,Maryland,80,50,Shirt,Clothing,M,Gray,Fall,4.4,No,Standard,Credit Card,Bi-Weekly,No,No,60.00000000000001,High Loyalty,Genuinely Loyal (No Discounts Needed)
3744,62,Female,Idaho,28,36,Pants,Clothing,L,Cyan,Fall,3.6,No,Free Shipping,Debit Card,Quarterly,No,No,25.428571428571427,Low Loyalty,"At Risk (Low Value, No Discounts)"
3745,24,Female,New Jersey,51,26,Hoodie,Clothing,M,Gray,Summer,2.7,No,Next Day Air,Bank Transfer,Fortnightly,No,No,38.80612244897959,Medium Loyalty,Mixed Behavior
3746,60,Female,Washington,41,2,Socks,Clothing,L,Gold,Spring,4.3,No,Express,Debit Card,Monthly,No,No,17.11224489795919,Low Loyalty,"At Risk (Low Value, No Discounts)"
3747,53,Female,Idaho,99,49,Coat,Outerwear,XL,Cyan,Summer,2.6,No,Next Day Air,PayPal,Monthly,No,No,74.88775510204081,High Loyalty,Genuinely Loyal (No Discounts Needed)
3748,26,Female,Rhode Island,53,32,Sweater,Clothing,L,Olive,Spring,4.3,No,Store Pickup,Bank Transfer,Bi-Weekly,No,No,35.47959183673469,Medium Loyalty,Mixed Behavior
3749,34,Female,Delaware,25,3,Backpack,Accessories,M,Violet,Fall,3.9,No,2-Day Shipping,Venmo,Annually,No,No,6.724489795918368,Low Loyalty,"At Risk (Low Value, No Discounts)"
3750,24,Female,Alaska,95,38,Blouse,Clothing,L,Yellow,Winter,2.9,No,2-Day Shipping,Venmo,Every 3 Months,No,No,60.15306122448979,High Loyalty,Genuinely Loyal (No Discounts Needed)
3751,42,Female,Arizona,88,5,Hoodie,Clothing,M,Gold,Fall,3.1,No,Free Shipping,PayPal,Monthly,No,No,42.448979591836746,Medium Loyalty,Mixed Behavior
3752,36,Female,Alabama,97,8,Jewelry,Accessories,S,Silver,Fall,4.2,No,Free Shipping,Credit Card,Every 3 Months,No,No,42.78571428571429,Medium Loyalty,Mixed Behavior
3753,24,Female,Washington,81,43,Coat,Outerwear,L,Pink,Winter,4.1,No,2-Day Shipping,Venmo,Weekly,No,No,66.21428571428571,High Loyalty,Genuinely Loyal (No Discounts Needed)
3754,39,Female,Louisiana,26,22,Sunglasses,Accessories,S,Turquoise,Winter,4.2,No,Next Day Air,Bank Transfer,Fortnightly,No,No,23.857142857142854,Low Loyalty,"At Risk (Low Value, No Discounts)"
3755,46,Female,Nebraska,41,10,Shoes,Footwear,M,Turquoise,Summer,4.4,No,Express,Cash,Every 3 Months,No,No,16.010204081632658,Low Loyalty,"At Risk (Low Value, No Discounts)"
3756,64,Female,Pennsylvania,93,26,Skirt,Clothing,M,Peach,Fall,3.4,No,Free Shipping,Credit Card,Monthly,No,No,57.8061224489796,High Loyalty,Genuinely Loyal (No Discounts Needed)
3757,64,Female,South Carolina,69,42,Skirt,Clothing,L,Teal,Spring,4.8,No,Express,Debit Card,Bi-Weekly,No,No,49.60204081632653,Medium Loyalty,Mixed Behavior
3758,61,Female,California,44,33,Skirt,Clothing,L,Red,Fall,4.5,No,2-Day Shipping,Cash,Weekly,No,No,41.59183673469388,Medium Loyalty,Mixed Behavior
3759,61,Female,Indiana,54,23,Sandals,Footwear,S,Black,Spring,2.7,No,Store Pickup,Bank Transfer,Quarterly,No,No,30.46938775510204,Low Loyalty,"At Risk (Low Value, No Discounts)"
3760,44,Female,Missouri,61,30,Sneakers,Footwear,M,Pink,Spring,3.5,No,Store Pickup,Venmo,Quarterly,No,No,38.255102040816325,Medium Loyalty,Mixed Behavior
3761,65,Female,Connecticut,80,36,Socks,Clothing,M,Peach,Fall,3.1,No,Next Day Air,PayPal,Weekly,No,No,61.42857142857142,High Loyalty,Genuinely Loyal (No Discounts Needed)
3762,60,Female,Nevada,30,3,Backpack,Accessories,M,Green,Summer,2.8,No,Next Day Air,Venmo,Every 3 Months,No,No,6.224489795918368,Low Loyalty,"At Risk (Low Value, No Discounts)"
3763,65,Female,New York,94,13,Shorts,Clothing,L,Green,Fall,2.9,No,Store Pickup,PayPal,Annually,No,No,47.3469387755102,Medium Loyalty,Mixed Behavior
3764,27,Female,Oklahoma,24,38,Shirt,Clothing,XL,Red,Winter,4.5,No,Standard,Cash,Every 3 Months,No,No,24.653061224489793,Low Loyalty,"At Risk (Low Value, No Discounts)"
3765,36,Female,South Dakota,21,19,Socks,Clothing,M,Maroon,Fall,3.5,No,Next Day Air,Venmo,Monthly,No,No,17.520408163265305,Low Loyalty,"At Risk (Low Value, No Discounts)"
3766,22,Female,Missouri,52,14,Jewelry,Accessories,M,Green,Summer,4.3,No,Standard,Bank Transfer,Bi-Weekly,No,No,23.95918367346939,Low Loyalty,"At Risk (Low Value, No Discounts)"
3767,62,Female,Texas,59,43,Handbag,Accessories,M,Black,Fall,4.9,No,Next Day Air,Debit Card,Annually,No,No,48.21428571428572,Medium Loyalty,Mixed Behavior
3768,59,Female,New York,51,10,Shorts,Clothing,XL,Black,Summer,3.1,No,Free Shipping,Bank Transfer,Fortnightly,No,No,29.010204081632658,Low Loyalty,"At Risk (Low Value, No Discounts)"
3769,50,Female,Vermont,35,34,Sweater,Clothing,M,Yellow,Winter,4.0,No,Free Shipping,Bank Transfer,Quarterly,No,No,27.70408163265306,Low Loyalty,"At Risk (Low Value, No Discounts)"
3770,51,Female,Arizona,87,31,Gloves,Accessories,L,Green,Summer,3.6,No,Standard,Venmo,Annually,No,No,54.86734693877552,High Loyalty,Genuinely Loyal (No Discounts Needed)
3771,23,Female,Montana,42,34,Pants,Clothing,L,Black,Summer,4.0,No,Store Pickup,Bank Transfer,Weekly,No,No,41.20408163265306,Medium Loyalty,Mixed Behavior
3772,21,Female,Oklahoma,86,28,T-shirt,Clothing,M,Red,Winter,2.6,No,Express,Venmo,Bi-Weekly,No,No,49.53061224489796,Medium Loyalty,Mixed Behavior
3773,44,Female,New Hampshire,26,35,Pants,Clothing,L,Yellow,Fall,3.1,No,Next Day Air,Cash,Annually,No,No,26.816326530612244,Low Loyalty,"At Risk (Low Value, No Discounts)"
3774,25,Female,Wisconsin,60,41,Sweater,Clothing,M,Violet,Summer,3.5,No,Store Pickup,Cash,Quarterly,No,No,44.48979591836735,Medium Loyalty,Mixed Behavior
3775,57,Female,Alaska,83,48,Gloves,Accessories,S,Cyan,Winter,3.9,No,Standard,PayPal,Fortnightly,No,No,68.27551020408164,High Loyalty,Genuinely Loyal (No Discounts Needed)
3776,41,Female,South Dakota,63,45,Belt,Accessories,S,Pink,Spring,2.7,No,2-Day Shipping,Cash,Quarterly,No,No,48.43877551020408,Medium Loyalty,Mixed Behavior
3777,19,Female,Alaska,25,10,Sneakers,Footwear,L,Olive,Spring,4.1,No,Standard,Credit Card,Fortnightly,No,No,16.010204081632654,Low Loyalty,"At Risk (Low Value, No Discounts)"
3778,43,Female,Utah,65,9,Shorts,Clothing,M,Maroon,Fall,4.3,No,Express,Cash,Weekly,No,No,37.39795918367347,Medium Loyalty,Mixed Behavior
3779,25,Female,South Dakota,60,30,Sneakers,Footwear,M,Cyan,Fall,2.9,No,Free Shipping,Debit Card,Annually,No,No,40.755102040816325,Medium Loyalty,Mixed Behavior
3780,60,Female,California,75,45,Jeans,Clothing,XL,Lavender,Spring,4.0,No,Express,PayPal,Annually,No,No,57.43877551020409,High Loyalty,Genuinely Loyal (No Discounts Needed)
3781,54,Female,Mississippi,57,41,Sneakers,Footwear,L,Yellow,Fall,4.1,No,Free Shipping,Venmo,Quarterly,No,No,42.98979591836735,Medium Loyalty,Mixed Behavior
3782,52,Female,Tennessee,99,40,Boots,Footwear,M,Pink,Winter,3.7,No,Standard,PayPal,Fortnightly,No,No,71.37755102040816,High Loyalty,Genuinely Loyal (No Discounts Needed)
3783,40,Female,Alabama,45,42,Jacket,Outerwear,L,Orange,Spring,2.8,No,Free Shipping,PayPal,Fortnightly,No,No,45.60204081632653,Medium Loyalty,Mixed Behavior
3784,39,Female,Maine,66,17,Gloves,Accessories,XL,Orange,Summer,3.2,No,Free Shipping,Debit Card,Fortnightly,No,No,40.79591836734694,Medium Loyalty,Mixed Behavior
3785,54,Female,Virginia,53,4,Socks,Clothing,M,Violet,Winter,4.5,No,Next Day Air,Venmo,Annually,No,No,21.336734693877553,Low Loyalty,"At Risk (Low Value, No Discounts)"
3786,64,Female,New Hampshire,94,6,Jeans,Clothing,L,Lavender,Winter,3.8,No,Standard,Cash,Monthly,No,No,46.06122448979592,Medium Loyalty,Mixed Behavior
3787,31,Female,Tennessee,47,22,Boots,Footwear,L,Yellow,Fall,3.6,No,2-Day Shipping,Venmo,Weekly,No,No,36.357142857142854,Medium Loyalty,Mixed Behavior
3788,37,Female,New York,80,46,Blouse,Clothing,M,Pink,Fall,3.6,No,2-Day Shipping,PayPal,Every 3 Months,No,No,57.55102040816327,High Loyalty,Genuinely Loyal (No Discounts Needed)
3789,43,Female,Kansas,65,27,Hat,Accessories,XL,Teal,Spring,3.2,No,Next Day Air,Debit Card,Monthly,No,No,44.41836734693877,Medium Loyalty,Mixed Behavior
3790,56,Female,North Dakota,75,18,Shirt,Clothing,M,Magenta,Summer,3.8,No,Express,Bank Transfer,Every 3 Months,No,No,37.90816326530612,Medium Loyalty,Mixed Behavior
3791,27,Female,Alaska,45,31,Handbag,Accessories,XL,Beige,Summer,4.4,No,Standard,Credit Card,Weekly,No,No,40.867346938775505,Medium Loyalty,Mixed Behavior
3792,40,Female,Texas,51,1,Sunglasses,Accessories,M,Gray,Spring,3.7,No,Store Pickup,Venmo,Weekly,No,No,25.5,Low Loyalty,"At Risk (Low Value, No Discounts)"
3793,43,Female,Massachusetts,58,2,Scarf,Accessories,S,Turquoise,Summer,2.6,No,Express,PayPal,Fortnightly,No,No,27.612244897959194,Low Loyalty,"At Risk (Low Value, No Discounts)"
3794,62,Female,Delaware,20,46,Sunglasses,Accessories,M,Pink,Fall,4.0,No,Standard,Bank Transfer,Annually,No,No,30.551020408163264,Low Loyalty,"At Risk (Low Value, No Discounts)"
3795,44,Female,South Dakota,82,27,Scarf,Accessories,M,Violet,Summer,3.6,No,2-Day Shipping,Venmo,Weekly,No,No,56.91836734693878,High Loyalty,Genuinely Loyal (No Discounts Needed)
3796,45,Female,Arkansas,92,3,Gloves,Accessories,M,Charcoal,Spring,2.5,No,Express,Cash,Weekly,No,No,47.22448979591838,Medium Loyalty,Mixed Behavior
3797,40,Female,Utah,81,47,Shorts,Clothing,M,Lavender,Fall,3.2,No,Free Shipping,Bank Transfer,Quarterly,No,No,58.66326530612245,High Loyalty,Genuinely Loyal (No Discounts Needed)
3798,68,Female,California,44,20,Sunglasses,Accessories,M,Gray,Summer,2.5,No,Next Day Air,Cash,Quarterly,No,No,23.63265306122449,Low Loyalty,"At Risk (Low Value, No Discounts)"
3799,63,Female,Rhode Island,72,23,Jewelry,Accessories,S,Brown,Winter,3.2,No,Next Day Air,Credit Card,Annually,No,No,42.46938775510204,Medium Loyalty,Mixed Behavior
3800,60,Female,Oklahoma,26,13,Jacket,Outerwear,L,Violet,Winter,2.6,No,Store Pickup,Credit Card,Monthly,No,No,16.346938775510203,Low Loyalty,"At Risk (Low Value, No Discounts)"
3801,19,Female,Vermont,26,12,Sweater,Clothing,M,Turquoise,Fall,4.8,No,Next Day Air,Venmo,Bi-Weekly,No,No,9.73469387755102,Low Loyalty,"At Risk (Low Value, No Discounts)"
3802,26,Female,Kentucky,84,36,Blouse,Clothing,M,Peach,Spring,5.0,No,Store Pickup,PayPal,Fortnightly,No,No,61.42857142857143,High Loyalty,Genuinely Loyal (No Discounts Needed)
3803,70,Female,Illinois,72,1,Scarf,Accessories,S,Turquoise,Spring,3.2,No,2-Day Shipping,Bank Transfer,Monthly,No,No,32.0,Low Loyalty,"At Risk (Low Value, No Discounts)"
3804,48,Female,Connecticut,55,14,Handbag,Accessories,M,Violet,Spring,3.6,No,Standard,Debit Card,Weekly,No,No,35.45918367346938,Medium Loyalty,Mixed Behavior
3805,37,Female,Florida,77,45,Hat,Accessories,M,Olive,Fall,2.7,No,2-Day Shipping,Cash,Annually,No,No,58.43877551020409,High Loyalty,Genuinely Loyal (No Discounts Needed)
3806,48,Female,New Jersey,57,31,Scarf,Accessories,M,Green,Fall,3.1,No,Standard,Credit Card,Quarterly,No,No,36.867346938775505,Medium Loyalty,Mixed Behavior
3807,18,Female,Missouri,71,41,Boots,Footwear,M,Teal,Spring,3.0,No,Standard,PayPal,Weekly,No,No,59.98979591836735,High Loyalty,Genuinely Loyal (No Discounts Needed)
3808,38,Female,Michigan,39,36,Blouse,Clothing,L,Peach,Spring,2.9,No,Next Day Air,PayPal,Annually,No,No,33.92857142857143,Medium Loyalty,Mixed Behavior
3809,33,Female,Washington,28,6,Socks,Clothing,M,Pink,Winter,4.7,No,Express,Debit Card,Bi-Weekly,No,No,7.0612244897959195,Low Loyalty,"At Risk (Low Value, No Discounts)"
3810,57,Female,New York,33,28,Shoes,Footwear,S,Maroon,Winter,3.7,No,Standard,Credit Card,Annually,No,No,26.030612244897956,Low Loyalty,"At Risk (Low Value, No Discounts)"
3811,46,Female,Wisconsin,79,29,Skirt,Clothing,L,Peach,Fall,3.9,No,Free Shipping,Venmo,Monthly,No,No,52.642857142857146,Medium Loyalty,Mixed Behavior
3812,46,Female,Idaho,30,14,Belt,Accessories,M,Maroon,Winter,4.0,No,Standard,Cash,Monthly,No,No,18.959183673469386,Low Loyalty,"At Risk (Low Value, No Discounts)"
3813,50,Female,Michigan,75,7,Skirt,Clothing,M,Pink,Spring,2.8,No,Next Day Air,Bank Transfer,Every 3 Months,No,No,31.173469387755105,Low Loyalty,"At Risk (Low Value, No Discounts)"
3814,61,Female,Georgia,89,31,Pants,Clothing,M,Orange,Summer,4.1,No,Express,Venmo,Bi-Weekly,No,No,52.867346938775505,Medium Loyalty,Mixed Behavior
3815,45,Female,Michigan,95,26,Dress,Clothing,M,Orange,Winter,4.2,No,Free Shipping,Bank Transfer,Every 3 Months,No,No,52.806122448979586,Medium Loyalty,Mixed Behavior
3816,32,Female,Maine,44,12,Hat,Accessories,M,Brown,Fall,4.3,No,Express,Venmo,Fortnightly,No,No,26.734693877551024,Low Loyalty,"At Risk (Low Value, No Discounts)"
3817,29,Female,Maryland,86,45,Coat,Outerwear,S,Silver,Summer,4.3,No,Store Pickup,Credit Card,Fortnightly,No,No,67.93877551020408,High Loyalty,Genuinely Loyal (No Discounts Needed)
3818,66,Female,Missouri,91,40,Scarf,Accessories,M,Magenta,Fall,2.6,No,Express,PayPal,Annually,No,No,62.37755102040816,High Loyalty,Genuinely Loyal (No Discounts Needed)
3819,70,Female,Oregon,41,42,Sneakers,Footwear,XL,Indigo,Winter,3.8,No,Free Shipping,Cash,Monthly,No,No,41.60204081632653,Medium Loyalty,Mixed Behavior
3820,36,Female,Arkansas,99,45,Pants,Clothing,S,Gold,Spring,2.9,No,Express,Cash,Quarterly,No,No,66.43877551020407,High Loyalty,Genuinely Loyal (No Discounts Needed)
3821,34,Female,New Hampshire,65,34,Belt,Accessories,M,Purple,Winter,5.0,No,Standard,Debit Card,Quarterly,No,No,42.70408163265306,Medium Loyalty,Mixed Behavior
3822,20,Female,Oregon,48,34,Sneakers,Footwear,M,Gold,Summer,4.6,No,Free Shipping,Credit Card,Every 3 Months,No,No,34.20408163265306,Medium Loyalty,Mixed Behavior
3823,70,Female,Kansas,41,17,Hat,Accessories,S,Gold,Spring,3.2,No,Free Shipping,PayPal,Every 3 Months,No,No,20.295918367346943,Low Loyalty,"At Risk (Low Value, No Discounts)"
3824,50,Female,California,42,27,Shirt,Clothing,M,Gold,Summer,3.0,No,Standard,Bank Transfer,Weekly,No,No,36.91836734693877,Medium Loyalty,Mixed Behavior
3825,54,Female,Georgia,26,31,Shorts,Clothing,M,Olive,Summer,4.0,No,Free Shipping,Credit Card,Quarterly,No,No,21.367346938775505,Low Loyalty,"At Risk (Low Value, No Discounts)"
3826,49,Female,Hawaii,35,47,Shorts,Clothing,L,Green,Fall,4.1,No,Express,Debit Card,Fortnightly,No,No,43.66326530612245,Medium Loyalty,Mixed Behavior
3827,50,Female,Montana,31,25,Jacket,Outerwear,M,Gray,Summer,4.0,No,Express,Bank Transfer,Annually,No,No,23.193877551020407,Low Loyalty,"At Risk (Low Value, No Discounts)"
3828,62,Female,Montana,73,47,Jewelry,Accessories,M,Red,Summer,4.1,No,Standard,Cash,Fortnightly,No,No,62.663265306122454,High Loyalty,Genuinely Loyal (No Discounts Needed)
3829,42,Female,Mississippi,82,8,Blouse,Clothing,M,Charcoal,Spring,3.4,No,Free Shipping,Cash,Weekly,No,No,45.2857142857143,Medium Loyalty,Mixed Behavior
3830,69,Female,Washington,32,32,Pants,Clothing,M,Indigo,Spring,2.9,No,Free Shipping,Debit Card,Fortnightly,No,No,32.9795918367347,Low Loyalty,"At Risk (Low Value, No Discounts)"
3831,22,Female,Pennsylvania,27,33,Hat,Accessories,M,Indigo,Summer,3.0,No,2-Day Shipping,Bank Transfer,Every 3 Months,No,No,23.091836734693878,Low Loyalty,"At Risk (Low Value, No Discounts)"
3832,36,Female,Nevada,86,16,Backpack,Accessories,L,Silver,Spring,4.0,No,Next Day Air,Debit Card,Every 3 Months,No,No,42.183673469387756,Medium Loyalty,Mixed Behavior
3833,64,Female,Kansas,38,27,Boots,Footwear,XL,Purple,Winter,4.8,No,2-Day Shipping,Cash,Weekly,No,No,34.91836734693877,Medium Loyalty,Mixed Behavior
3834,44,Female,Arizona,93,17,Jacket,Outerwear,L,Gray,Summer,4.6,No,Free Shipping,PayPal,Every 3 Months,No,No,46.29591836734694,Medium Loyalty,Mixed Behavior
3835,43,Female,Tennessee,59,17,Hoodie,Clothing,M,Magenta,Winter,4.1,No,2-Day Shipping,Cash,Quarterly,No,No,29.29591836734694,Low Loyalty,"At Risk (Low Value, No Discounts)"
3836,58,Female,Pennsylvania,58,28,Sandals,Footwear,L,Silver,Winter,2.6,No,Express,PayPal,Bi-Weekly,No,No,35.530612244897966,Medium Loyalty,Mixed Behavior
3837,62,Female,Alaska,84,38,Skirt,Clothing,M,Violet,Spring,2.5,No,Free Shipping,PayPal,Fortnightly,No,No,62.65306122448979,High Loyalty,Genuinely Loyal (No Discounts Needed)
3838,45,Female,New Mexico,100,33,Hoodie,Clothing,M,Green,Spring,4.8,No,Free Shipping,Bank Transfer,Fortnightly,No,No,67.59183673469389,High Loyalty,Genuinely Loyal (No Discounts Needed)
3839,47,Female,Rhode Island,25,24,Dress,Clothing,L,Green,Summer,4.2,No,Express,Venmo,Every 3 Months,No,No,16.581632653061224,Low Loyalty,"At Risk (Low Value, No Discounts)"
3840,66,Female,Connecticut,29,14,Sandals,Footwear,M,Peach,Spring,3.9,No,Free Shipping,Venmo,Quarterly,No,No,12.459183673469386,Low Loyalty,"At Risk (Low Value, No Discounts)"
3841,30,Female,Idaho,42,5,Jeans,Clothing,M,Turquoise,Spring,3.7,No,Express,Venmo,Fortnightly,No,No,21.448979591836736,Low Loyalty,"At Risk (Low Value, No Discounts)"
3842,68,Female,Mississippi,57,8,Jeans,Clothing,L,Pink,Fall,4.2,No,2-Day Shipping,Bank Transfer,Monthly,No,No,28.78571428571429,Low Loyalty,"At Risk (Low Value, No Discounts)"
3843,35,Female,Colorado,84,42,Jacket,Outerwear,L,Lavender,Winter,4.2,No,Next Day Air,Debit Card,Monthly,No,No,63.102040816326536,High Loyalty,Genuinely Loyal (No Discounts Needed)
3844,64,Female,Georgia,71,48,Hat,Accessories,L,Silver,Winter,4.0,No,Free Shipping,Venmo,Every 3 Months,No,No,54.275510204081634,High Loyalty,Genuinely Loyal (No Discounts Needed)
3845,30,Female,Montana,87,40,Shorts,Clothing,S,Cyan,Fall,5.0,No,Next Day Air,Venmo,Quarterly,No,No,57.37755102040817,High Loyalty,Genuinely Loyal (No Discounts Needed)
3846,58,Female,California,52,46,Sweater,Clothing,M,Green,Winter,4.9,No,Standard,Venmo,Annually,No,No,46.55102040816327,Medium Loyalty,Mixed Behavior
3847,57,Female,Pennsylvania,58,40,Blouse,Clothing,L,Orange,Summer,4.0,No,Express,PayPal,Every 3 Months,No,No,42.87755102040817,Medium Loyalty,Mixed Behavior
3848,60,Female,Delaware,34,31,Sweater,Clothing,S,Blue,Fall,3.2,No,2-Day Shipping,PayPal,Fortnightly,No,No,33.36734693877551,Low Loyalty,"At Risk (Low Value, No Discounts)"
3849,22,Female,New Hampshire,60,39,Jewelry,Accessories,M,Magenta,Winter,3.0,No,Next Day Air,Cash,Every 3 Months,No,No,43.265306122448976,Medium Loyalty,Mixed Behavior
3850,46,Female,Florida,68,36,Hoodie,Clothing,S,Cyan,Winter,2.6,No,Express,PayPal,Fortnightly,No,No,53.42857142857142,Medium Loyalty,Mixed Behavior
3851,27,Female,Mississippi,74,25,Jewelry,Accessories,L,Indigo,Summer,4.4,No,2-Day Shipping,Debit Card,Every 3 Months,No,No,41.69387755102041,Medium Loyalty,Mixed Behavior
3852,50,Female,Montana,83,24,Scarf,Accessories,M,Pink,Summer,3.9,No,Free Shipping,Debit Card,Annually,No,No,48.581632653061234,Medium Loyalty,Mixed Behavior
3853,65,Female,Mississippi,79,19,Hat,Accessories,M,Peach,Fall,4.0,No,2-Day Shipping,PayPal,Weekly,No,No,50.52040816326531,Medium Loyalty,Mixed Behavior
3854,61,Female,Tennessee,76,49,Sunglasses,Accessories,M,Lavender,Fall,4.0,No,Store Pickup,Debit Card,Bi-Weekly,No,No,57.38775510204081,High Loyalty,Genuinely Loyal (No Discounts Needed)
3855,57,Female,Florida,20,4,T-shirt,Clothing,M,Black,Spring,4.2,No,Free Shipping,Venmo,Annually,No,No,4.836734693877551,Low Loyalty,"At Risk (Low Value, No Discounts)"
3856,40,Female,Illinois,61,36,Shirt,Clothing,XL,Lavender,Summer,4.4,No,Next Day Air,Cash,Quarterly,No,No,41.92857142857142,Medium Loyalty,Mixed Behavior
3857,39,Female,Virginia,78,8,Sandals,Footwear,S,Brown,Summer,2.5,No,Free Shipping,Debit Card,Quarterly,No,No,33.28571428571429,Low Loyalty,"At Risk (Low Value, No Discounts)"
3858,42,Female,Texas,21,29,Hat,Accessories,S,Yellow,Summer,3.1,No,Store Pickup,Credit Card,Every 3 Months,No,No,17.642857142857142,Low Loyalty,"At Risk (Low Value, No Discounts)"
3859,30,Female,Missouri,77,26,T-shirt,Clothing,M,Olive,Winter,3.5,No,Store Pickup,Credit Card,Quarterly,No,No,43.80612244897959,Medium Loyalty,Mixed Behavior
3860,65,Female,Mississippi,88,47,Shorts,Clothing,S,Blue,Fall,3.0,No,2-Day Shipping,Bank Transfer,Bi-Weekly,No,No,62.16326530612246,High Loyalty,Genuinely Loyal (No Discounts Needed)
3861,57,Female,Pennsylvania,64,44,Sunglasses,Accessories,M,Turquoise,Summer,4.4,No,Next Day Air,Cash,Annually,No,No,51.326530612244895,Medium Loyalty,Mixed Behavior
3862,64,Female,Wyoming,57,49,Jacket,Outerwear,M,Yellow,Spring,4.9,No,Standard,Credit Card,Monthly,No,No,53.88775510204083,High Loyalty,Genuinely Loyal (No Discounts Needed)
3863,56,Female,Idaho,49,9,Shirt,Clothing,L,Turquoise,Winter,2.8,No,Next Day Air,Venmo,Monthly,No,No,25.397959183673468,Low Loyalty,"At Risk (Low Value, No Discounts)"
3864,40,Female,New Hampshire,35,28,Scarf,Accessories,M,Orange,Summer,3.3,No,Free Shipping,Cash,Fortnightly,No,No,32.03061224489796,Low Loyalty,"At Risk (Low Value, No Discounts)"
3865,55,Female,Wyoming,99,1,T-shirt,Clothing,S,Blue,Winter,4.9,No,Express,Debit Card,Fortnightly,No,No,47.5,Medium Loyalty,Mixed Behavior
3866,25,Female,Nebraska,42,28,Shorts,Clothing,M,Olive,Spring,4.2,No,Store Pickup,Cash,Every 3 Months,No,No,27.530612244897956,Low Loyalty,"At Risk (Low Value, No Discounts)"
3867,58,Female,Alaska,32,33,Hat,Accessories,M,Beige,Winter,3.3,No,2-Day Shipping,Credit Card,Fortnightly,No,No,33.59183673469388,Low Loyalty,"At Risk (Low Value, No Discounts)"
3868,46,Female,Maryland,21,28,Jacket,Outerwear,L,Lavender,Summer,2.7,No,Standard,Credit Card,Monthly,No,No,23.03061224489796,Low Loyalty,"At Risk (Low Value, No Discounts)"
3869,18,Female,Maryland,29,9,Dress,Clothing,XL,Magenta,Winter,3.3,No,2-Day Shipping,Cash,Annually,No,No,12.397959183673471,Low Loyalty,"At Risk (Low Value, No Discounts)"
3870,26,Female,Arizona,64,28,Coat,Outerwear,L,Cyan,Spring,3.8,No,Free Shipping,Bank Transfer,Annually,No,No,41.53061224489796,Medium Loyalty,Mixed Behavior
3871,61,Female,Ohio,46,19,Sandals,Footwear,L,Lavender,Fall,3.2,No,Next Day Air,Cash,Every 3 Months,No,No,24.02040816326531,Low Loyalty,"At Risk (Low Value, No Discounts)"
3872,55,Female,Minnesota,97,20,T-shirt,Clothing,M,Black,Fall,4.1,No,2-Day Shipping,Bank Transfer,Every 3 Months,No,No,50.132653061224495,Medium Loyalty,Mixed Behavior
3873,41,Female,New Hampshire,94,3,Jacket,Outerwear,M,Green,Spring,4.3,No,Standard,Cash,Monthly,No,No,44.22448979591837,Medium Loyalty,Mixed Behavior
3874,42,Female,Louisiana,43,22,Sandals,Footwear,L,Silver,Summer,4.0,No,Standard,Credit Card,Weekly,No,No,34.357142857142854,Medium Loyalty,Mixed Behavior
3875,70,Female,Nevada,54,33,Sweater,Clothing,XL,Beige,Summer,3.9,No,2-Day Shipping,Credit Card,Bi-Weekly,No,No,36.591836734693885,Medium Loyalty,Mixed Behavior
3876,63,Female,New Hampshire,51,21,Hat,Accessories,M,Pink,Winter,3.3,No,2-Day Shipping,Credit Card,Annually,No,No,30.74489795918367,Low Loyalty,"At Risk (Low Value, No Discounts)"
3877,60,Female,Wisconsin,85,7,Shoes,Footwear,S,Cyan,Fall,2.6,No,2-Day Shipping,Cash,Annually,No,No,39.1734693877551,Medium Loyalty,Mixed Behavior
3878,28,Female,Nevada,96,46,Hoodie,Clothing,M,Olive,Spring,4.2,No,Next Day Air,Debit Card,Monthly,No,No,71.55102040816328,High Loyalty,Genuinely Loyal (No Discounts Needed)
3879,60,Female,South Carolina,42,24,Hat,Accessories,M,Pink,Summer,3.4,No,2-Day Shipping,Credit Card,Annually,No,No,28.081632653061227,Low Loyalty,"At Risk (Low Value, No Discounts)"
3880,26,Female,Florida,63,6,Skirt,Clothing,L,Maroon,Winter,4.1,No,Free Shipping,Debit Card,Quarterly,No,No,24.561224489795926,Low Loyalty,"At Risk (Low Value, No Discounts)"
3881,42,Female,Massachusetts,20,40,Shirt,Clothing,M,Red,Winter,3.9,No,Free Shipping,PayPal,Monthly,No,No,29.877551020408156,Low Loyalty,"At Risk (Low Value, No Discounts)"
3882,56,Female,Georgia,25,17,Scarf,Accessories,L,Silver,Spring,2.8,No,2-Day Shipping,Debit Card,Weekly,No,No,22.29591836734694,Low Loyalty,"At Risk (Low Value, No Discounts)"
3883,35,Female,North Dakota,95,24,Pants,Clothing,L,Blue,Fall,2.6,No,Free Shipping,Cash,Fortnightly,No,No,59.58163265306122,High Loyalty,Genuinely Loyal (No Discounts Needed)
3884,34,Female,North Dakota,38,22,Hat,Accessories,XL,Purple,Fall,4.0,No,Next Day Air,Cash,Fortnightly,No,No,29.85714285714286,Low Loyalty,"At Risk (Low Value, No Discounts)"
3885,47,Female,Maryland,29,3,Sandals,Footwear,M,Brown,Fall,4.9,No,Express,PayPal,Weekly,No,No,15.72448979591837,Low Loyalty,"At Risk (Low Value, No Discounts)"
3886,49,Female,New Mexico,64,39,Socks,Clothing,L,Purple,Winter,3.2,No,Free Shipping,Cash,Quarterly,No,No,45.265306122448976,Medium Loyalty,Mixed Behavior
3887,37,Female,Iowa,92,40,Jewelry,Accessories,S,Brown,Summer,3.9,No,Express,Debit Card,Quarterly,No,No,59.87755102040817,High Loyalty,Genuinely Loyal (No Discounts Needed)
3888,40,Female,Kansas,34,1,Shirt,Clothing,M,Charcoal,Spring,2.7,No,Express,Credit Card,Quarterly,No,No,7.000000000000002,Low Loyalty,"At Risk (Low Value, No Discounts)"
3889,45,Female,Virginia,69,14,Sneakers,Footwear,M,Violet,Spring,3.4,No,Standard,Venmo,Bi-Weekly,No,No,32.45918367346939,Low Loyalty,"At Risk (Low Value, No Discounts)"
3890,57,Female,Alaska,65,49,Dress,Clothing,S,Yellow,Spring,3.5,No,Express,Bank Transfer,Annually,No,No,54.88775510204081,High Loyalty,Genuinely Loyal (No Discounts Needed)
3891,35,Female,Nebraska,81,33,Shirt,Clothing,XL,Green,Winter,2.6,No,Standard,Debit Card,Annually,No,No,53.09183673469388,Medium Loyalty,Mixed Behavior
3892,36,Female,Colorado,30,6,Dress,Clothing,L,Peach,Winter,4.7,No,Free Shipping,Bank Transfer,Quarterly,No,No,8.061224489795919,Low Loyalty,"At Risk (Low Value, No Discounts)"
3893,35,Female,Michigan,86,5,Jewelry,Accessories,L,Indigo,Summer,3.5,No,Standard,PayPal,Fortnightly,No,No,43.44897959183674,Medium Loyalty,Mixed Behavior
3894,21,Female,Massachusetts,64,29,Hat,Accessories,L,White,Fall,3.3,No,Store Pickup,Bank Transfer,Bi-Weekly,No,No,39.142857142857146,Medium Loyalty,Mixed Behavior
3895,66,Female,Connecticut,78,44,Skirt,Clothing,L,White,Spring,3.9,No,2-Day Shipping,Credit Card,Every 3 Months,No,No,55.326530612244895,High Loyalty,Genuinely Loyal (No Discounts Needed)
3896,40,Female,Virginia,28,32,Hoodie,Clothing,L,Turquoise,Summer,4.2,No,2-Day Shipping,Venmo,Weekly,No,No,32.97959183673469,Low Loyalty,"At Risk (Low Value, No Discounts)"
3897,52,Female,Iowa,49,41,Backpack,Accessories,L,White,Spring,4.5,No,Store Pickup,Bank Transfer,Bi-Weekly,No,No,38.98979591836734,Medium Loyalty,Mixed Behavior
3898,46,Female,New Jersey,33,24,Belt,Accessories,L,Green,Spring,2.9,No,Standard,Venmo,Quarterly,No,No,20.581632653061227,Low Loyalty,"At Risk (Low Value, No Discounts)"
3899,44,Female,Minnesota,77,24,Shoes,Footwear,S,Brown,Summer,3.8,No,Express,Venmo,Weekly,No,No,52.58163265306123,Medium Loyalty,Mixed Behavior
3900,52,Female,California,81,33,Handbag,Accessories,M,Beige,Spring,3.1,No,Store Pickup,Venmo,Quarterly,No,No,50.09183673469387,Medium Loyalty,Mixed Behavior
